customer_id,recency,frequency,monetary,R_score,F_score,M_score,RFM_score,customer_segment
C02155,106,6,1280758.0,2,3,5,10,Loyal Customers
C18159,73,9,1262494.0,3,5,5,13,Champions
C18392,36,9,1235714.5,4,5,5,14,Champions
C10921,35,12,1184067.0,4,5,5,14,Champions
C15937,36,13,1152215.5,4,5,5,14,Champions
C18005,28,11,1148593.0,4,5,5,14,Champions
C01709,72,9,1138679.0,3,5,5,13,Champions
C13126,18,10,1133612.0,4,5,5,14,Champions
C14303,22,12,1127122.5,4,5,5,14,Champions
C11594,43,6,1122519.5,3,3,5,11,Loyal Customers
C08619,13,9,1120701.0,5,5,5,15,Champions
C02469,3,7,1107184.0,5,4,5,14,Champions
C08356,21,9,1095062.0,4,5,5,14,Champions
C19634,29,8,1094321.5,4,4,5,13,Champions
C17201,6,9,1090523.5,5,5,5,15,Champions
C11765,31,14,1071335.0,4,5,5,14,Champions
C12047,1,9,1071000.0,5,5,5,15,Champions
C05352,40,8,1070521.5,3,4,5,12,Loyal Customers
C16369,8,15,1064323.0,5,5,5,15,Champions
C11742,19,10,1058235.0,4,5,5,14,Champions
C15646,1,12,1055841.0,5,5,5,15,Champions
C10848,48,6,1052582.0,3,3,5,11,Loyal Customers
C15178,73,9,1027896.5,3,5,5,13,Champions
C19252,21,14,1000722.0,4,5,5,14,Champions
C07510,12,8,995485.0,5,4,5,14,Champions
C09680,20,9,994966.0,4,5,5,14,Champions
C03753,11,6,991721.0,5,3,5,13,Champions
C03379,82,10,981302.5,2,5,5,12,Loyal Customers
C05914,101,7,977348.5,2,4,5,11,Loyal Customers
C19576,80,11,960912.0,2,5,5,12,Loyal Customers
C04592,140,8,957671.0,2,4,5,11,Loyal Customers
C00173,28,7,955860.5,4,4,5,13,Champions
C14173,9,12,947881.5,5,5,5,15,Champions
C11960,65,6,941116.0,3,3,5,11,Loyal Customers
C00149,9,11,938538.5,5,5,5,15,Champions
C11472,51,6,934132.5,3,3,5,11,Loyal Customers
C05148,42,10,933410.5,3,5,5,13,Champions
C07893,50,10,931377.0,3,5,5,13,Champions
C19458,100,8,928847.0,2,4,5,11,Loyal Customers
C06067,7,11,928474.0,5,5,5,15,Champions
C18340,40,5,925521.5,3,3,5,11,Loyal Customers
C05706,32,9,917722.5,4,5,5,14,Champions
C11096,178,7,917060.0,2,4,5,11,Loyal Customers
C05072,4,10,911600.5,5,5,5,15,Champions
C15436,21,8,903750.0,4,4,5,13,Champions
C11637,52,10,903388.0,3,5,5,13,Champions
C18388,10,6,899170.0,5,3,5,13,Champions
C19708,1,7,895276.0,5,4,5,14,Champions
C08905,14,8,895245.5,5,4,5,14,Champions
C19771,35,8,894866.0,4,4,5,13,Champions
C01748,4,13,894703.5,5,5,5,15,Champions
C08218,58,12,892100.5,3,5,5,13,Champions
C16129,1,10,888418.5,5,5,5,15,Champions
C11681,2,8,885913.5,5,4,5,14,Champions
C16300,138,10,882062.0,2,5,5,12,Loyal Customers
C00005,30,7,881380.5,4,4,5,13,Champions
C03499,3,9,881263.5,5,5,5,15,Champions
C19815,1,12,881231.0,5,5,5,15,Champions
C07272,8,10,879291.5,5,5,5,15,Champions
C14991,5,8,877873.5,5,4,5,14,Champions
C15642,10,13,875817.0,5,5,5,15,Champions
C18635,25,6,875329.0,4,3,5,12,Loyal Customers
C18685,3,9,874866.0,5,5,5,15,Champions
C00546,41,9,872030.5,3,5,5,13,Champions
C10399,4,10,870974.5,5,5,5,15,Champions
C05173,1,14,868773.0,5,5,5,15,Champions
C11672,99,12,867656.0,2,5,5,12,Loyal Customers
C19828,1,7,866386.0,5,4,5,14,Champions
C11821,7,13,864153.0,5,5,5,15,Champions
C17751,19,9,863602.0,4,5,5,14,Champions
C04970,4,7,862521.5,5,4,5,14,Champions
C00897,26,10,861413.5,4,5,5,14,Champions
C19764,79,8,856017.0,3,4,5,12,Loyal Customers
C06294,1,10,855559.0,5,5,5,15,Champions
C04114,7,13,853768.0,5,5,5,15,Champions
C12558,30,9,851050.5,4,5,5,14,Champions
C19975,71,6,850662.0,3,3,5,11,Loyal Customers
C15612,20,11,849198.5,4,5,5,14,Champions
C09743,34,5,849034.5,4,3,5,12,Loyal Customers
C16792,16,7,846246.5,5,4,5,14,Champions
C00478,110,8,845176.5,2,4,5,11,Loyal Customers
C10638,13,8,845137.5,5,4,5,14,Champions
C10383,91,7,840239.0,2,4,5,11,Loyal Customers
C11780,39,8,838611.5,4,4,5,13,Champions
C01532,54,10,837855.5,3,5,5,13,Champions
C15232,77,7,836815.5,3,4,5,12,Loyal Customers
C12051,108,8,834050.0,2,4,5,11,Loyal Customers
C13136,7,11,832702.0,5,5,5,15,Champions
C14127,2,10,832682.0,5,5,5,15,Champions
C13304,131,8,831948.0,2,4,5,11,Loyal Customers
C05684,55,10,831585.5,3,5,5,13,Champions
C06734,26,7,830988.5,4,4,5,13,Champions
C07876,132,9,830415.5,2,5,5,12,Loyal Customers
C00556,31,11,830322.5,4,5,5,14,Champions
C11368,146,14,827544.0,2,5,5,12,Loyal Customers
C02207,5,13,825715.0,5,5,5,15,Champions
C17065,8,7,823323.0,5,4,5,14,Champions
C11938,38,9,823213.0,4,5,5,14,Champions
C00337,22,11,823189.0,4,5,5,14,Champions
C18861,16,7,822826.5,5,4,5,14,Champions
C04515,35,11,818404.5,4,5,5,14,Champions
C04834,43,11,817253.0,3,5,5,13,Champions
C04861,37,8,815629.0,4,4,5,13,Champions
C15225,13,9,812375.0,5,5,5,15,Champions
C18924,10,9,810800.5,5,5,5,15,Champions
C02160,4,12,810136.0,5,5,5,15,Champions
C15062,26,10,808720.5,4,5,5,14,Champions
C10909,125,8,808569.0,2,4,5,11,Loyal Customers
C01486,15,9,806731.0,5,5,5,15,Champions
C01683,53,9,806123.5,3,5,5,13,Champions
C18126,39,6,805993.0,4,3,5,12,Loyal Customers
C00957,46,6,805782.0,3,3,5,11,Loyal Customers
C06088,27,8,805407.0,4,4,5,13,Champions
C03969,5,6,805163.0,5,3,5,13,Champions
C07183,30,12,803733.5,4,5,5,14,Champions
C17067,14,5,802836.5,5,3,5,13,Champions
C13587,39,10,801882.5,4,5,5,14,Champions
C13144,87,8,801728.5,2,4,5,11,Loyal Customers
C00387,24,12,801281.0,4,5,5,14,Champions
C00151,32,8,800399.5,4,4,5,13,Champions
C02043,15,9,798726.0,5,5,5,15,Champions
C19692,8,10,798646.5,5,5,5,15,Champions
C04060,6,5,796364.5,5,3,5,13,Champions
C02673,32,6,796016.0,4,3,5,12,Loyal Customers
C11099,3,14,794827.5,5,5,5,15,Champions
C19584,11,11,794645.0,5,5,5,15,Champions
C01186,10,5,791918.0,5,3,5,13,Champions
C08425,126,8,789516.5,2,4,5,11,Loyal Customers
C12985,140,7,788797.5,2,4,5,11,Loyal Customers
C06112,20,7,788365.5,4,4,5,13,Champions
C07365,3,8,787421.5,5,4,5,14,Champions
C14350,129,6,786767.5,2,3,5,10,Loyal Customers
C01223,6,11,786520.0,5,5,5,15,Champions
C03580,8,7,785357.0,5,4,5,14,Champions
C14809,117,11,784898.0,2,5,5,12,Loyal Customers
C04646,2,7,784801.0,5,4,5,14,Champions
C10333,55,7,783436.5,3,4,5,12,Loyal Customers
C03535,115,6,783044.5,2,3,5,10,Loyal Customers
C00105,17,11,783043.0,5,5,5,15,Champions
C12961,26,10,780102.0,4,5,5,14,Champions
C18617,3,9,779837.0,5,5,5,15,Champions
C19214,100,11,779446.0,2,5,5,12,Loyal Customers
C04482,40,8,778665.5,3,4,5,12,Loyal Customers
C06883,27,9,777488.0,4,5,5,14,Champions
C15609,13,10,777254.0,5,5,5,15,Champions
C17482,21,11,776886.5,4,5,5,14,Champions
C15999,24,7,775723.5,4,4,5,13,Champions
C05147,8,8,774986.0,5,4,5,14,Champions
C02628,14,14,773890.0,5,5,5,15,Champions
C09909,1,4,773411.5,5,2,5,12,Loyal Customers
C03546,88,10,773184.5,2,5,5,12,Loyal Customers
C06749,12,8,772632.0,5,4,5,14,Champions
C11336,105,8,771556.0,2,4,5,11,Loyal Customers
C04770,22,10,770119.5,4,5,5,14,Champions
C00224,38,9,769684.0,4,5,5,14,Champions
C07885,67,14,769331.5,3,5,5,13,Champions
C06244,1,6,769142.0,5,3,5,13,Champions
C13105,103,9,768910.0,2,5,5,12,Loyal Customers
C04897,7,10,767406.0,5,5,5,15,Champions
C18608,2,5,766347.0,5,3,5,13,Champions
C09808,121,10,764915.5,2,5,5,12,Loyal Customers
C07591,10,6,763244.5,5,3,5,13,Champions
C05247,9,7,762661.0,5,4,5,14,Champions
C10525,10,6,761048.0,5,3,5,13,Champions
C02444,1,12,760480.5,5,5,5,15,Champions
C09486,15,13,760145.0,5,5,5,15,Champions
C18393,2,11,759492.0,5,5,5,15,Champions
C05097,1,9,758887.5,5,5,5,15,Champions
C16838,49,8,758711.5,3,4,5,12,Loyal Customers
C16458,11,9,758310.0,5,5,5,15,Champions
C17647,14,7,757442.0,5,4,5,14,Champions
C02136,35,9,757318.5,4,5,5,14,Champions
C10077,22,10,756941.5,4,5,5,14,Champions
C15509,175,7,756757.5,2,4,5,11,Loyal Customers
C01950,97,9,756295.0,2,5,5,12,Loyal Customers
C11136,9,7,755975.5,5,4,5,14,Champions
C07179,2,9,755466.0,5,5,5,15,Champions
C10927,5,9,755330.5,5,5,5,15,Champions
C07611,5,8,755228.5,5,4,5,14,Champions
C05240,61,9,754163.0,3,5,5,13,Champions
C01943,79,10,753247.0,3,5,5,13,Champions
C14879,158,8,752679.5,2,4,5,11,Loyal Customers
C11206,196,6,752597.5,1,3,5,9,Potential Customers
C03673,14,7,752577.0,5,4,5,14,Champions
C02750,19,11,752287.5,4,5,5,14,Champions
C07095,133,10,751865.5,2,5,5,12,Loyal Customers
C04889,82,8,751843.5,2,4,5,11,Loyal Customers
C08636,60,9,751676.5,3,5,5,13,Champions
C17545,14,7,751630.0,5,4,5,14,Champions
C03732,1,7,751511.0,5,4,5,14,Champions
C09691,1,10,751504.0,5,5,5,15,Champions
C01422,6,12,749571.0,5,5,5,15,Champions
C00300,2,10,749035.0,5,5,5,15,Champions
C06243,33,9,748648.5,4,5,5,14,Champions
C02657,88,7,748138.0,2,4,5,11,Loyal Customers
C01782,36,9,747999.0,4,5,5,14,Champions
C02369,1,10,747718.5,5,5,5,15,Champions
C10138,9,7,747564.0,5,4,5,14,Champions
C11987,1,10,746907.5,5,5,5,15,Champions
C04436,12,5,746126.0,5,3,5,13,Champions
C10366,174,6,745300.0,2,3,5,10,Loyal Customers
C05593,22,9,744779.0,4,5,5,14,Champions
C19594,87,5,744546.0,2,3,5,10,Loyal Customers
C18615,39,8,743994.5,4,4,5,13,Champions
C03502,20,6,743398.0,4,3,5,12,Loyal Customers
C02436,4,11,742353.5,5,5,5,15,Champions
C09483,98,7,742264.0,2,4,5,11,Loyal Customers
C15240,1,8,740315.5,5,4,5,14,Champions
C10795,8,12,740030.0,5,5,5,15,Champions
C06093,29,8,739874.0,4,4,5,13,Champions
C15306,41,11,739716.5,3,5,5,13,Champions
C04762,38,4,739686.0,4,2,5,11,Loyal Customers
C01220,1,8,739651.0,5,4,5,14,Champions
C12717,4,11,739230.5,5,5,5,15,Champions
C01505,24,10,739228.0,4,5,5,14,Champions
C08113,16,10,739010.0,5,5,5,15,Champions
C10947,22,7,738942.0,4,4,5,13,Champions
C12921,100,8,738711.0,2,4,5,11,Loyal Customers
C07855,3,13,738275.0,5,5,5,15,Champions
C13477,32,10,738016.0,4,5,5,14,Champions
C07519,26,10,737869.5,4,5,5,14,Champions
C02563,37,8,737612.5,4,4,5,13,Champions
C07035,23,10,736378.5,4,5,5,14,Champions
C05818,87,9,734618.0,2,5,5,12,Loyal Customers
C08329,1,11,734522.5,5,5,5,15,Champions
C17489,169,4,733917.5,2,2,5,9,Potential Customers
C11290,23,7,733145.0,4,4,5,13,Champions
C19381,1,11,732478.5,5,5,5,15,Champions
C01153,12,9,732397.0,5,5,5,15,Champions
C01276,1,6,732358.5,5,3,5,13,Champions
C00569,2,8,731978.5,5,4,5,14,Champions
C07741,66,6,731970.0,3,3,5,11,Loyal Customers
C09031,8,5,731217.5,5,3,5,13,Champions
C18108,27,8,730760.5,4,4,5,13,Champions
C03330,59,7,730100.0,3,4,5,12,Loyal Customers
C09302,1,10,729995.5,5,5,5,15,Champions
C01937,2,8,729933.0,5,4,5,14,Champions
C19556,6,7,729480.5,5,4,5,14,Champions
C13234,178,7,729367.5,2,4,5,11,Loyal Customers
C05089,85,6,729337.0,2,3,5,10,Loyal Customers
C07188,49,10,729006.0,3,5,5,13,Champions
C08084,35,6,728789.0,4,3,5,12,Loyal Customers
C01087,1,8,728647.0,5,4,5,14,Champions
C03268,7,9,727659.0,5,5,5,15,Champions
C06403,19,6,727370.0,4,3,5,12,Loyal Customers
C16516,8,14,726881.0,5,5,5,15,Champions
C03968,42,12,726585.5,3,5,5,13,Champions
C06986,42,12,725309.5,3,5,5,13,Champions
C11220,6,9,725202.5,5,5,5,15,Champions
C04642,18,13,724780.0,4,5,5,14,Champions
C06152,109,9,724770.5,2,5,5,12,Loyal Customers
C10317,10,9,724345.5,5,5,5,15,Champions
C02152,222,6,724285.0,1,3,5,9,Potential Customers
C14371,6,12,723515.5,5,5,5,15,Champions
C10644,35,9,723056.5,4,5,5,14,Champions
C09272,98,9,723053.5,2,5,5,12,Loyal Customers
C03641,2,12,722812.5,5,5,5,15,Champions
C17710,1,10,722520.5,5,5,5,15,Champions
C06607,105,10,722205.5,2,5,5,12,Loyal Customers
C12211,19,10,721736.0,4,5,5,14,Champions
C05217,35,7,720687.5,4,4,5,13,Champions
C06524,1,7,720176.5,5,4,5,14,Champions
C16153,93,8,720136.0,2,4,5,11,Loyal Customers
C18205,1,10,720127.5,5,5,5,15,Champions
C02874,16,9,719625.0,5,5,5,15,Champions
C04123,14,7,718479.5,5,4,5,14,Champions
C06821,82,7,718107.5,2,4,5,11,Loyal Customers
C00591,29,9,718106.0,4,5,5,14,Champions
C18881,10,12,718034.0,5,5,5,15,Champions
C10805,48,7,717572.5,3,4,5,12,Loyal Customers
C05621,79,6,717149.5,3,3,5,11,Loyal Customers
C07626,97,4,717146.5,2,2,5,9,Potential Customers
C01722,24,7,717086.5,4,4,5,13,Champions
C09271,45,9,716966.0,3,5,5,13,Champions
C06889,11,12,716935.5,5,5,5,15,Champions
C05401,52,7,716358.5,3,4,5,12,Loyal Customers
C07654,1,10,716271.5,5,5,5,15,Champions
C15512,30,6,715649.0,4,3,5,12,Loyal Customers
C04098,53,6,715569.0,3,3,5,11,Loyal Customers
C02776,76,6,715479.5,3,3,5,11,Loyal Customers
C06057,107,6,715110.5,2,3,5,10,Loyal Customers
C05103,83,9,714083.5,2,5,5,12,Loyal Customers
C18309,39,11,713872.0,4,5,5,14,Champions
C10244,8,11,712309.0,5,5,5,15,Champions
C11994,16,8,711950.5,5,4,5,14,Champions
C03336,31,12,710981.5,4,5,5,14,Champions
C12606,120,5,710868.0,2,3,5,10,Loyal Customers
C06090,28,11,710808.5,4,5,5,14,Champions
C11075,9,11,710479.0,5,5,5,15,Champions
C02777,12,10,710341.0,5,5,5,15,Champions
C19048,65,7,710108.5,3,4,5,12,Loyal Customers
C17863,26,8,709454.0,4,4,5,13,Champions
C18763,18,8,709350.0,4,4,5,13,Champions
C11953,6,9,709028.5,5,5,5,15,Champions
C15227,96,13,708787.0,2,5,5,12,Loyal Customers
C07646,221,5,708413.5,1,3,5,9,Potential Customers
C01133,1,7,708254.0,5,4,5,14,Champions
C04658,77,10,708065.0,3,5,5,13,Champions
C15517,11,10,707585.0,5,5,5,15,Champions
C06617,69,10,707283.0,3,5,5,13,Champions
C17939,14,8,706964.5,5,4,5,14,Champions
C00186,7,8,706858.5,5,4,5,14,Champions
C12142,61,7,706843.0,3,4,5,12,Loyal Customers
C16321,146,13,706341.0,2,5,5,12,Loyal Customers
C09139,15,6,706066.0,5,3,5,13,Champions
C19340,6,6,705031.0,5,3,5,13,Champions
C16998,61,9,704673.0,3,5,5,13,Champions
C19342,67,6,704336.0,3,3,5,11,Loyal Customers
C06626,9,7,703287.0,5,4,5,14,Champions
C17742,16,7,702306.5,5,4,5,14,Champions
C08046,22,10,701825.0,4,5,5,14,Champions
C01981,81,9,700625.5,2,5,5,12,Loyal Customers
C02187,9,8,700051.0,5,4,5,14,Champions
C07222,7,12,699847.0,5,5,5,15,Champions
C17064,9,11,699823.0,5,5,5,15,Champions
C14247,13,10,699681.0,5,5,5,15,Champions
C04755,1,7,699119.0,5,4,5,14,Champions
C01556,10,6,697995.5,5,3,5,13,Champions
C05974,17,8,697886.0,5,4,5,14,Champions
C00704,53,10,697689.0,3,5,5,13,Champions
C13326,15,11,697634.5,5,5,5,15,Champions
C04463,93,8,697529.0,2,4,5,11,Loyal Customers
C07781,290,7,697387.5,1,4,5,10,Loyal Customers
C03315,24,9,696448.5,4,5,5,14,Champions
C10183,11,9,695522.5,5,5,5,15,Champions
C09770,27,11,695257.0,4,5,5,14,Champions
C17934,58,10,695060.5,3,5,5,13,Champions
C09428,20,8,694888.5,4,4,5,13,Champions
C00916,77,11,694112.5,3,5,5,13,Champions
C06398,34,8,693936.0,4,4,5,13,Champions
C15231,315,8,693717.5,1,4,5,10,Loyal Customers
C00002,14,11,693250.5,5,5,5,15,Champions
C03603,59,5,693113.0,3,3,5,11,Loyal Customers
C06312,51,7,693054.0,3,4,5,12,Loyal Customers
C11966,5,8,692798.5,5,4,5,14,Champions
C07973,41,9,692771.5,3,5,5,13,Champions
C08557,1,9,692309.0,5,5,5,15,Champions
C19759,10,7,690768.0,5,4,5,14,Champions
C15162,10,6,690431.0,5,3,5,13,Champions
C09358,26,11,690363.0,4,5,5,14,Champions
C03323,12,10,689948.0,5,5,5,15,Champions
C12547,6,9,689930.5,5,5,5,15,Champions
C06956,4,7,689724.0,5,4,5,14,Champions
C04460,29,8,689160.5,4,4,5,13,Champions
C15257,7,12,688939.0,5,5,5,15,Champions
C03746,64,12,688249.0,3,5,5,13,Champions
C00918,11,6,687589.0,5,3,5,13,Champions
C10859,7,12,686872.0,5,5,5,15,Champions
C09368,4,8,686034.5,5,4,5,14,Champions
C17708,21,9,685948.0,4,5,5,14,Champions
C04110,85,11,685928.5,2,5,5,12,Loyal Customers
C00974,5,8,685789.0,5,4,5,14,Champions
C15226,54,8,685672.5,3,4,5,12,Loyal Customers
C17508,14,13,685578.0,5,5,5,15,Champions
C08282,20,8,685469.5,4,4,5,13,Champions
C14861,104,8,685441.5,2,4,5,11,Loyal Customers
C10298,57,7,685390.5,3,4,5,12,Loyal Customers
C00358,57,5,685388.5,3,3,5,11,Loyal Customers
C12014,14,8,685178.0,5,4,5,14,Champions
C10503,79,8,684654.5,3,4,5,12,Loyal Customers
C03228,175,6,684478.5,2,3,5,10,Loyal Customers
C05970,25,11,684141.0,4,5,5,14,Champions
C07856,34,8,684096.0,4,4,5,13,Champions
C06270,38,8,683991.0,4,4,5,13,Champions
C16618,93,8,683980.5,2,4,5,11,Loyal Customers
C06641,36,7,683743.0,4,4,5,13,Champions
C15795,12,11,683711.0,5,5,5,15,Champions
C02326,13,8,683433.0,5,4,5,14,Champions
C03922,27,6,682948.5,4,3,5,12,Loyal Customers
C15065,77,10,682703.5,3,5,5,13,Champions
C03417,12,7,682402.0,5,4,5,14,Champions
C04379,1,10,681517.5,5,5,5,15,Champions
C06433,99,6,681503.5,2,3,5,10,Loyal Customers
C06304,22,7,681312.5,4,4,5,13,Champions
C04384,28,7,680987.0,4,4,5,13,Champions
C17550,1,4,680707.5,5,2,5,12,Loyal Customers
C03273,5,11,680033.0,5,5,5,15,Champions
C16850,5,6,679143.0,5,3,5,13,Champions
C08552,12,10,679133.0,5,5,5,15,Champions
C12450,30,5,679120.0,4,3,5,12,Loyal Customers
C06528,6,11,678706.5,5,5,5,15,Champions
C09118,8,6,678483.5,5,3,5,13,Champions
C04203,6,7,678452.5,5,4,5,14,Champions
C15127,76,7,678131.5,3,4,5,12,Loyal Customers
C17017,23,9,678103.5,4,5,5,14,Champions
C05538,165,8,677989.0,2,4,5,11,Loyal Customers
C19325,75,5,677869.0,3,3,5,11,Loyal Customers
C14078,8,12,677800.0,5,5,5,15,Champions
C16421,90,7,677567.0,2,4,5,11,Loyal Customers
C13623,20,8,677503.5,4,4,5,13,Champions
C11912,26,11,677155.0,4,5,5,14,Champions
C12882,31,4,677125.5,4,2,5,11,Loyal Customers
C03362,179,10,676630.0,2,5,5,12,Loyal Customers
C11097,36,11,676598.0,4,5,5,14,Champions
C17430,12,6,676467.0,5,3,5,13,Champions
C19304,15,7,676388.5,5,4,5,14,Champions
C00781,243,6,675950.5,1,3,5,9,Potential Customers
C14174,13,9,675577.5,5,5,5,15,Champions
C19142,169,7,675255.5,2,4,5,11,Loyal Customers
C04809,2,9,675057.5,5,5,5,15,Champions
C00758,25,9,674736.5,4,5,5,14,Champions
C12275,26,10,674721.5,4,5,5,14,Champions
C00618,13,11,674715.5,5,5,5,15,Champions
C00201,13,10,673587.5,5,5,5,15,Champions
C19878,10,7,673553.5,5,4,5,14,Champions
C02019,13,7,673400.5,5,4,5,14,Champions
C11610,1,11,673095.5,5,5,5,15,Champions
C18695,80,10,672922.0,2,5,5,12,Loyal Customers
C10972,28,5,672916.5,4,3,5,12,Loyal Customers
C19066,7,7,672868.5,5,4,5,14,Champions
C03493,46,8,672435.0,3,4,5,12,Loyal Customers
C05987,13,12,672344.0,5,5,5,15,Champions
C11252,115,8,672239.0,2,4,5,11,Loyal Customers
C11090,27,11,671990.0,4,5,5,14,Champions
C03254,141,5,671424.0,2,3,5,10,Loyal Customers
C19296,20,11,671345.5,4,5,5,14,Champions
C11897,52,10,670738.0,3,5,5,13,Champions
C02458,1,6,670568.5,5,3,5,13,Champions
C18147,61,10,670510.5,3,5,5,13,Champions
C04744,45,6,670456.0,3,3,5,11,Loyal Customers
C16863,30,8,670331.5,4,4,5,13,Champions
C00627,12,6,669717.0,5,3,5,13,Champions
C01259,87,5,669075.5,2,3,5,10,Loyal Customers
C16548,12,8,668583.0,5,4,5,14,Champions
C10185,81,9,668103.5,2,5,5,12,Loyal Customers
C11613,3,6,667920.0,5,3,5,13,Champions
C06915,31,8,667867.0,4,4,5,13,Champions
C01049,174,7,667674.5,2,4,5,11,Loyal Customers
C06232,8,11,667131.5,5,5,5,15,Champions
C12768,10,10,666290.5,5,5,5,15,Champions
C08685,2,6,666267.0,5,3,5,13,Champions
C15546,3,9,666129.0,5,5,5,15,Champions
C12493,169,6,665949.0,2,3,5,10,Loyal Customers
C11845,51,9,665552.5,3,5,5,13,Champions
C18104,11,12,665056.5,5,5,5,15,Champions
C12120,18,5,664445.5,4,3,5,12,Loyal Customers
C03811,1,7,664273.0,5,4,5,14,Champions
C08952,76,8,664252.0,3,4,5,12,Loyal Customers
C07581,76,8,663524.0,3,4,5,12,Loyal Customers
C01730,18,10,663236.5,4,5,5,14,Champions
C03124,83,11,663141.0,2,5,5,12,Loyal Customers
C18998,78,4,663090.5,3,2,5,10,Loyal Customers
C11261,7,9,662975.5,5,5,5,15,Champions
C06472,3,8,662970.5,5,4,5,14,Champions
C07643,9,5,662681.0,5,3,5,13,Champions
C07096,44,6,662392.5,3,3,5,11,Loyal Customers
C03454,17,9,662300.5,5,5,5,15,Champions
C18043,44,9,662215.5,3,5,5,13,Champions
C05015,14,5,662030.0,5,3,5,13,Champions
C01107,66,8,661879.5,3,4,5,12,Loyal Customers
C09294,5,10,661869.0,5,5,5,15,Champions
C19777,3,6,661782.0,5,3,5,13,Champions
C06000,41,10,661663.5,3,5,5,13,Champions
C03957,2,5,661283.0,5,3,5,13,Champions
C04417,2,6,661161.0,5,3,5,13,Champions
C18733,69,8,661048.0,3,4,5,12,Loyal Customers
C17753,88,12,661003.0,2,5,5,12,Loyal Customers
C15743,65,12,660889.5,3,5,5,13,Champions
C14240,1,8,660259.0,5,4,5,14,Champions
C09692,2,10,660111.0,5,5,5,15,Champions
C15199,281,7,660008.5,1,4,5,10,Loyal Customers
C16832,39,7,659878.0,4,4,5,13,Champions
C09470,82,7,659715.0,2,4,5,11,Loyal Customers
C04466,79,6,659591.5,3,3,5,11,Loyal Customers
C13747,185,4,658546.0,1,2,5,8,Potential Customers
C03947,13,10,658106.5,5,5,5,15,Champions
C07288,49,10,658102.0,3,5,5,13,Champions
C07104,8,9,657814.5,5,5,5,15,Champions
C14712,11,9,657793.5,5,5,5,15,Champions
C16521,48,8,657299.5,3,4,5,12,Loyal Customers
C04696,240,4,657004.5,1,2,5,8,Potential Customers
C16125,22,7,656934.0,4,4,5,13,Champions
C08399,33,14,656649.5,4,5,5,14,Champions
C07638,16,8,656193.0,5,4,5,14,Champions
C18505,106,6,656121.0,2,3,5,10,Loyal Customers
C06337,2,11,656065.0,5,5,5,15,Champions
C06064,139,6,656041.5,2,3,5,10,Loyal Customers
C09411,2,9,655809.0,5,5,5,15,Champions
C08333,53,8,655702.0,3,4,5,12,Loyal Customers
C08420,29,6,655547.0,4,3,5,12,Loyal Customers
C05580,62,8,655276.5,3,4,5,12,Loyal Customers
C07829,18,15,655165.5,4,5,5,14,Champions
C05184,2,8,655155.5,5,4,5,14,Champions
C10324,3,8,654886.0,5,4,5,14,Champions
C09611,1,9,654878.5,5,5,5,15,Champions
C13843,27,8,654711.5,4,4,5,13,Champions
C08514,38,6,654622.5,4,3,5,12,Loyal Customers
C13256,67,8,654275.0,3,4,5,12,Loyal Customers
C11300,40,6,653753.5,3,3,5,11,Loyal Customers
C07854,81,5,653288.0,2,3,5,10,Loyal Customers
C18463,67,9,653072.5,3,5,5,13,Champions
C14334,34,10,652961.5,4,5,5,14,Champions
C02785,25,8,652754.0,4,4,5,13,Champions
C12531,18,9,652486.0,4,5,5,14,Champions
C11421,40,7,651194.0,3,4,5,12,Loyal Customers
C08592,39,6,651160.5,4,3,5,12,Loyal Customers
C09507,43,7,650444.0,3,4,5,12,Loyal Customers
C01215,3,7,649977.5,5,4,5,14,Champions
C12382,11,7,649587.0,5,4,5,14,Champions
C12705,4,6,649540.0,5,3,5,13,Champions
C12672,30,12,649420.0,4,5,5,14,Champions
C12869,30,9,649405.0,4,5,5,14,Champions
C00845,2,7,649254.5,5,4,5,14,Champions
C03818,2,7,648293.5,5,4,5,14,Champions
C17414,19,6,647979.5,4,3,5,12,Loyal Customers
C18690,34,10,647288.5,4,5,5,14,Champions
C13874,24,8,647195.5,4,4,5,13,Champions
C02058,1,6,647007.5,5,3,5,13,Champions
C06342,19,8,646426.5,4,4,5,13,Champions
C14675,124,9,646186.0,2,5,5,12,Loyal Customers
C16970,5,8,645953.0,5,4,5,14,Champions
C18373,89,9,645593.0,2,5,5,12,Loyal Customers
C13420,12,11,645487.5,5,5,5,15,Champions
C01762,8,8,645161.5,5,4,5,14,Champions
C13009,1,9,645115.5,5,5,5,15,Champions
C15282,8,14,645075.5,5,5,5,15,Champions
C03365,48,7,645023.0,3,4,5,12,Loyal Customers
C17305,12,12,645012.0,5,5,5,15,Champions
C10963,10,7,644896.5,5,4,5,14,Champions
C11741,100,9,644672.5,2,5,5,12,Loyal Customers
C13961,6,10,644618.5,5,5,5,15,Champions
C18260,57,4,644534.5,3,2,5,10,Loyal Customers
C13685,158,5,643966.0,2,3,5,10,Loyal Customers
C15883,113,8,643886.5,2,4,5,11,Loyal Customers
C16246,35,8,643845.0,4,4,5,13,Champions
C06212,127,8,643739.0,2,4,5,11,Loyal Customers
C11901,1,9,643678.0,5,5,5,15,Champions
C03111,2,5,642910.5,5,3,5,13,Champions
C13518,4,9,642761.0,5,5,5,15,Champions
C07163,10,7,642356.5,5,4,5,14,Champions
C09297,39,9,641757.0,4,5,5,14,Champions
C03807,2,6,641557.5,5,3,5,13,Champions
C18202,8,9,641500.5,5,5,5,15,Champions
C01964,120,10,641083.5,2,5,5,12,Loyal Customers
C02129,112,8,641005.5,2,4,5,11,Loyal Customers
C18515,25,5,640912.5,4,3,5,12,Loyal Customers
C03130,1,9,640825.0,5,5,5,15,Champions
C06263,7,8,640682.0,5,4,5,14,Champions
C05456,11,4,640664.0,5,2,5,12,Loyal Customers
C18905,45,9,640661.5,3,5,5,13,Champions
C06769,64,11,640514.0,3,5,5,13,Champions
C02040,17,5,640506.0,5,3,5,13,Champions
C09459,54,6,640451.0,3,3,5,11,Loyal Customers
C09661,1,10,640293.0,5,5,5,15,Champions
C02790,112,7,640187.5,2,4,5,11,Loyal Customers
C16702,60,10,640142.5,3,5,5,13,Champions
C15697,81,7,640117.5,2,4,5,11,Loyal Customers
C12758,22,5,639981.0,4,3,5,12,Loyal Customers
C12448,2,9,639740.0,5,5,5,15,Champions
C08332,9,7,639300.0,5,4,5,14,Champions
C18743,35,5,638841.5,4,3,5,12,Loyal Customers
C00223,33,8,638547.0,4,4,5,13,Champions
C10523,2,6,637888.5,5,3,5,13,Champions
C17264,101,7,637782.0,2,4,5,11,Loyal Customers
C05749,9,12,637538.5,5,5,5,15,Champions
C11817,3,7,636962.0,5,4,5,14,Champions
C08754,8,6,636747.5,5,3,5,13,Champions
C05067,38,5,636595.0,4,3,5,12,Loyal Customers
C17247,30,6,636549.5,4,3,5,12,Loyal Customers
C00583,103,9,636480.0,2,5,5,12,Loyal Customers
C15571,1,8,636431.0,5,4,5,14,Champions
C13751,50,4,635929.0,3,2,5,10,Loyal Customers
C00813,19,10,635819.0,4,5,5,14,Champions
C12821,424,6,635644.5,1,3,5,9,Potential Customers
C15777,37,11,635586.5,4,5,5,14,Champions
C02096,67,10,635295.0,3,5,5,13,Champions
C19783,31,9,635227.5,4,5,5,14,Champions
C04985,32,9,635137.0,4,5,5,14,Champions
C06520,34,6,634655.0,4,3,5,12,Loyal Customers
C03841,117,11,634537.0,2,5,5,12,Loyal Customers
C19941,2,11,634529.5,5,5,5,15,Champions
C13340,23,4,633998.5,4,2,5,11,Loyal Customers
C11707,2,11,633542.0,5,5,5,15,Champions
C06111,69,8,633312.0,3,4,5,12,Loyal Customers
C02065,46,7,633118.5,3,4,5,12,Loyal Customers
C10589,8,10,632627.0,5,5,5,15,Champions
C03307,36,8,632615.5,4,4,5,13,Champions
C14928,17,9,632527.5,5,5,5,15,Champions
C15449,16,9,632403.0,5,5,5,15,Champions
C06470,12,10,632389.0,5,5,5,15,Champions
C08496,31,6,632173.5,4,3,5,12,Loyal Customers
C00808,8,9,631422.0,5,5,5,15,Champions
C10465,33,10,631318.0,4,5,5,14,Champions
C14462,14,6,631065.0,5,3,5,13,Champions
C08394,158,5,630626.5,2,3,5,10,Loyal Customers
C05332,118,6,630320.5,2,3,5,10,Loyal Customers
C06938,107,6,630052.0,2,3,5,10,Loyal Customers
C02656,123,7,629993.5,2,4,5,11,Loyal Customers
C09195,39,11,629677.5,4,5,5,14,Champions
C06585,9,6,629476.0,5,3,5,13,Champions
C01588,2,7,629188.0,5,4,5,14,Champions
C09463,71,7,628982.0,3,4,5,12,Loyal Customers
C11023,5,5,628961.0,5,3,5,13,Champions
C05804,3,7,628798.5,5,4,5,14,Champions
C09586,15,7,628663.5,5,4,5,14,Champions
C17661,2,8,628482.5,5,4,5,14,Champions
C11192,22,7,628361.5,4,4,5,13,Champions
C03201,2,9,627997.0,5,5,5,15,Champions
C16599,27,7,627851.0,4,4,5,13,Champions
C06363,8,7,627823.0,5,4,5,14,Champions
C01045,1,9,627616.5,5,5,5,15,Champions
C15570,177,5,627582.0,2,3,5,10,Loyal Customers
C03175,83,9,627307.0,2,5,5,12,Loyal Customers
C09204,20,8,627156.5,4,4,5,13,Champions
C05566,10,9,627001.0,5,5,5,15,Champions
C08857,5,9,626807.0,5,5,5,15,Champions
C07290,43,7,626598.5,3,4,5,12,Loyal Customers
C04534,102,8,626135.0,2,4,5,11,Loyal Customers
C18810,22,8,626085.5,4,4,5,13,Champions
C14070,14,5,626064.0,5,3,5,13,Champions
C00087,97,8,625895.0,2,4,5,11,Loyal Customers
C14955,41,9,625832.5,3,5,5,13,Champions
C02799,7,13,625442.0,5,5,5,15,Champions
C00759,10,7,625172.5,5,4,5,14,Champions
C10246,55,8,624887.5,3,4,5,12,Loyal Customers
C03666,26,12,624803.5,4,5,5,14,Champions
C09313,3,6,624746.5,5,3,5,13,Champions
C14195,6,7,624669.0,5,4,5,14,Champions
C18125,91,8,624419.0,2,4,5,11,Loyal Customers
C13700,1,12,624255.0,5,5,5,15,Champions
C08439,182,4,623690.0,1,2,5,8,Potential Customers
C08772,1,11,623537.5,5,5,5,15,Champions
C15119,13,12,623399.5,5,5,5,15,Champions
C07105,147,5,622835.5,2,3,5,10,Loyal Customers
C17504,2,9,622600.5,5,5,5,15,Champions
C17356,61,8,622509.0,3,4,5,12,Loyal Customers
C00869,64,6,621987.5,3,3,5,11,Loyal Customers
C09282,56,7,621835.0,3,4,5,12,Loyal Customers
C13078,1,8,621757.5,5,4,5,14,Champions
C07019,1,8,621642.0,5,4,5,14,Champions
C03236,62,6,621624.0,3,3,5,11,Loyal Customers
C12156,6,10,621414.5,5,5,5,15,Champions
C19714,14,8,621310.5,5,4,5,14,Champions
C03601,5,9,621230.0,5,5,5,15,Champions
C03321,23,7,620937.5,4,4,5,13,Champions
C16942,2,7,620744.5,5,4,5,14,Champions
C19507,51,9,620482.5,3,5,5,13,Champions
C15211,321,6,620160.5,1,3,5,9,Potential Customers
C15401,56,6,619938.0,3,3,5,11,Loyal Customers
C09700,30,11,619761.0,4,5,5,14,Champions
C03714,21,8,619710.0,4,4,5,13,Champions
C17287,2,10,619689.5,5,5,5,15,Champions
C04101,11,8,619238.5,5,4,5,14,Champions
C10632,2,7,619230.5,5,4,5,14,Champions
C17078,61,9,619139.5,3,5,5,13,Champions
C14086,3,8,618950.5,5,4,5,14,Champions
C05852,2,7,618650.0,5,4,5,14,Champions
C10910,137,9,618489.0,2,5,5,12,Loyal Customers
C07619,2,7,618307.0,5,4,5,14,Champions
C14962,2,6,618095.0,5,3,5,13,Champions
C01165,62,9,617897.5,3,5,5,13,Champions
C00911,14,7,617618.5,5,4,5,14,Champions
C02303,34,10,617387.5,4,5,5,14,Champions
C11541,10,8,617074.5,5,4,5,14,Champions
C04332,2,11,616931.0,5,5,5,15,Champions
C08932,7,9,616606.0,5,5,5,15,Champions
C14365,1,11,616512.0,5,5,5,15,Champions
C03500,4,8,616294.5,5,4,5,14,Champions
C04252,22,9,616274.0,4,5,5,14,Champions
C02322,12,10,615921.5,5,5,5,15,Champions
C03726,355,9,615718.5,1,5,5,11,Loyal Customers
C18913,26,7,615617.0,4,4,5,13,Champions
C08941,2,8,615499.0,5,4,5,14,Champions
C17845,123,5,615468.5,2,3,5,10,Loyal Customers
C13590,22,8,615298.5,4,4,5,13,Champions
C11690,33,10,615173.0,4,5,5,14,Champions
C04852,169,5,614989.5,2,3,5,10,Loyal Customers
C12334,9,10,614851.0,5,5,5,15,Champions
C04122,36,7,614467.0,4,4,5,13,Champions
C00857,12,11,614455.0,5,5,5,15,Champions
C04380,12,11,614414.0,5,5,5,15,Champions
C15702,17,7,614401.0,5,4,5,14,Champions
C12746,260,3,614236.5,1,1,5,7,Potential Customers
C04594,3,8,614124.0,5,4,5,14,Champions
C13138,5,9,613787.5,5,5,5,15,Champions
C00932,111,4,613074.0,2,2,5,9,Potential Customers
C15814,101,6,613046.5,2,3,5,10,Loyal Customers
C14017,7,8,613024.5,5,4,5,14,Champions
C00376,57,6,612748.5,3,3,5,11,Loyal Customers
C05509,19,9,612362.0,4,5,5,14,Champions
C18431,3,5,612277.0,5,3,5,13,Champions
C00422,21,7,612111.5,4,4,5,13,Champions
C17487,184,7,611915.0,1,4,5,10,Loyal Customers
C14105,14,8,611907.0,5,4,5,14,Champions
C02394,175,8,611450.0,2,4,5,11,Loyal Customers
C14755,10,6,611353.5,5,3,5,13,Champions
C09033,7,11,611185.5,5,5,5,15,Champions
C14733,61,7,611064.5,3,4,5,12,Loyal Customers
C02142,45,6,611048.0,3,3,5,11,Loyal Customers
C05434,23,9,610869.0,4,5,5,14,Champions
C13543,5,8,610188.0,5,4,5,14,Champions
C16213,158,4,609960.0,2,2,5,9,Potential Customers
C14536,2,8,609738.0,5,4,5,14,Champions
C01260,31,7,609548.5,4,4,5,13,Champions
C18334,151,8,609444.5,2,4,5,11,Loyal Customers
C12713,107,5,609355.5,2,3,5,10,Loyal Customers
C17990,193,7,608760.0,1,4,5,10,Loyal Customers
C17695,99,6,608680.5,2,3,5,10,Loyal Customers
C16102,15,8,608422.5,5,4,5,14,Champions
C02619,1,10,608273.5,5,5,5,15,Champions
C14328,18,8,608079.0,4,4,5,13,Champions
C11732,43,8,608001.5,3,4,5,12,Loyal Customers
C15426,5,8,607734.0,5,4,5,14,Champions
C18859,203,8,607724.5,1,4,5,10,Loyal Customers
C04867,10,11,607663.5,5,5,5,15,Champions
C09142,6,8,607661.5,5,4,5,14,Champions
C17675,116,5,607387.0,2,3,5,10,Loyal Customers
C16903,125,6,607158.5,2,3,5,10,Loyal Customers
C10057,260,4,607148.5,1,2,5,8,Potential Customers
C08799,7,8,607120.0,5,4,5,14,Champions
C15844,10,10,606955.0,5,5,5,15,Champions
C09807,2,9,606913.5,5,5,5,15,Champions
C12152,134,8,606784.5,2,4,5,11,Loyal Customers
C12872,116,7,606769.0,2,4,5,11,Loyal Customers
C10070,14,7,606644.0,5,4,5,14,Champions
C08430,36,10,606548.5,4,5,5,14,Champions
C04958,51,9,606082.0,3,5,5,13,Champions
C03874,10,6,605883.0,5,3,5,13,Champions
C02684,1,6,605678.0,5,3,5,13,Champions
C06218,39,5,605236.0,4,3,5,12,Loyal Customers
C10039,14,7,605015.5,5,4,5,14,Champions
C04572,9,10,604705.5,5,5,5,15,Champions
C12899,11,8,604683.5,5,4,5,14,Champions
C17941,42,8,604424.5,3,4,5,12,Loyal Customers
C11100,29,9,604151.5,4,5,5,14,Champions
C00975,19,10,603596.5,4,5,5,14,Champions
C03093,76,8,603387.0,3,4,5,12,Loyal Customers
C09830,70,7,603241.0,3,4,5,12,Loyal Customers
C14775,5,8,603102.5,5,4,5,14,Champions
C07033,9,5,602802.5,5,3,5,13,Champions
C00641,42,10,602713.5,3,5,5,13,Champions
C18194,35,10,602638.0,4,5,5,14,Champions
C10113,79,7,602547.0,3,4,5,12,Loyal Customers
C14828,6,12,602544.0,5,5,5,15,Champions
C02291,19,7,602522.5,4,4,5,13,Champions
C15464,32,8,602107.5,4,4,5,13,Champions
C10103,94,7,601962.0,2,4,5,11,Loyal Customers
C07996,56,6,601849.0,3,3,5,11,Loyal Customers
C03740,76,10,601737.5,3,5,5,13,Champions
C19123,1,7,601708.0,5,4,5,14,Champions
C05767,29,8,601622.5,4,4,5,13,Champions
C10188,2,8,601492.0,5,4,5,14,Champions
C04863,7,6,601129.5,5,3,5,13,Champions
C06826,78,6,601031.5,3,3,5,11,Loyal Customers
C16204,82,5,600795.5,2,3,5,10,Loyal Customers
C01279,27,9,600540.0,4,5,5,14,Champions
C05042,22,8,600289.5,4,4,5,13,Champions
C17157,10,8,600191.5,5,4,5,14,Champions
C11718,76,11,599998.0,3,5,5,13,Champions
C08079,61,6,599882.0,3,3,5,11,Loyal Customers
C02687,16,5,599847.0,5,3,5,13,Champions
C19412,14,5,599592.5,5,3,5,13,Champions
C11614,71,8,599559.5,3,4,5,12,Loyal Customers
C05172,74,8,599535.0,3,4,5,12,Loyal Customers
C08396,63,5,599503.5,3,3,5,11,Loyal Customers
C14129,26,9,599251.0,4,5,5,14,Champions
C03715,150,8,599250.5,2,4,5,11,Loyal Customers
C04581,47,12,599054.0,3,5,5,13,Champions
C13904,35,11,599040.5,4,5,5,14,Champions
C05822,64,10,598874.0,3,5,5,13,Champions
C13417,54,8,598814.0,3,4,5,12,Loyal Customers
C17676,24,7,598515.5,4,4,5,13,Champions
C07493,203,9,598110.5,1,5,5,11,Loyal Customers
C05473,80,8,597971.5,2,4,5,11,Loyal Customers
C10001,49,5,597856.5,3,3,5,11,Loyal Customers
C07995,27,9,597785.0,4,5,5,14,Champions
C03291,109,9,597711.5,2,5,5,12,Loyal Customers
C01296,2,9,597640.5,5,5,5,15,Champions
C08182,28,6,597329.5,4,3,5,12,Loyal Customers
C11231,29,10,596621.0,4,5,5,14,Champions
C17790,20,8,596539.0,4,4,5,13,Champions
C04138,109,8,596405.5,2,4,5,11,Loyal Customers
C16277,39,9,596198.5,4,5,5,14,Champions
C02015,48,8,596042.5,3,4,5,12,Loyal Customers
C08776,145,10,595967.0,2,5,5,12,Loyal Customers
C04288,114,8,595940.5,2,4,5,11,Loyal Customers
C08622,28,7,595772.5,4,4,5,13,Champions
C03253,206,10,595596.5,1,5,5,11,Loyal Customers
C16995,47,7,595575.0,3,4,5,12,Loyal Customers
C06717,72,5,595158.5,3,3,5,11,Loyal Customers
C08433,36,7,595023.5,4,4,5,13,Champions
C13842,4,11,594960.5,5,5,5,15,Champions
C06197,2,9,594133.5,5,5,5,15,Champions
C12339,55,8,594038.5,3,4,5,12,Loyal Customers
C07627,39,11,594026.5,4,5,5,14,Champions
C14109,110,6,593950.0,2,3,5,10,Loyal Customers
C10734,17,10,593897.5,5,5,5,15,Champions
C08253,4,8,593867.0,5,4,5,14,Champions
C11438,1,7,593799.0,5,4,5,14,Champions
C08968,11,9,593649.0,5,5,5,15,Champions
C00303,12,7,593544.0,5,4,5,14,Champions
C15187,1,11,593312.5,5,5,5,15,Champions
C09834,9,8,593270.5,5,4,5,14,Champions
C10785,56,6,593252.5,3,3,5,11,Loyal Customers
C05325,8,8,593218.5,5,4,5,14,Champions
C01807,96,6,593193.5,2,3,5,10,Loyal Customers
C10096,21,8,593097.5,4,4,5,13,Champions
C03793,5,7,593072.0,5,4,5,14,Champions
C18140,28,9,592921.5,4,5,5,14,Champions
C15333,1,9,592388.5,5,5,5,15,Champions
C04179,25,8,592342.5,4,4,5,13,Champions
C09289,16,9,592211.0,5,5,5,15,Champions
C04650,70,9,592179.0,3,5,5,13,Champions
C14554,38,5,592148.0,4,3,5,12,Loyal Customers
C13509,62,7,592092.0,3,4,5,12,Loyal Customers
C18240,65,11,592066.0,3,5,5,13,Champions
C06816,8,5,591885.5,5,3,5,13,Champions
C04451,3,3,591853.5,5,1,5,11,Loyal Customers
C08466,32,5,591786.5,4,3,5,12,Loyal Customers
C12344,7,9,591595.0,5,5,5,15,Champions
C04036,45,8,591373.5,3,4,5,12,Loyal Customers
C17916,33,9,591297.5,4,5,5,14,Champions
C19425,5,5,591194.0,5,3,5,13,Champions
C04385,6,6,590713.5,5,3,5,13,Champions
C01060,6,7,590549.5,5,4,5,14,Champions
C03447,111,5,590417.5,2,3,5,10,Loyal Customers
C04927,72,7,590177.5,3,4,5,12,Loyal Customers
C03027,201,5,590054.5,1,3,5,9,Potential Customers
C13330,8,5,590035.5,5,3,5,13,Champions
C17003,3,9,589998.5,5,5,5,15,Champions
C08765,4,6,589710.0,5,3,5,13,Champions
C11838,19,8,589642.0,4,4,5,13,Champions
C07869,3,6,589560.5,5,3,5,13,Champions
C08114,4,9,589433.5,5,5,5,15,Champions
C06881,71,7,589363.0,3,4,5,12,Loyal Customers
C14110,9,9,589187.5,5,5,5,15,Champions
C08010,35,8,589124.0,4,4,5,13,Champions
C07268,1,12,588956.5,5,5,5,15,Champions
C17713,91,6,588810.5,2,3,5,10,Loyal Customers
C04933,14,5,588752.5,5,3,5,13,Champions
C02971,69,5,588682.5,3,3,5,11,Loyal Customers
C02701,40,12,588589.0,3,5,5,13,Champions
C08764,9,6,588412.5,5,3,5,13,Champions
C05508,43,7,588244.0,3,4,5,12,Loyal Customers
C05727,1,7,588239.0,5,4,5,14,Champions
C06330,8,8,588156.5,5,4,5,14,Champions
C12818,11,7,588047.0,5,4,5,14,Champions
C16984,17,6,587904.0,5,3,5,13,Champions
C09849,54,10,587800.0,3,5,5,13,Champions
C14785,8,12,587468.0,5,5,5,15,Champions
C11937,145,8,587197.5,2,4,5,11,Loyal Customers
C04119,106,9,587069.0,2,5,5,12,Loyal Customers
C02503,80,6,587024.5,2,3,5,10,Loyal Customers
C17180,29,12,586886.5,4,5,5,14,Champions
C09953,9,9,586866.0,5,5,5,15,Champions
C17112,6,6,586807.5,5,3,5,13,Champions
C18048,127,6,586790.0,2,3,5,10,Loyal Customers
C02125,108,8,586625.0,2,4,5,11,Loyal Customers
C04160,106,5,586477.5,2,3,5,10,Loyal Customers
C17511,67,6,586470.0,3,3,5,11,Loyal Customers
C09274,3,8,586248.5,5,4,5,14,Champions
C00091,8,7,586044.5,5,4,5,14,Champions
C16928,5,7,586006.0,5,4,5,14,Champions
C02321,38,9,585721.5,4,5,5,14,Champions
C05274,101,6,585680.5,2,3,5,10,Loyal Customers
C13938,38,8,585596.5,4,4,5,13,Champions
C06529,49,5,585389.0,3,3,5,11,Loyal Customers
C08390,5,12,585389.0,5,5,5,15,Champions
C03104,73,9,584992.5,3,5,5,13,Champions
C07118,4,5,584864.0,5,3,5,13,Champions
C04644,14,13,584614.0,5,5,5,15,Champions
C19064,177,6,584418.0,2,3,5,10,Loyal Customers
C14272,10,9,584414.5,5,5,5,15,Champions
C07848,125,6,584322.5,2,3,5,10,Loyal Customers
C08135,19,8,584223.0,4,4,5,13,Champions
C01410,30,5,584135.0,4,3,5,12,Loyal Customers
C06811,52,8,584080.0,3,4,5,12,Loyal Customers
C01707,5,7,584034.0,5,4,5,14,Champions
C11299,62,7,584009.0,3,4,5,12,Loyal Customers
C16786,168,5,583913.5,2,3,5,10,Loyal Customers
C14944,14,8,583629.5,5,4,5,14,Champions
C03896,105,6,583622.0,2,3,5,10,Loyal Customers
C13597,97,9,583368.5,2,5,5,12,Loyal Customers
C14699,2,10,583273.0,5,5,5,15,Champions
C09104,2,7,583169.5,5,4,5,14,Champions
C12148,79,6,582595.0,3,3,5,11,Loyal Customers
C08294,24,7,582513.5,4,4,5,13,Champions
C02512,2,8,582393.0,5,4,5,14,Champions
C01586,13,6,582243.5,5,3,5,13,Champions
C18624,11,8,581871.0,5,4,5,14,Champions
C08594,5,11,581662.0,5,5,5,15,Champions
C09841,6,10,581293.5,5,5,5,15,Champions
C12030,18,5,581211.5,4,3,5,12,Loyal Customers
C12062,4,12,581150.0,5,5,5,15,Champions
C15357,52,5,581102.0,3,3,5,11,Loyal Customers
C10594,7,8,581087.5,5,4,5,14,Champions
C13262,3,9,581012.5,5,5,5,15,Champions
C12977,4,7,580885.5,5,4,5,14,Champions
C08217,233,8,580849.0,1,4,5,10,Loyal Customers
C03733,1,9,580747.5,5,5,5,15,Champions
C09672,30,8,580641.0,4,4,5,13,Champions
C02728,24,8,580624.5,4,4,5,13,Champions
C17994,100,7,580252.5,2,4,5,11,Loyal Customers
C13233,53,6,580191.0,3,3,5,11,Loyal Customers
C08780,18,9,580186.5,4,5,5,14,Champions
C05657,26,5,580175.0,4,3,5,12,Loyal Customers
C14665,69,9,580172.0,3,5,5,13,Champions
C08704,127,8,579727.5,2,4,5,11,Loyal Customers
C19366,30,9,579718.5,4,5,5,14,Champions
C04645,25,10,579486.5,4,5,5,14,Champions
C05515,83,5,579417.0,2,3,5,10,Loyal Customers
C01744,58,9,579128.0,3,5,5,13,Champions
C07372,1,8,579077.5,5,4,5,14,Champions
C03393,23,4,579043.0,4,2,5,11,Loyal Customers
C19719,16,6,578850.0,5,3,5,13,Champions
C11271,14,9,578680.0,5,5,5,15,Champions
C03954,48,5,578588.5,3,3,5,11,Loyal Customers
C05861,51,7,578053.0,3,4,5,12,Loyal Customers
C03869,17,8,577977.0,5,4,5,14,Champions
C00720,23,9,577726.5,4,5,5,14,Champions
C11152,128,7,577505.0,2,4,5,11,Loyal Customers
C17841,25,10,577368.0,4,5,5,14,Champions
C09494,4,10,577357.0,5,5,5,15,Champions
C03568,31,7,577322.0,4,4,5,13,Champions
C03461,8,4,577217.5,5,2,5,12,Loyal Customers
C10705,8,6,577095.5,5,3,5,13,Champions
C18762,2,12,577040.0,5,5,5,15,Champions
C10431,144,5,577007.5,2,3,5,10,Loyal Customers
C06047,15,3,576986.5,5,1,5,11,Loyal Customers
C15679,74,4,576977.0,3,2,5,10,Loyal Customers
C03037,14,10,576871.0,5,5,5,15,Champions
C15294,124,6,576639.5,2,3,5,10,Loyal Customers
C12624,12,8,576529.0,5,4,5,14,Champions
C11306,2,6,576178.5,5,3,5,13,Champions
C08110,2,3,576169.0,5,1,5,11,Loyal Customers
C17735,21,9,576137.5,4,5,5,14,Champions
C03908,29,7,576038.5,4,4,5,13,Champions
C13871,124,5,575889.5,2,3,5,10,Loyal Customers
C12865,2,6,575846.0,5,3,5,13,Champions
C01018,17,10,575625.5,5,5,5,15,Champions
C10279,182,11,575552.5,1,5,5,11,Loyal Customers
C14380,1,8,575534.0,5,4,5,14,Champions
C15722,14,4,575486.0,5,2,5,12,Loyal Customers
C02201,60,11,575413.5,3,5,5,13,Champions
C01249,76,6,575137.5,3,3,5,11,Loyal Customers
C04432,4,7,575019.0,5,4,5,14,Champions
C13997,10,8,574739.5,5,4,5,14,Champions
C12066,47,6,574441.5,3,3,5,11,Loyal Customers
C01230,72,4,574404.0,3,2,5,10,Loyal Customers
C10375,110,6,574363.5,2,3,5,10,Loyal Customers
C09618,20,7,574188.0,4,4,5,13,Champions
C06193,14,10,573972.5,5,5,5,15,Champions
C12689,89,7,573933.5,2,4,5,11,Loyal Customers
C03582,64,6,573893.0,3,3,5,11,Loyal Customers
C11777,27,12,573867.0,4,5,5,14,Champions
C08811,2,11,573842.5,5,5,5,15,Champions
C06517,18,11,573726.0,4,5,5,14,Champions
C14000,5,6,573467.0,5,3,5,13,Champions
C04724,23,7,573401.5,4,4,5,13,Champions
C07546,1,9,573385.0,5,5,5,15,Champions
C00080,149,5,573324.0,2,3,5,10,Loyal Customers
C01480,38,8,573297.5,4,4,5,13,Champions
C15269,4,7,573274.0,5,4,5,14,Champions
C14401,87,7,573243.5,2,4,5,11,Loyal Customers
C18310,95,9,573201.0,2,5,5,12,Loyal Customers
C18753,2,12,573120.0,5,5,5,15,Champions
C04565,24,12,572654.0,4,5,5,14,Champions
C02569,17,8,572621.0,5,4,5,14,Champions
C02080,11,8,572528.0,5,4,5,14,Champions
C01740,34,9,572507.5,4,5,5,14,Champions
C08140,4,5,572397.0,5,3,5,13,Champions
C07800,10,8,571854.5,5,4,5,14,Champions
C04531,23,10,571771.0,4,5,5,14,Champions
C04128,6,9,571526.0,5,5,5,15,Champions
C00878,12,5,571489.0,5,3,5,13,Champions
C11623,44,6,571378.5,3,3,5,11,Loyal Customers
C05729,21,8,571172.5,4,4,5,13,Champions
C05553,88,6,570956.0,2,3,5,10,Loyal Customers
C01993,17,8,570925.0,5,4,5,14,Champions
C09963,40,7,570901.5,3,4,5,12,Loyal Customers
C15191,14,7,570835.5,5,4,5,14,Champions
C16526,15,9,570834.0,5,5,5,15,Champions
C13351,126,7,570785.0,2,4,5,11,Loyal Customers
C09842,57,8,570751.0,3,4,5,12,Loyal Customers
C19493,162,6,570746.5,2,3,5,10,Loyal Customers
C09617,31,7,570738.0,4,4,5,13,Champions
C05637,80,6,570576.5,2,3,5,10,Loyal Customers
C09590,23,5,570477.5,4,3,5,12,Loyal Customers
C16986,4,9,570416.5,5,5,5,15,Champions
C02748,170,9,570260.5,2,5,5,12,Loyal Customers
C07283,32,9,570039.5,4,5,5,14,Champions
C06024,41,6,570010.5,3,3,5,11,Loyal Customers
C07327,24,4,569973.0,4,2,5,11,Loyal Customers
C08740,23,5,569890.0,4,3,5,12,Loyal Customers
C09310,24,7,569778.0,4,4,5,13,Champions
C18963,3,12,569726.0,5,5,5,15,Champions
C12723,1,7,569690.5,5,4,5,14,Champions
C17162,1,8,569662.5,5,4,5,14,Champions
C01788,9,10,569634.5,5,5,5,15,Champions
C15277,86,5,569509.0,2,3,5,10,Loyal Customers
C06655,4,7,569500.5,5,4,5,14,Champions
C10893,53,4,568927.5,3,2,5,10,Loyal Customers
C02418,16,8,568883.0,5,4,5,14,Champions
C13074,12,6,568473.0,5,3,5,13,Champions
C07266,1,6,568370.5,5,3,5,13,Champions
C07757,5,6,568128.0,5,3,5,13,Champions
C14226,15,7,568016.5,5,4,5,14,Champions
C06487,22,10,567837.5,4,5,5,14,Champions
C09819,5,10,567717.5,5,5,5,15,Champions
C12710,9,4,567692.0,5,2,5,12,Loyal Customers
C17199,69,10,567683.0,3,5,5,13,Champions
C04842,6,8,567666.5,5,4,5,14,Champions
C03863,47,8,567268.5,3,4,5,12,Loyal Customers
C01376,33,9,567228.0,4,5,5,14,Champions
C18999,63,8,567217.0,3,4,5,12,Loyal Customers
C02863,86,8,566753.5,2,4,5,11,Loyal Customers
C11547,12,10,566735.5,5,5,5,15,Champions
C04702,320,7,566679.0,1,4,5,10,Loyal Customers
C01737,171,7,566530.5,2,4,5,11,Loyal Customers
C01775,1,9,566337.0,5,5,5,15,Champions
C05672,26,8,566086.0,4,4,5,13,Champions
C16437,3,7,566031.0,5,4,5,14,Champions
C18298,13,8,565984.0,5,4,5,14,Champions
C11303,4,5,565824.0,5,3,5,13,Champions
C15253,28,5,565427.5,4,3,5,12,Loyal Customers
C08734,6,8,565384.0,5,4,5,14,Champions
C05646,52,8,565357.5,3,4,5,12,Loyal Customers
C16949,100,8,565284.0,2,4,5,11,Loyal Customers
C13281,2,8,565225.0,5,4,5,14,Champions
C19266,86,11,565216.0,2,5,5,12,Loyal Customers
C18139,114,11,565081.0,2,5,5,12,Loyal Customers
C09449,3,9,564749.0,5,5,5,15,Champions
C11977,95,9,564704.5,2,5,5,12,Loyal Customers
C12935,45,10,564690.0,3,5,5,13,Champions
C01309,1,7,564455.5,5,4,5,14,Champions
C13041,101,8,564363.0,2,4,5,11,Loyal Customers
C16306,11,5,564316.0,5,3,5,13,Champions
C05719,10,9,563941.5,5,5,5,15,Champions
C08372,27,3,563923.0,4,1,5,10,Loyal Customers
C05677,58,5,563808.5,3,3,5,11,Loyal Customers
C07535,34,7,563772.5,4,4,5,13,Champions
C10697,33,5,563731.0,4,3,5,12,Loyal Customers
C00888,40,6,563686.0,3,3,5,11,Loyal Customers
C13006,66,6,563679.5,3,3,5,11,Loyal Customers
C14125,1,11,563654.5,5,5,5,15,Champions
C16042,42,10,563560.0,3,5,5,13,Champions
C02960,54,8,563472.5,3,4,5,12,Loyal Customers
C17653,105,4,563451.0,2,2,5,9,Potential Customers
C02358,3,9,563392.5,5,5,5,15,Champions
C13361,15,9,563286.5,5,5,5,15,Champions
C14818,271,5,563271.5,1,3,5,9,Potential Customers
C06794,2,7,563232.0,5,4,5,14,Champions
C01806,14,4,563155.0,5,2,5,12,Loyal Customers
C17280,1,7,562795.0,5,4,5,14,Champions
C10440,15,4,562785.5,5,2,5,12,Loyal Customers
C04768,10,8,562777.5,5,4,5,14,Champions
C05354,8,7,562758.5,5,4,5,14,Champions
C05114,62,13,562504.5,3,5,5,13,Champions
C18809,71,8,562455.0,3,4,5,12,Loyal Customers
C03121,8,9,562450.0,5,5,5,15,Champions
C00157,13,7,562360.0,5,4,5,14,Champions
C19515,45,6,562246.0,3,3,5,11,Loyal Customers
C04944,26,6,561721.5,4,3,5,12,Loyal Customers
C09048,4,12,561582.5,5,5,5,15,Champions
C01603,5,7,561345.0,5,4,5,14,Champions
C04601,21,5,561284.5,4,3,5,12,Loyal Customers
C06507,21,7,560840.0,4,4,5,13,Champions
C04308,41,6,560695.0,3,3,5,11,Loyal Customers
C12222,80,7,560624.5,2,4,5,11,Loyal Customers
C08508,25,8,560419.0,4,4,5,13,Champions
C03635,97,4,560268.0,2,2,5,9,Potential Customers
C04145,22,4,560126.0,4,2,5,11,Loyal Customers
C02296,29,8,560012.0,4,4,5,13,Champions
C01928,1,10,559978.5,5,5,5,15,Champions
C09339,3,6,559864.0,5,3,5,13,Champions
C14039,49,7,559811.5,3,4,5,12,Loyal Customers
C17770,195,7,559503.0,1,4,5,10,Loyal Customers
C08878,21,8,559499.0,4,4,5,13,Champions
C16166,1,8,559467.0,5,4,5,14,Champions
C05713,9,9,559287.5,5,5,5,15,Champions
C10093,7,6,559284.5,5,3,5,13,Champions
C10685,15,7,558960.0,5,4,5,14,Champions
C07942,5,7,558925.5,5,4,5,14,Champions
C04031,14,7,558638.5,5,4,5,14,Champions
C12174,8,7,558572.5,5,4,5,14,Champions
C03327,1,8,558549.5,5,4,5,14,Champions
C11639,27,6,558510.0,4,3,5,12,Loyal Customers
C00485,75,9,558391.0,3,5,5,13,Champions
C13980,49,4,558341.0,3,2,5,10,Loyal Customers
C06085,72,10,558336.5,3,5,5,13,Champions
C05202,13,8,558008.0,5,4,5,14,Champions
C10593,3,8,557991.5,5,4,5,14,Champions
C12841,14,6,557918.0,5,3,5,13,Champions
C18960,20,9,557826.5,4,5,5,14,Champions
C16476,34,8,557763.5,4,4,5,13,Champions
C09475,74,8,557737.5,3,4,5,12,Loyal Customers
C14317,13,10,557710.5,5,5,5,15,Champions
C15956,22,6,557548.5,4,3,5,12,Loyal Customers
C14860,10,8,557510.0,5,4,5,14,Champions
C19466,41,10,557505.5,3,5,5,13,Champions
C08049,24,7,557468.5,4,4,5,13,Champions
C05827,126,10,557448.5,2,5,5,12,Loyal Customers
C07932,3,9,557432.5,5,5,5,15,Champions
C03153,95,10,557308.5,2,5,5,12,Loyal Customers
C10845,48,6,557232.5,3,3,5,11,Loyal Customers
C15428,32,7,557064.5,4,4,5,13,Champions
C10780,59,8,557013.5,3,4,5,12,Loyal Customers
C07866,39,8,556901.5,4,4,5,13,Champions
C04297,30,10,556836.0,4,5,5,14,Champions
C17458,99,6,556284.5,2,3,5,10,Loyal Customers
C11819,27,5,556183.0,4,3,5,12,Loyal Customers
C13218,18,8,556007.0,4,4,5,13,Champions
C04829,3,9,555981.0,5,5,5,15,Champions
C05337,6,8,555910.0,5,4,5,14,Champions
C13681,145,5,555899.0,2,3,5,10,Loyal Customers
C16218,104,7,555867.5,2,4,5,11,Loyal Customers
C13566,32,6,555733.5,4,3,5,12,Loyal Customers
C19732,12,8,555720.0,5,4,5,14,Champions
C18297,2,8,555700.0,5,4,5,14,Champions
C16179,283,3,555251.0,1,1,5,7,Potential Customers
C09121,10,5,554890.5,5,3,5,13,Champions
C11879,41,9,554837.0,3,5,5,13,Champions
C10277,6,5,554808.0,5,3,5,13,Champions
C01828,7,6,554715.0,5,3,5,13,Champions
C18973,3,12,554677.5,5,5,5,15,Champions
C19631,13,6,554555.5,5,3,5,13,Champions
C19166,7,9,554046.0,5,5,5,15,Champions
C17852,37,8,553998.5,4,4,5,13,Champions
C03311,19,11,553897.5,4,5,5,14,Champions
C06100,53,6,553855.0,3,3,5,11,Loyal Customers
C14351,46,4,553812.5,3,2,5,10,Loyal Customers
C13790,174,6,553562.5,2,3,5,10,Loyal Customers
C09285,60,6,553560.5,3,3,5,11,Loyal Customers
C04756,44,7,553518.0,3,4,5,12,Loyal Customers
C11570,37,10,553468.5,4,5,5,14,Champions
C19939,38,3,553341.5,4,1,5,10,Loyal Customers
C14834,54,5,553255.0,3,3,5,11,Loyal Customers
C12444,33,8,553238.5,4,4,5,13,Champions
C19859,6,10,553127.0,5,5,5,15,Champions
C09291,17,5,553030.5,5,3,5,13,Champions
C08859,21,10,552902.5,4,5,5,14,Champions
C10472,16,4,552884.0,5,2,5,12,Loyal Customers
C15653,2,8,552791.5,5,4,5,14,Champions
C15370,7,9,552725.0,5,5,5,15,Champions
C11205,34,8,552583.5,4,4,5,13,Champions
C19981,24,6,552462.5,4,3,5,12,Loyal Customers
C07579,13,7,552444.0,5,4,5,14,Champions
C14397,3,10,552432.5,5,5,5,15,Champions
C08850,20,5,552279.0,4,3,5,12,Loyal Customers
C00982,44,8,552196.5,3,4,5,12,Loyal Customers
C09027,3,7,552111.5,5,4,5,14,Champions
C06730,1,6,552054.5,5,3,5,13,Champions
C03178,26,6,552037.5,4,3,5,12,Loyal Customers
C03150,82,11,551928.0,2,5,5,12,Loyal Customers
C12143,82,9,551913.5,2,5,5,12,Loyal Customers
C06967,61,6,551711.5,3,3,5,11,Loyal Customers
C07139,117,9,551670.5,2,5,5,12,Loyal Customers
C18013,12,7,551170.0,5,4,5,14,Champions
C20000,69,8,551150.0,3,4,5,12,Loyal Customers
C16588,5,9,551129.0,5,5,5,15,Champions
C14871,14,4,551097.0,5,2,5,12,Loyal Customers
C10768,3,5,550947.5,5,3,5,13,Champions
C07275,47,9,550906.0,3,5,5,13,Champions
C14478,11,7,550737.0,5,4,5,14,Champions
C16922,41,8,550585.0,3,4,5,12,Loyal Customers
C10717,75,7,550579.5,3,4,5,12,Loyal Customers
C18090,243,7,550305.5,1,4,5,10,Loyal Customers
C00410,54,5,550297.0,3,3,5,11,Loyal Customers
C01763,104,11,550211.0,2,5,5,12,Loyal Customers
C13756,12,10,550083.0,5,5,5,15,Champions
C09014,33,10,549592.5,4,5,5,14,Champions
C01750,1,10,549589.5,5,5,5,15,Champions
C10682,29,8,549410.0,4,4,5,13,Champions
C15837,1,10,549332.0,5,5,5,15,Champions
C18196,1,6,549304.0,5,3,5,13,Champions
C09820,20,5,549227.0,4,3,5,12,Loyal Customers
C02052,47,8,549031.0,3,4,5,12,Loyal Customers
C00239,106,6,548939.5,2,3,5,10,Loyal Customers
C09155,10,8,548530.5,5,4,5,14,Champions
C18500,29,8,548388.0,4,4,5,13,Champions
C12668,66,7,548365.0,3,4,5,12,Loyal Customers
C03589,96,7,548195.0,2,4,5,11,Loyal Customers
C18158,3,11,547799.0,5,5,5,15,Champions
C09523,23,8,547755.0,4,4,5,13,Champions
C13015,23,8,547752.5,4,4,5,13,Champions
C08070,5,9,547588.0,5,5,5,15,Champions
C17980,51,9,547576.0,3,5,5,13,Champions
C04620,66,6,547507.5,3,3,5,11,Loyal Customers
C00456,4,9,547480.5,5,5,5,15,Champions
C09863,57,9,547461.0,3,5,5,13,Champions
C17944,48,4,547399.5,3,2,5,10,Loyal Customers
C19420,2,8,547365.0,5,4,5,14,Champions
C06958,144,6,547324.5,2,3,5,10,Loyal Customers
C04521,1,7,546873.5,5,4,5,14,Champions
C01321,48,8,546852.0,3,4,5,12,Loyal Customers
C01598,39,10,546695.5,4,5,5,14,Champions
C01795,47,11,546489.5,3,5,5,13,Champions
C13865,5,9,546311.0,5,5,5,15,Champions
C06692,30,8,546295.5,4,4,5,13,Champions
C15703,25,10,545900.0,4,5,5,14,Champions
C02036,22,10,545750.0,4,5,5,14,Champions
C02069,62,8,545633.5,3,4,5,12,Loyal Customers
C14512,8,6,545596.0,5,3,5,13,Champions
C05918,122,8,545511.0,2,4,5,11,Loyal Customers
C01962,16,5,545386.0,5,3,5,13,Champions
C11668,105,8,545338.5,2,4,5,11,Loyal Customers
C14816,13,7,545304.0,5,4,5,14,Champions
C02381,8,7,545273.0,5,4,5,14,Champions
C16507,16,10,545131.0,5,5,5,15,Champions
C05606,63,6,545017.5,3,3,5,11,Loyal Customers
C12368,35,10,544929.0,4,5,5,14,Champions
C17383,16,8,544779.5,5,4,5,14,Champions
C05908,1,10,544772.0,5,5,5,15,Champions
C03265,49,6,544681.0,3,3,5,11,Loyal Customers
C13231,51,8,544678.5,3,4,5,12,Loyal Customers
C14069,139,7,544677.0,2,4,5,11,Loyal Customers
C08899,15,6,544616.5,5,3,5,13,Champions
C06286,7,8,544577.5,5,4,5,14,Champions
C16549,80,11,544560.5,2,5,5,12,Loyal Customers
C09387,55,5,544275.5,3,3,5,11,Loyal Customers
C12305,8,6,544257.5,5,3,5,13,Champions
C03462,2,4,544245.0,5,2,5,12,Loyal Customers
C00690,35,5,544206.0,4,3,5,12,Loyal Customers
C09175,41,6,543828.0,3,3,5,11,Loyal Customers
C04439,16,10,543822.5,5,5,5,15,Champions
C19096,87,8,543803.5,2,4,5,11,Loyal Customers
C14560,40,7,543776.5,3,4,5,12,Loyal Customers
C07054,12,10,543763.5,5,5,5,15,Champions
C11683,57,7,543627.5,3,4,5,12,Loyal Customers
C00255,4,6,543565.5,5,3,5,13,Champions
C11060,168,5,543274.5,2,3,5,10,Loyal Customers
C00259,40,9,543216.0,3,5,5,13,Champions
C19838,159,9,543216.0,2,5,5,12,Loyal Customers
C13212,53,7,542944.0,3,4,5,12,Loyal Customers
C04150,43,6,542939.0,3,3,5,11,Loyal Customers
C16714,14,6,542916.0,5,3,5,13,Champions
C01729,3,9,542893.5,5,5,5,15,Champions
C12217,20,4,542769.0,4,2,5,11,Loyal Customers
C07354,278,5,542404.0,1,3,5,9,Potential Customers
C11056,58,8,542269.0,3,4,5,12,Loyal Customers
C10755,73,7,542254.5,3,4,5,12,Loyal Customers
C05448,83,2,542203.5,2,1,5,8,Potential Customers
C03359,42,5,542151.5,3,3,5,11,Loyal Customers
C04832,55,8,542127.0,3,4,5,12,Loyal Customers
C19967,4,10,542102.0,5,5,5,15,Champions
C11298,101,6,541901.5,2,3,5,10,Loyal Customers
C07403,16,6,541752.0,5,3,5,13,Champions
C10151,167,7,541548.5,2,4,5,11,Loyal Customers
C01920,8,9,541538.0,5,5,5,15,Champions
C10097,9,9,541495.0,5,5,5,15,Champions
C03592,23,8,541469.0,4,4,5,13,Champions
C18513,87,7,541370.0,2,4,5,11,Loyal Customers
C17351,102,10,541312.5,2,5,5,12,Loyal Customers
C15351,279,7,540979.5,1,4,5,10,Loyal Customers
C18084,9,11,540928.5,5,5,5,15,Champions
C07693,16,10,540855.0,5,5,5,15,Champions
C05343,21,7,540673.5,4,4,5,13,Champions
C06833,15,5,540523.0,5,3,5,13,Champions
C02845,22,6,540437.5,4,3,5,12,Loyal Customers
C08829,8,5,540416.0,5,3,5,13,Champions
C07216,35,6,540231.5,4,3,5,12,Loyal Customers
C04676,2,6,540221.0,5,3,5,13,Champions
C09670,13,7,540216.0,5,4,5,14,Champions
C12145,14,7,539950.5,5,4,5,14,Champions
C13615,64,5,539906.5,3,3,5,11,Loyal Customers
C01138,7,7,539772.5,5,4,5,14,Champions
C00780,172,7,539546.5,2,4,5,11,Loyal Customers
C11301,32,7,539543.0,4,4,5,13,Champions
C07285,134,6,539107.0,2,3,5,10,Loyal Customers
C01525,13,12,538928.0,5,5,5,15,Champions
C09966,5,7,538748.0,5,4,5,14,Champions
C06313,32,7,538360.0,4,4,5,13,Champions
C07631,21,10,538229.5,4,5,5,14,Champions
C02285,43,8,538179.5,3,4,5,12,Loyal Customers
C10006,103,6,537986.0,2,3,5,10,Loyal Customers
C07664,50,7,537871.5,3,4,5,12,Loyal Customers
C05372,98,9,537535.5,2,5,5,12,Loyal Customers
C12889,61,9,537507.0,3,5,5,13,Champions
C12424,32,8,537429.0,4,4,5,13,Champions
C03901,20,6,537418.5,4,3,5,12,Loyal Customers
C09184,18,7,537056.5,4,4,5,13,Champions
C10493,101,7,536970.5,2,4,5,11,Loyal Customers
C07805,8,7,536907.0,5,4,5,14,Champions
C19785,142,4,536383.5,2,2,5,9,Potential Customers
C13084,47,8,536320.0,3,4,5,12,Loyal Customers
C11424,7,4,536276.5,5,2,5,12,Loyal Customers
C07663,6,8,536273.5,5,4,5,14,Champions
C15903,1,8,536246.5,5,4,5,14,Champions
C12013,51,9,536076.0,3,5,5,13,Champions
C16377,11,9,536006.5,5,5,5,15,Champions
C05046,25,6,535487.0,4,3,5,12,Loyal Customers
C03607,3,9,535406.0,5,5,5,15,Champions
C19630,55,8,535322.0,3,4,5,12,Loyal Customers
C14920,25,5,535202.5,4,3,5,12,Loyal Customers
C05360,14,7,535122.5,5,4,5,14,Champions
C19887,3,9,534879.0,5,5,5,15,Champions
C00513,116,4,534759.5,2,2,5,9,Potential Customers
C16976,15,10,534653.5,5,5,5,15,Champions
C06592,14,9,534330.5,5,5,5,15,Champions
C09683,36,6,534230.5,4,3,5,12,Loyal Customers
C06404,32,8,534179.5,4,4,5,13,Champions
C03426,21,9,534122.0,4,5,5,14,Champions
C10120,58,6,534071.0,3,3,5,11,Loyal Customers
C16483,147,4,533947.0,2,2,5,9,Potential Customers
C08542,92,7,533893.5,2,4,5,11,Loyal Customers
C09008,10,4,533354.5,5,2,5,12,Loyal Customers
C01813,8,8,533322.5,5,4,5,14,Champions
C14309,50,7,533144.0,3,4,5,12,Loyal Customers
C13167,90,6,533018.5,2,3,5,10,Loyal Customers
C01219,93,10,532478.5,2,5,5,12,Loyal Customers
C14630,32,9,532438.0,4,5,5,14,Champions
C07709,28,9,532404.0,4,5,5,14,Champions
C07681,3,7,532385.5,5,4,5,14,Champions
C03612,22,7,532371.0,4,4,5,13,Champions
C04900,30,9,532101.5,4,5,5,14,Champions
C18862,1,9,532006.5,5,5,5,15,Champions
C15050,2,10,531996.0,5,5,5,15,Champions
C03967,66,10,531970.0,3,5,5,13,Champions
C06548,7,5,531858.5,5,3,5,13,Champions
C10337,103,4,531793.0,2,2,5,9,Potential Customers
C06495,79,7,531471.5,3,4,5,12,Loyal Customers
C18758,62,9,531450.0,3,5,5,13,Champions
C11635,14,8,531117.5,5,4,5,14,Champions
C00330,98,6,531067.0,2,3,5,10,Loyal Customers
C09888,136,8,530716.5,2,4,5,11,Loyal Customers
C02585,11,7,530569.0,5,4,5,14,Champions
C11689,14,7,530454.5,5,4,5,14,Champions
C08738,1,10,530302.0,5,5,5,15,Champions
C10291,40,5,530189.0,3,3,5,11,Loyal Customers
C03781,22,9,530152.0,4,5,5,14,Champions
C04314,44,9,530152.0,3,5,5,13,Champions
C15590,8,6,530081.5,5,3,5,13,Champions
C03538,39,6,530069.5,4,3,5,12,Loyal Customers
C15297,3,9,529689.0,5,5,5,15,Champions
C10149,27,9,529669.0,4,5,5,14,Champions
C14715,25,7,529504.0,4,4,5,13,Champions
C12649,195,5,529453.5,1,3,5,9,Potential Customers
C11944,8,10,529299.5,5,5,5,15,Champions
C19522,27,8,529245.5,4,4,5,13,Champions
C14511,3,7,529233.5,5,4,5,14,Champions
C18984,15,8,529136.0,5,4,5,14,Champions
C12654,2,8,529010.0,5,4,5,14,Champions
C02864,51,11,528603.0,3,5,5,13,Champions
C02337,4,6,528567.5,5,3,5,13,Champions
C09614,2,9,528552.0,5,5,5,15,Champions
C17232,47,6,528513.5,3,3,5,11,Loyal Customers
C09887,36,5,528326.5,4,3,5,12,Loyal Customers
C08159,35,6,528131.0,4,3,5,12,Loyal Customers
C16645,20,4,528108.0,4,2,5,11,Loyal Customers
C07373,20,7,527975.0,4,4,5,13,Champions
C00229,13,4,527944.5,5,2,5,12,Loyal Customers
C13441,112,8,527903.5,2,4,5,11,Loyal Customers
C16743,109,8,527884.0,2,4,5,11,Loyal Customers
C04481,232,8,527841.5,1,4,5,10,Loyal Customers
C10473,9,4,527832.5,5,2,5,12,Loyal Customers
C06885,43,11,527781.5,3,5,5,13,Champions
C16828,19,7,527702.0,4,4,5,13,Champions
C15691,106,7,527536.0,2,4,5,11,Loyal Customers
C16046,12,11,527515.0,5,5,5,15,Champions
C07569,3,10,527477.5,5,5,5,15,Champions
C10877,33,7,527412.5,4,4,5,13,Champions
C07809,73,8,527392.5,3,4,5,12,Loyal Customers
C00990,6,13,527350.0,5,5,5,15,Champions
C07845,18,8,527347.5,4,4,5,13,Champions
C19086,124,7,527238.5,2,4,5,11,Loyal Customers
C11593,17,6,527089.0,5,3,5,13,Champions
C02173,11,9,526984.5,5,5,5,15,Champions
C10117,25,5,526628.0,4,3,5,12,Loyal Customers
C12577,32,9,526584.5,4,5,5,14,Champions
C03647,7,10,526576.0,5,5,5,15,Champions
C16765,8,6,526429.5,5,3,5,13,Champions
C11927,22,11,526323.0,4,5,5,14,Champions
C18055,74,5,526239.5,3,3,5,11,Loyal Customers
C12736,26,5,526154.5,4,3,5,12,Loyal Customers
C14823,186,4,526031.5,1,2,5,8,Potential Customers
C18244,23,10,525946.5,4,5,5,14,Champions
C12171,23,5,525915.5,4,3,5,12,Loyal Customers
C09242,257,6,525820.0,1,3,5,9,Potential Customers
C09468,211,6,525807.0,1,3,5,9,Potential Customers
C00094,1,6,525750.0,5,3,5,13,Champions
C05561,14,8,525631.5,5,4,5,14,Champions
C15122,47,11,525532.0,3,5,5,13,Champions
C07582,133,5,525494.0,2,3,5,10,Loyal Customers
C02760,35,7,525278.0,4,4,5,13,Champions
C13779,12,6,525186.0,5,3,5,13,Champions
C02067,36,8,525117.0,4,4,5,13,Champions
C11863,68,6,525053.0,3,3,5,11,Loyal Customers
C12370,66,7,524930.0,3,4,5,12,Loyal Customers
C19192,38,5,524818.0,4,3,5,12,Loyal Customers
C10998,3,8,524445.5,5,4,5,14,Champions
C17811,20,8,524437.0,4,4,5,13,Champions
C05810,1,8,524414.5,5,4,5,14,Champions
C06712,91,5,524384.5,2,3,5,10,Loyal Customers
C18988,30,6,524332.0,4,3,5,12,Loyal Customers
C11644,60,6,524293.0,3,3,5,11,Loyal Customers
C01736,8,9,524268.0,5,5,5,15,Champions
C08181,4,5,524232.5,5,3,5,13,Champions
C10738,19,7,524229.5,4,4,5,13,Champions
C05271,10,6,524018.0,5,3,5,13,Champions
C03128,93,7,523990.5,2,4,5,11,Loyal Customers
C10199,37,8,523554.0,4,4,5,13,Champions
C09782,18,9,523438.0,4,5,5,14,Champions
C00737,44,4,523192.0,3,2,5,10,Loyal Customers
C04053,52,8,523154.0,3,4,5,12,Loyal Customers
C13783,103,8,523119.5,2,4,5,11,Loyal Customers
C04190,16,6,523098.5,5,3,5,13,Champions
C15815,15,5,523039.0,5,3,5,13,Champions
C04517,3,8,522852.5,5,4,5,14,Champions
C06192,15,11,522513.0,5,5,5,15,Champions
C10095,3,7,522495.5,5,4,5,14,Champions
C12859,47,8,522417.0,3,4,5,12,Loyal Customers
C15499,13,6,522400.5,5,3,5,13,Champions
C13766,14,6,522234.0,5,3,5,13,Champions
C10314,5,6,522183.0,5,3,5,13,Champions
C16060,25,12,522122.5,4,5,5,14,Champions
C05452,72,11,522051.0,3,5,5,13,Champions
C03830,52,6,521920.0,3,3,5,11,Loyal Customers
C05817,22,7,521682.0,4,4,5,13,Champions
C08796,14,9,521477.5,5,5,5,15,Champions
C10362,41,6,521454.5,3,3,5,11,Loyal Customers
C14292,64,7,521425.5,3,4,5,12,Loyal Customers
C13815,15,7,521384.0,5,4,5,14,Champions
C15925,19,7,521340.5,4,4,5,13,Champions
C03652,23,6,521175.5,4,3,5,12,Loyal Customers
C14822,15,9,521145.5,5,5,5,15,Champions
C17390,36,15,521142.5,4,5,5,14,Champions
C06409,12,5,521130.5,5,3,5,13,Champions
C16509,7,9,521070.0,5,5,5,15,Champions
C11609,21,7,521043.5,4,4,5,13,Champions
C15377,109,8,521032.0,2,4,5,11,Loyal Customers
C00398,42,8,520987.0,3,4,5,12,Loyal Customers
C11473,5,6,520986.0,5,3,5,13,Champions
C06353,52,6,520945.5,3,3,5,11,Loyal Customers
C19820,37,7,520833.5,4,4,5,13,Champions
C17774,6,8,520325.5,5,4,5,14,Champions
C04046,71,6,520306.5,3,3,5,11,Loyal Customers
C14375,45,10,520221.5,3,5,5,13,Champions
C01589,25,6,520067.0,4,3,5,12,Loyal Customers
C01263,22,9,519981.0,4,5,5,14,Champions
C09668,18,7,519960.0,4,4,5,13,Champions
C13052,50,8,519873.5,3,4,5,12,Loyal Customers
C13162,103,9,519607.5,2,5,5,12,Loyal Customers
C12644,28,12,519582.5,4,5,5,14,Champions
C19635,9,6,519522.5,5,3,5,13,Champions
C12498,30,10,519399.5,4,5,5,14,Champions
C03405,14,5,519360.0,5,3,5,13,Champions
C08277,35,10,519200.0,4,5,5,14,Champions
C16652,4,12,519112.0,5,5,5,15,Champions
C03012,213,3,519017.0,1,1,5,7,Potential Customers
C14402,82,8,519010.0,2,4,5,11,Loyal Customers
C05144,2,6,518662.5,5,3,5,13,Champions
C17074,7,8,518597.5,5,4,5,14,Champions
C08713,59,5,518428.0,3,3,5,11,Loyal Customers
C05358,205,4,518107.0,1,2,5,8,Potential Customers
C05257,93,5,517956.5,2,3,5,10,Loyal Customers
C04737,95,7,517913.5,2,4,5,11,Loyal Customers
C06726,45,8,517909.0,3,4,5,12,Loyal Customers
C04503,14,8,517900.5,5,4,5,14,Champions
C13674,6,3,517888.5,5,1,5,11,Loyal Customers
C10572,1,10,517796.0,5,5,5,15,Champions
C16508,10,6,517632.5,5,3,5,13,Champions
C13180,85,10,517553.0,2,5,5,12,Loyal Customers
C04905,9,8,517544.5,5,4,5,14,Champions
C17240,67,8,517458.0,3,4,5,12,Loyal Customers
C11976,6,7,517298.5,5,4,5,14,Champions
C16346,76,8,517232.5,3,4,5,12,Loyal Customers
C16848,12,12,517114.5,5,5,5,15,Champions
C12365,79,7,517017.0,3,4,5,12,Loyal Customers
C11158,6,10,516971.5,5,5,5,15,Champions
C11662,26,6,516951.0,4,3,5,12,Loyal Customers
C16199,2,8,516867.0,5,4,5,14,Champions
C08810,4,3,516799.0,5,1,5,11,Loyal Customers
C06060,4,7,516776.0,5,4,5,14,Champions
C13737,12,6,516722.0,5,3,5,13,Champions
C02422,78,7,516617.5,3,4,5,12,Loyal Customers
C05087,114,9,516467.0,2,5,5,12,Loyal Customers
C05218,126,7,516397.0,2,4,5,11,Loyal Customers
C15455,6,5,516329.5,5,3,5,13,Champions
C01377,90,8,516093.5,2,4,5,11,Loyal Customers
C08773,69,5,516090.0,3,3,5,11,Loyal Customers
C13083,40,4,516034.5,3,2,5,10,Loyal Customers
C16840,109,7,515999.0,2,4,5,11,Loyal Customers
C05025,251,4,515983.0,1,2,5,8,Potential Customers
C13107,37,9,515938.5,4,5,5,14,Champions
C08036,26,7,515885.5,4,4,5,13,Champions
C07690,11,7,515760.5,5,4,5,14,Champions
C08191,46,7,515730.5,3,4,5,12,Loyal Customers
C13459,94,6,515711.5,2,3,5,10,Loyal Customers
C15919,19,7,515676.0,4,4,5,13,Champions
C06840,25,8,515534.0,4,4,5,13,Champions
C16049,63,6,515521.5,3,3,5,11,Loyal Customers
C07695,157,10,515402.0,2,5,5,12,Loyal Customers
C07906,34,4,515351.5,4,2,5,11,Loyal Customers
C19683,1,9,515260.0,5,5,5,15,Champions
C02351,3,11,515097.0,5,5,5,15,Champions
C15998,1,8,514984.0,5,4,5,14,Champions
C05929,36,11,514969.5,4,5,5,14,Champions
C14908,10,7,514965.5,5,4,5,14,Champions
C07807,10,6,514957.0,5,3,5,13,Champions
C02977,65,7,514943.0,3,4,5,12,Loyal Customers
C07698,1,7,514798.5,5,4,5,14,Champions
C02856,12,6,514769.0,5,3,5,13,Champions
C03142,2,10,514739.5,5,5,5,15,Champions
C03415,103,4,514531.0,2,2,5,9,Potential Customers
C00344,10,11,514518.0,5,5,5,15,Champions
C01167,7,9,514435.0,5,5,5,15,Champions
C04049,13,5,514312.5,5,3,5,13,Champions
C18360,12,6,514308.5,5,3,5,13,Champions
C01023,9,6,514259.5,5,3,5,13,Champions
C00042,114,11,514226.5,2,5,5,12,Loyal Customers
C17614,285,6,514197.5,1,3,5,9,Potential Customers
C09211,6,8,514099.5,5,4,5,14,Champions
C01170,81,7,514003.5,2,4,5,11,Loyal Customers
C01946,12,6,513993.5,5,3,5,13,Champions
C03796,3,7,513969.0,5,4,5,14,Champions
C01960,24,8,513959.5,4,4,5,13,Champions
C19534,25,5,513924.5,4,3,5,12,Loyal Customers
C12929,63,6,513800.5,3,3,5,11,Loyal Customers
C13336,52,8,513762.0,3,4,5,12,Loyal Customers
C03378,21,6,513756.5,4,3,5,12,Loyal Customers
C01974,31,6,513728.0,4,3,5,12,Loyal Customers
C07778,117,6,513722.5,2,3,5,10,Loyal Customers
C11940,6,8,513518.5,5,4,5,14,Champions
C14203,4,9,513508.0,5,5,5,15,Champions
C17690,7,11,513254.0,5,5,5,15,Champions
C10665,33,7,512956.0,4,4,5,13,Champions
C08065,2,7,512916.5,5,4,5,14,Champions
C14852,60,5,512855.5,3,3,5,11,Loyal Customers
C12824,13,5,512783.5,5,3,5,13,Champions
C03060,28,4,512676.0,4,2,5,11,Loyal Customers
C08379,16,7,512601.0,5,4,5,14,Champions
C19554,9,10,512522.5,5,5,5,15,Champions
C06253,25,12,512401.0,4,5,5,14,Champions
C11318,11,5,512400.0,5,3,5,13,Champions
C02634,4,9,512343.5,5,5,5,15,Champions
C13503,79,7,512224.5,3,4,5,12,Loyal Customers
C16575,91,8,512204.0,2,4,5,11,Loyal Customers
C03749,6,5,512185.0,5,3,5,13,Champions
C04022,95,7,512181.0,2,4,5,11,Loyal Customers
C03239,4,9,512137.5,5,5,5,15,Champions
C16626,1,6,512068.5,5,3,5,13,Champions
C01433,9,7,511960.0,5,4,5,14,Champions
C15695,1,7,511933.5,5,4,5,14,Champions
C07301,3,8,511930.0,5,4,5,14,Champions
C01051,1,8,511905.0,5,4,5,14,Champions
C16596,7,9,511891.0,5,5,5,15,Champions
C15228,50,8,511879.5,3,4,5,12,Loyal Customers
C18820,13,10,511722.5,5,5,5,15,Champions
C16000,130,11,511599.0,2,5,5,12,Loyal Customers
C07063,2,5,511591.5,5,3,5,13,Champions
C06837,16,7,511446.0,5,4,5,14,Champions
C08308,15,5,511275.5,5,3,5,13,Champions
C14387,185,5,511241.5,1,3,5,9,Potential Customers
C13188,43,5,511160.0,3,3,5,11,Loyal Customers
C08281,24,6,511044.0,4,3,5,12,Loyal Customers
C08794,92,7,510928.5,2,4,5,11,Loyal Customers
C14003,310,7,510652.0,1,4,5,10,Loyal Customers
C13017,59,9,510628.5,3,5,5,13,Champions
C18345,8,7,510475.0,5,4,5,14,Champions
C19476,36,9,510466.5,4,5,5,14,Champions
C02076,18,7,510374.5,4,4,5,13,Champions
C15356,100,8,510347.0,2,4,5,11,Loyal Customers
C09300,72,8,510299.0,3,4,5,12,Loyal Customers
C18703,17,4,510205.0,5,2,5,12,Loyal Customers
C13190,76,4,510127.0,3,2,5,10,Loyal Customers
C05978,30,5,510064.5,4,3,5,12,Loyal Customers
C17263,115,8,509930.5,2,4,5,11,Loyal Customers
C09824,9,11,509870.5,5,5,5,15,Champions
C06423,2,7,509759.0,5,4,5,14,Champions
C07093,7,11,509744.5,5,5,5,15,Champions
C16790,45,6,509710.5,3,3,5,11,Loyal Customers
C02377,1,4,509605.0,5,2,5,12,Loyal Customers
C11686,29,7,509484.0,4,4,5,13,Champions
C04343,16,6,509389.5,5,3,5,13,Champions
C15184,18,8,509276.0,4,4,5,13,Champions
C19027,42,8,509204.0,3,4,5,12,Loyal Customers
C14886,50,8,509111.0,3,4,5,12,Loyal Customers
C19422,6,11,509003.5,5,5,5,15,Champions
C14761,13,7,508978.0,5,4,5,14,Champions
C03481,131,7,508950.0,2,4,5,11,Loyal Customers
C15102,179,5,508853.5,2,3,5,10,Loyal Customers
C01415,39,10,508373.5,4,5,5,14,Champions
C03416,6,5,508174.5,5,3,5,13,Champions
C10673,16,6,508132.0,5,3,5,13,Champions
C18890,16,8,508070.5,5,4,5,14,Champions
C13946,169,5,507934.5,2,3,5,10,Loyal Customers
C13205,50,6,507903.5,3,3,5,11,Loyal Customers
C09759,218,6,507875.0,1,3,5,9,Potential Customers
C16892,6,7,507779.5,5,4,5,14,Champions
C15531,18,8,507629.5,4,4,5,13,Champions
C12930,23,6,507523.0,4,3,5,12,Loyal Customers
C16191,5,7,507403.5,5,4,5,14,Champions
C15358,81,8,507359.5,2,4,5,11,Loyal Customers
C11054,160,6,507335.0,2,3,5,10,Loyal Customers
C18826,4,6,507308.5,5,3,5,13,Champions
C01811,28,8,506985.5,4,4,5,13,Champions
C12512,4,4,506961.0,5,2,5,12,Loyal Customers
C16228,59,5,506875.0,3,3,5,11,Loyal Customers
C17040,106,6,506863.0,2,3,5,10,Loyal Customers
C06075,8,7,506822.5,5,4,5,14,Champions
C15990,1,5,506811.0,5,3,5,13,Champions
C04080,81,9,506796.0,2,5,5,12,Loyal Customers
C02509,78,7,506756.5,3,4,5,12,Loyal Customers
C05629,43,7,506702.5,3,4,5,12,Loyal Customers
C06516,2,9,506350.0,5,5,5,15,Champions
C18953,9,5,506301.0,5,3,5,13,Champions
C13669,23,7,506260.5,4,4,5,13,Champions
C11604,13,8,506227.0,5,4,5,14,Champions
C04945,9,6,506223.5,5,3,5,13,Champions
C02709,6,4,506096.0,5,2,5,12,Loyal Customers
C11842,47,7,506093.5,3,4,5,12,Loyal Customers
C07417,55,9,506027.5,3,5,5,13,Champions
C19962,1,5,505886.5,5,3,5,13,Champions
C02480,1,10,505879.5,5,5,5,15,Champions
C11929,94,8,505664.0,2,4,5,11,Loyal Customers
C18009,66,9,505626.0,3,5,5,13,Champions
C15381,81,6,505623.0,2,3,5,10,Loyal Customers
C11454,15,7,505449.0,5,4,5,14,Champions
C03232,5,9,505325.5,5,5,5,15,Champions
C09741,143,4,505294.5,2,2,5,9,Potential Customers
C01954,60,7,505272.0,3,4,5,12,Loyal Customers
C08484,109,7,505263.5,2,4,5,11,Loyal Customers
C17313,23,12,505195.0,4,5,5,14,Champions
C15314,6,9,504991.5,5,5,5,15,Champions
C07278,3,10,504990.5,5,5,5,15,Champions
C16422,12,5,504975.0,5,3,5,13,Champions
C03814,3,7,504912.0,5,4,5,14,Champions
C12975,131,9,504873.5,2,5,5,12,Loyal Customers
C07944,3,12,504832.5,5,5,5,15,Champions
C14707,13,11,504726.0,5,5,5,15,Champions
C01728,43,4,504681.5,3,2,5,10,Loyal Customers
C03656,16,7,504663.0,5,4,5,14,Champions
C18923,8,7,504516.5,5,4,5,14,Champions
C07228,2,11,504481.5,5,5,5,15,Champions
C17835,26,6,504320.5,4,3,5,12,Loyal Customers
C17172,3,6,504219.5,5,3,5,13,Champions
C14398,28,7,504186.5,4,4,5,13,Champions
C15435,213,6,504179.0,1,3,5,9,Potential Customers
C07665,9,7,504092.5,5,4,5,14,Champions
C10404,69,7,504071.5,3,4,5,12,Loyal Customers
C02898,17,8,504063.0,5,4,5,14,Champions
C15011,57,8,504012.0,3,4,5,12,Loyal Customers
C01289,29,5,503952.5,4,3,5,12,Loyal Customers
C12559,46,7,503850.5,3,4,5,12,Loyal Customers
C09604,21,11,503828.0,4,5,5,14,Champions
C06823,2,11,503825.0,5,5,5,15,Champions
C14819,94,7,503781.0,2,4,5,11,Loyal Customers
C08197,83,7,503579.0,2,4,5,11,Loyal Customers
C18618,33,10,503287.5,4,5,5,14,Champions
C02598,25,9,503220.5,4,5,5,14,Champions
C19638,2,7,503219.5,5,4,5,14,Champions
C15072,248,4,503154.0,1,2,5,8,Potential Customers
C02150,11,9,503116.0,5,5,5,15,Champions
C02835,51,10,502962.5,3,5,5,13,Champions
C03348,22,6,502759.0,4,3,5,12,Loyal Customers
C14695,53,12,502691.5,3,5,5,13,Champions
C00274,93,6,502658.5,2,3,5,10,Loyal Customers
C09598,82,8,502486.5,2,4,5,11,Loyal Customers
C15832,19,4,502466.5,4,2,5,11,Loyal Customers
C06893,18,7,502464.5,4,4,5,13,Champions
C08307,2,9,502366.0,5,5,5,15,Champions
C03745,1,7,502336.5,5,4,5,14,Champions
C01609,41,8,502328.5,3,4,5,12,Loyal Customers
C12278,66,8,502307.0,3,4,5,12,Loyal Customers
C12090,195,5,502086.5,1,3,5,9,Potential Customers
C11888,97,9,502083.0,2,5,5,12,Loyal Customers
C06580,2,7,502059.5,5,4,5,14,Champions
C12433,26,11,501944.5,4,5,5,14,Champions
C05673,82,9,501800.0,2,5,5,12,Loyal Customers
C07099,98,8,501779.0,2,4,5,11,Loyal Customers
C18132,13,7,501767.5,5,4,5,14,Champions
C16883,161,5,501551.0,2,3,5,10,Loyal Customers
C06771,9,6,501518.0,5,3,5,13,Champions
C18422,32,7,501438.5,4,4,5,13,Champions
C01844,12,8,501389.5,5,4,5,14,Champions
C16929,13,10,501321.5,5,5,5,15,Champions
C04906,39,7,501151.0,4,4,5,13,Champions
C10323,19,8,501147.0,4,4,5,13,Champions
C04817,19,6,501080.5,4,3,5,12,Loyal Customers
C13013,42,8,501056.0,3,4,5,12,Loyal Customers
C09419,29,9,501005.5,4,5,5,14,Champions
C16389,3,5,500829.0,5,3,5,13,Champions
C14531,8,7,500799.5,5,4,5,14,Champions
C16013,2,9,500715.0,5,5,5,15,Champions
C07676,7,8,500708.5,5,4,5,14,Champions
C18179,58,9,500613.5,3,5,5,13,Champions
C06519,8,6,500514.5,5,3,5,13,Champions
C16909,118,6,500492.5,2,3,5,10,Loyal Customers
C08106,60,7,500369.0,3,4,5,12,Loyal Customers
C12793,12,5,500323.5,5,3,5,13,Champions
C11858,72,10,500301.0,3,5,5,13,Champions
C05824,79,8,500177.5,3,4,5,12,Loyal Customers
C15672,15,10,500109.0,5,5,5,15,Champions
C09707,60,7,500087.5,3,4,5,12,Loyal Customers
C11086,19,8,500057.5,4,4,5,13,Champions
C02515,110,6,500004.0,2,3,5,10,Loyal Customers
C08180,58,5,499943.5,3,3,5,11,Loyal Customers
C14607,26,10,499770.5,4,5,5,14,Champions
C13489,17,7,499726.5,5,4,5,14,Champions
C12655,18,8,499706.0,4,4,5,13,Champions
C17897,5,8,499703.5,5,4,5,14,Champions
C05884,2,4,499645.0,5,2,5,12,Loyal Customers
C04854,39,8,499574.5,4,4,5,13,Champions
C17847,53,7,499473.5,3,4,5,12,Loyal Customers
C11543,57,6,499448.5,3,3,5,11,Loyal Customers
C14880,11,8,499364.0,5,4,5,14,Champions
C15762,56,9,499358.0,3,5,5,13,Champions
C03593,1,5,499295.5,5,3,5,13,Champions
C19612,16,6,499165.0,5,3,5,13,Champions
C13211,76,8,499094.0,3,4,5,12,Loyal Customers
C16746,2,7,499053.0,5,4,5,14,Champions
C04376,122,9,498999.5,2,5,5,12,Loyal Customers
C08744,41,8,498760.0,3,4,5,12,Loyal Customers
C01819,60,5,498586.0,3,3,5,11,Loyal Customers
C13486,47,4,498413.5,3,2,5,10,Loyal Customers
C08839,13,9,498349.5,5,5,5,15,Champions
C10109,23,10,498342.5,4,5,5,14,Champions
C07699,180,7,498337.5,2,4,5,11,Loyal Customers
C19190,32,9,498289.0,4,5,5,14,Champions
C03305,23,7,498167.5,4,4,5,13,Champions
C12160,381,6,498144.0,1,3,5,9,Potential Customers
C18456,185,9,498094.0,1,5,5,11,Loyal Customers
C04118,91,5,497865.0,2,3,5,10,Loyal Customers
C14806,7,6,497518.0,5,3,5,13,Champions
C09735,30,7,497439.0,4,4,5,13,Champions
C13237,41,5,497362.0,3,3,5,11,Loyal Customers
C00244,9,7,497241.0,5,4,5,14,Champions
C18576,34,6,497111.5,4,3,5,12,Loyal Customers
C16870,149,5,497090.5,2,3,5,10,Loyal Customers
C12185,6,7,497083.0,5,4,5,14,Champions
C04522,74,5,497071.5,3,3,5,11,Loyal Customers
C09350,9,8,497071.0,5,4,5,14,Champions
C17248,76,5,497068.0,3,3,5,11,Loyal Customers
C19183,245,5,497037.5,1,3,5,9,Potential Customers
C03533,63,8,497025.0,3,4,5,12,Loyal Customers
C17167,58,7,496941.0,3,4,5,12,Loyal Customers
C07141,77,6,496924.5,3,3,5,11,Loyal Customers
C14639,12,7,496829.5,5,4,5,14,Champions
C11174,52,9,496703.0,3,5,5,13,Champions
C00851,1,8,496548.0,5,4,5,14,Champions
C10367,71,4,496536.5,3,2,5,10,Loyal Customers
C18083,20,5,496530.5,4,3,5,12,Loyal Customers
C14430,20,5,496446.5,4,3,5,12,Loyal Customers
C10868,32,7,496353.0,4,4,5,13,Champions
C10442,97,5,496323.0,2,3,5,10,Loyal Customers
C09938,2,7,496307.5,5,4,5,14,Champions
C06209,194,6,496290.5,1,3,5,9,Potential Customers
C09276,12,7,496269.5,5,4,5,14,Champions
C18718,4,9,496266.0,5,5,5,15,Champions
C15767,145,9,496241.0,2,5,5,12,Loyal Customers
C12046,56,9,496033.0,3,5,5,13,Champions
C02181,1,8,495874.0,5,4,5,14,Champions
C17684,19,7,495869.5,4,4,5,13,Champions
C12524,25,7,495815.5,4,4,5,13,Champions
C05993,8,9,495765.0,5,5,5,15,Champions
C09908,6,7,495743.0,5,4,5,14,Champions
C15588,108,5,495742.5,2,3,5,10,Loyal Customers
C08092,273,8,495726.0,1,4,5,10,Loyal Customers
C17561,9,7,495666.5,5,4,5,14,Champions
C01944,16,6,495504.0,5,3,5,13,Champions
C18394,67,5,495363.5,3,3,5,11,Loyal Customers
C08671,16,7,495347.0,5,4,5,14,Champions
C00063,24,8,495274.0,4,4,5,13,Champions
C06729,22,4,495188.0,4,2,5,11,Loyal Customers
C15711,17,7,495131.5,5,4,5,14,Champions
C17340,63,9,494965.5,3,5,5,13,Champions
C08752,5,8,494796.5,5,4,5,14,Champions
C10163,1,4,494697.5,5,2,5,12,Loyal Customers
C05276,112,6,494550.5,2,3,5,10,Loyal Customers
C01465,263,4,494518.0,1,2,5,8,Potential Customers
C02996,17,9,494504.5,5,5,5,15,Champions
C08884,1,9,494492.5,5,5,5,15,Champions
C00770,23,4,494479.5,4,2,5,11,Loyal Customers
C14914,10,9,494398.0,5,5,5,15,Champions
C11926,26,8,494195.5,4,4,5,13,Champions
C11544,111,7,494171.5,2,4,5,11,Loyal Customers
C03774,14,10,494108.0,5,5,5,15,Champions
C02088,28,5,494067.0,4,3,5,12,Loyal Customers
C12857,20,7,494002.0,4,4,5,13,Champions
C12373,2,8,493968.5,5,4,5,14,Champions
C06884,27,9,493901.5,4,5,5,14,Champions
C04554,4,9,493794.0,5,5,5,15,Champions
C10224,76,8,493557.5,3,4,5,12,Loyal Customers
C13698,99,6,493419.5,2,3,5,10,Loyal Customers
C19818,38,7,493379.0,4,4,5,13,Champions
C12774,49,6,493319.5,3,3,5,11,Loyal Customers
C02029,1,7,493161.0,5,4,5,14,Champions
C06185,13,3,493094.5,5,1,5,11,Loyal Customers
C19302,75,5,493026.0,3,3,5,11,Loyal Customers
C14703,1,7,492904.5,5,4,5,14,Champions
C01266,66,4,492745.0,3,2,5,10,Loyal Customers
C13562,31,11,492700.0,4,5,5,14,Champions
C16797,54,8,492695.0,3,4,5,12,Loyal Customers
C02950,52,5,492600.5,3,3,5,11,Loyal Customers
C08681,180,7,492457.5,2,4,5,11,Loyal Customers
C17857,14,6,492397.0,5,3,5,13,Champions
C11575,15,11,492374.5,5,5,5,15,Champions
C17332,6,11,492182.5,5,5,5,15,Champions
C02338,75,7,492137.0,3,4,5,12,Loyal Customers
C18980,8,6,492069.5,5,3,5,13,Champions
C10942,40,5,492028.0,3,3,5,11,Loyal Customers
C15092,2,7,491869.5,5,4,5,14,Champions
C11015,15,8,491700.0,5,4,5,14,Champions
C14057,63,4,491648.5,3,2,5,10,Loyal Customers
C16603,4,6,491577.5,5,3,5,13,Champions
C10775,115,6,491563.0,2,3,5,10,Loyal Customers
C08244,56,9,491499.5,3,5,5,13,Champions
C00643,48,8,491393.5,3,4,5,12,Loyal Customers
C19120,225,6,491313.0,1,3,5,9,Potential Customers
C09393,1,12,491180.0,5,5,5,15,Champions
C18542,14,10,491166.0,5,5,5,15,Champions
C10649,138,3,490966.5,2,1,5,8,Potential Customers
C00621,93,6,490883.0,2,3,5,10,Loyal Customers
C05648,255,5,490873.0,1,3,5,9,Potential Customers
C14825,134,9,490860.5,2,5,5,12,Loyal Customers
C19542,3,8,490761.0,5,4,5,14,Champions
C18594,99,7,490650.0,2,4,5,11,Loyal Customers
C16613,17,7,490624.0,5,4,5,14,Champions
C06258,130,7,490619.5,2,4,5,11,Loyal Customers
C06546,97,5,490531.5,2,3,5,10,Loyal Customers
C12015,3,4,490513.0,5,2,5,12,Loyal Customers
C04335,15,11,490487.5,5,5,5,15,Champions
C18266,95,8,490455.0,2,4,5,11,Loyal Customers
C00830,12,8,490412.5,5,4,5,14,Champions
C10499,22,6,490381.5,4,3,5,12,Loyal Customers
C01151,111,3,490339.5,2,1,5,8,Potential Customers
C00710,4,5,490260.5,5,3,5,13,Champions
C18728,4,8,490259.5,5,4,5,14,Champions
C16536,1,12,490204.0,5,5,5,15,Champions
C11848,9,9,490186.0,5,5,5,15,Champions
C10889,23,8,490129.0,4,4,5,13,Champions
C13875,51,6,490128.5,3,3,5,11,Loyal Customers
C12327,10,7,489957.5,5,4,5,14,Champions
C14112,141,12,489921.5,2,5,5,12,Loyal Customers
C02814,26,8,489862.0,4,4,5,13,Champions
C19137,3,6,489754.0,5,3,5,13,Champions
C14950,34,10,489739.0,4,5,5,14,Champions
C09681,23,5,489703.5,4,3,5,12,Loyal Customers
C17914,213,8,489604.5,1,4,5,10,Loyal Customers
C01535,35,6,489450.5,4,3,5,12,Loyal Customers
C03427,32,7,489348.0,4,4,5,13,Champions
C18023,2,7,489194.0,5,4,5,14,Champions
C05859,1,5,489161.5,5,3,5,13,Champions
C07401,1,5,489104.5,5,3,5,13,Champions
C12214,27,9,488985.5,4,5,5,14,Champions
C15513,93,8,488951.0,2,4,5,11,Loyal Customers
C17982,55,6,488661.0,3,3,5,11,Loyal Customers
C03966,1,6,488617.5,5,3,5,13,Champions
C11331,33,9,488590.5,4,5,5,14,Champions
C14064,8,4,488588.5,5,2,5,12,Loyal Customers
C12215,35,4,488586.0,4,2,5,11,Loyal Customers
C07405,5,6,488389.0,5,3,5,13,Champions
C11577,146,6,488302.0,2,3,5,10,Loyal Customers
C00950,21,8,488264.5,4,4,5,13,Champions
C05037,257,6,488251.0,1,3,5,9,Potential Customers
C14487,3,6,488145.0,5,3,5,13,Champions
C19720,4,12,488132.5,5,5,5,15,Champions
C07087,11,4,488118.5,5,2,5,12,Loyal Customers
C18182,76,10,487878.0,3,5,5,13,Champions
C02368,5,6,487588.5,5,3,5,13,Champions
C08629,134,9,487093.0,2,5,5,12,Loyal Customers
C15406,17,10,487050.0,5,5,5,15,Champions
C02987,59,9,487044.0,3,5,5,13,Champions
C00048,5,3,486957.0,5,1,5,11,Loyal Customers
C13260,1,4,486856.0,5,2,5,12,Loyal Customers
C02723,94,8,486731.5,2,4,5,11,Loyal Customers
C16823,4,6,486727.0,5,3,5,13,Champions
C06374,8,9,486634.0,5,5,5,15,Champions
C03856,94,5,486555.5,2,3,5,10,Loyal Customers
C19002,30,7,486461.5,4,4,5,13,Champions
C15842,55,7,486460.5,3,4,5,12,Loyal Customers
C19545,62,6,486380.0,3,3,5,11,Loyal Customers
C13081,80,9,486365.0,2,5,5,12,Loyal Customers
C04567,7,7,486361.0,5,4,5,14,Champions
C11955,58,10,486333.0,3,5,5,13,Champions
C05759,85,9,486317.0,2,5,5,12,Loyal Customers
C07043,23,6,486287.5,4,3,5,12,Loyal Customers
C05239,11,7,486275.5,5,4,5,14,Champions
C16680,18,8,486206.0,4,4,5,13,Champions
C07623,49,8,486183.0,3,4,5,12,Loyal Customers
C16387,187,4,486091.0,1,2,5,8,Potential Customers
C15416,3,8,486065.5,5,4,5,14,Champions
C02934,3,5,486028.0,5,3,5,13,Champions
C05771,7,8,486013.0,5,4,5,14,Champions
C04086,9,4,485989.0,5,2,5,12,Loyal Customers
C09406,96,6,485875.0,2,3,5,10,Loyal Customers
C16479,15,6,485827.5,5,3,5,13,Champions
C06836,25,9,485661.5,4,5,5,14,Champions
C18164,23,10,485638.0,4,5,5,14,Champions
C01686,36,5,485588.5,4,3,5,12,Loyal Customers
C10692,51,5,485496.0,3,3,5,11,Loyal Customers
C17088,10,6,485476.5,5,3,5,13,Champions
C12614,14,9,485464.5,5,5,5,15,Champions
C16920,8,4,485103.5,5,2,5,12,Loyal Customers
C09457,21,7,485087.0,4,4,5,13,Champions
C17809,106,10,485040.0,2,5,5,12,Loyal Customers
C08395,2,7,484877.0,5,4,5,14,Champions
C09117,18,5,484817.5,4,3,5,12,Loyal Customers
C19141,385,6,484716.5,1,3,5,9,Potential Customers
C19872,33,7,484694.5,4,4,5,13,Champions
C10038,21,7,484666.5,4,4,5,13,Champions
C14565,331,6,484641.5,1,3,5,9,Potential Customers
C09560,41,7,484598.5,3,4,5,12,Loyal Customers
C04986,69,6,484311.0,3,3,5,11,Loyal Customers
C15052,54,6,484173.5,3,3,5,11,Loyal Customers
C16595,1,6,484086.0,5,3,5,13,Champions
C05857,2,8,484081.0,5,4,5,14,Champions
C03816,63,7,484051.0,3,4,5,12,Loyal Customers
C00633,26,9,484039.5,4,5,5,14,Champions
C01984,1,7,483998.5,5,4,5,14,Champions
C05615,212,3,483807.0,1,1,5,7,Potential Customers
C09254,34,6,483762.0,4,3,5,12,Loyal Customers
C08424,121,8,483650.0,2,4,5,11,Loyal Customers
C15816,193,9,483639.0,1,5,5,11,Loyal Customers
C13537,2,9,483618.5,5,5,5,15,Champions
C19650,40,8,483610.0,3,4,5,12,Loyal Customers
C04405,67,3,483543.5,3,1,5,9,Potential Customers
C17973,38,7,483510.0,4,4,5,13,Champions
C08690,1,7,483341.0,5,4,5,14,Champions
C04386,20,5,483297.5,4,3,5,12,Loyal Customers
C01232,21,9,483236.5,4,5,5,14,Champions
C16235,156,8,483157.0,2,4,5,11,Loyal Customers
C13520,119,7,483091.5,2,4,5,11,Loyal Customers
C08344,9,7,482948.0,5,4,5,14,Champions
C13571,82,4,482909.0,2,2,5,9,Potential Customers
C02235,28,11,482878.0,4,5,5,14,Champions
C19624,1,5,482858.0,5,3,5,13,Champions
C17437,69,5,482820.5,3,3,5,11,Loyal Customers
C14569,57,6,482439.5,3,3,5,11,Loyal Customers
C18498,18,10,482433.5,4,5,5,14,Champions
C18714,2,11,482359.0,5,5,5,15,Champions
C08643,223,4,482218.0,1,2,5,8,Potential Customers
C03976,49,6,482194.5,3,3,5,11,Loyal Customers
C12813,12,6,482045.0,5,3,5,13,Champions
C11245,166,5,481847.0,2,3,5,10,Loyal Customers
C08883,98,7,481835.5,2,4,5,11,Loyal Customers
C00357,18,7,481829.5,4,4,5,13,Champions
C04674,2,6,481775.5,5,3,5,13,Champions
C02198,38,10,481746.0,4,5,5,14,Champions
C08311,11,6,481730.5,5,3,5,13,Champions
C04718,23,7,481568.0,4,4,5,13,Champions
C13300,137,6,481530.0,2,3,5,10,Loyal Customers
C08259,68,6,481519.0,3,3,5,11,Loyal Customers
C03950,24,9,481447.0,4,5,5,14,Champions
C05490,5,6,481433.0,5,3,5,13,Champions
C18403,3,5,481321.0,5,3,5,13,Champions
C16717,219,9,481318.5,1,5,5,11,Loyal Customers
C06385,156,6,481318.0,2,3,5,10,Loyal Customers
C19389,25,4,481317.0,4,2,5,11,Loyal Customers
C16710,58,9,481288.0,3,5,5,13,Champions
C18950,16,9,481270.0,5,5,5,15,Champions
C07485,136,7,481265.5,2,4,5,11,Loyal Customers
C00319,46,9,481251.0,3,5,5,13,Champions
C16231,2,7,481088.5,5,4,5,14,Champions
C06897,39,6,481010.0,4,3,5,12,Loyal Customers
C02968,33,9,480880.5,4,5,5,14,Champions
C07691,35,6,480789.5,4,3,5,12,Loyal Customers
C10687,33,5,480788.0,4,3,5,12,Loyal Customers
C03274,31,11,480603.0,4,5,5,14,Champions
C09424,49,6,480552.5,3,3,5,11,Loyal Customers
C01668,21,10,480515.0,4,5,5,14,Champions
C01228,83,10,480450.5,2,5,5,12,Loyal Customers
C07902,48,8,480447.0,3,4,5,12,Loyal Customers
C00514,5,5,480392.5,5,3,5,13,Champions
C18044,35,5,480270.5,4,3,5,12,Loyal Customers
C15438,74,10,480261.5,3,5,5,13,Champions
C18223,177,5,480254.0,2,3,5,10,Loyal Customers
C08505,5,6,480225.5,5,3,5,13,Champions
C17148,152,7,480210.0,2,4,5,11,Loyal Customers
C08042,44,8,480192.0,3,4,5,12,Loyal Customers
C08848,51,7,480119.0,3,4,5,12,Loyal Customers
C16411,12,11,480096.0,5,5,5,15,Champions
C09391,14,5,480048.5,5,3,5,13,Champions
C18156,68,9,479972.0,3,5,5,13,Champions
C09928,16,9,479936.0,5,5,5,15,Champions
C16092,7,8,479762.5,5,4,5,14,Champions
C13294,41,6,479672.5,3,3,5,11,Loyal Customers
C14096,95,7,479523.0,2,4,5,11,Loyal Customers
C14407,21,5,479495.0,4,3,5,12,Loyal Customers
C15100,100,8,479476.0,2,4,5,11,Loyal Customers
C02600,17,10,479438.0,5,5,5,15,Champions
C01335,2,6,479436.0,5,3,5,13,Champions
C00049,123,9,479382.0,2,5,5,12,Loyal Customers
C13979,3,7,479329.5,5,4,5,14,Champions
C11967,33,6,479264.0,4,3,5,12,Loyal Customers
C02184,42,9,479246.5,3,5,5,13,Champions
C17373,193,3,479231.5,1,1,5,7,Potential Customers
C06444,109,6,479224.5,2,3,5,10,Loyal Customers
C05633,39,6,479207.0,4,3,5,12,Loyal Customers
C13414,55,5,479206.5,3,3,5,11,Loyal Customers
C14923,263,10,479190.5,1,5,5,11,Loyal Customers
C02926,78,5,479169.5,3,3,5,11,Loyal Customers
C05611,7,11,479104.5,5,5,5,15,Champions
C07697,16,8,478786.0,5,4,5,14,Champions
C00166,51,5,478781.5,3,3,5,11,Loyal Customers
C02120,37,8,478764.5,4,4,5,13,Champions
C05436,3,9,478751.0,5,5,5,15,Champions
C06108,4,6,478734.5,5,3,4,12,Loyal Customers
C12427,101,5,478650.0,2,3,4,9,Potential Customers
C04205,28,7,478605.0,4,4,4,12,Loyal Customers
C13192,7,7,478557.5,5,4,4,13,Champions
C08724,83,6,478430.0,2,3,4,9,Potential Customers
C14389,13,7,478347.0,5,4,4,13,Champions
C07633,12,8,478153.5,5,4,4,13,Champions
C06136,14,6,477949.0,5,3,4,12,Loyal Customers
C01034,24,6,477890.0,4,3,4,11,Loyal Customers
C07050,6,5,477855.0,5,3,4,12,Loyal Customers
C06625,33,10,477816.0,4,5,4,13,Champions
C18651,20,8,477759.5,4,4,4,12,Loyal Customers
C08030,23,6,477670.0,4,3,4,11,Loyal Customers
C17398,6,5,477468.0,5,3,4,12,Loyal Customers
C16255,5,8,477430.0,5,4,4,13,Champions
C03614,38,5,477419.5,4,3,4,11,Loyal Customers
C02587,3,5,477306.0,5,3,4,12,Loyal Customers
C18517,48,4,477300.0,3,2,4,9,Potential Customers
C18281,32,6,477277.5,4,3,4,11,Loyal Customers
C08477,8,9,477216.0,5,5,4,14,Champions
C10970,6,10,477184.5,5,5,4,14,Champions
C16337,2,5,477164.5,5,3,4,12,Loyal Customers
C18249,8,7,476768.5,5,4,4,13,Champions
C16453,79,9,476682.5,3,5,4,12,Loyal Customers
C00907,2,9,476629.5,5,5,4,14,Champions
C07872,36,8,476494.0,4,4,4,12,Loyal Customers
C14826,43,8,476462.5,3,4,4,11,Loyal Customers
C18526,55,8,476444.5,3,4,4,11,Loyal Customers
C16858,71,6,476422.0,3,3,4,10,Loyal Customers
C08748,8,8,476212.0,5,4,4,13,Champions
C05662,49,4,476179.0,3,2,4,9,Potential Customers
C03052,2,9,476178.0,5,5,4,14,Champions
C15083,46,8,476109.0,3,4,4,11,Loyal Customers
C10292,22,11,476052.0,4,5,4,13,Champions
C07021,7,5,475861.5,5,3,4,12,Loyal Customers
C02539,5,7,475849.5,5,4,4,13,Champions
C18823,252,2,475751.5,1,1,4,6,At Risk
C14996,71,6,475710.5,3,3,4,10,Loyal Customers
C12941,6,4,475637.0,5,2,4,11,Loyal Customers
C19903,35,7,475377.0,4,4,4,12,Loyal Customers
C02595,248,4,475368.0,1,2,4,7,Potential Customers
C02305,2,9,475236.0,5,5,4,14,Champions
C11915,79,7,475231.0,3,4,4,11,Loyal Customers
C04296,110,4,475130.5,2,2,4,8,Potential Customers
C03860,259,6,474980.5,1,3,4,8,Potential Customers
C03156,6,8,474830.0,5,4,4,13,Champions
C03375,66,10,474808.0,3,5,4,12,Loyal Customers
C09962,27,7,474726.0,4,4,4,12,Loyal Customers
C05969,14,7,474689.5,5,4,4,13,Champions
C15136,44,5,474677.5,3,3,4,10,Loyal Customers
C05732,11,8,474636.5,5,4,4,13,Champions
C09936,260,5,474636.0,1,3,4,8,Potential Customers
C12272,94,6,474596.5,2,3,4,9,Potential Customers
C06508,71,8,474559.0,3,4,4,11,Loyal Customers
C12673,4,7,474526.0,5,4,4,13,Champions
C01965,43,7,474502.0,3,4,4,11,Loyal Customers
C16696,67,8,474425.0,3,4,4,11,Loyal Customers
C10677,106,5,474424.5,2,3,4,9,Potential Customers
C11505,69,8,474384.5,3,4,4,11,Loyal Customers
C18815,40,4,474337.5,3,2,4,9,Potential Customers
C06859,25,8,474309.0,4,4,4,12,Loyal Customers
C01702,189,5,474199.0,1,3,4,8,Potential Customers
C16684,4,7,474157.0,5,4,4,13,Champions
C11323,9,10,474110.5,5,5,4,14,Champions
C08972,84,6,474081.0,2,3,4,9,Potential Customers
C02581,13,8,473987.0,5,4,4,13,Champions
C10297,19,6,473945.5,4,3,4,11,Loyal Customers
C10576,135,7,473942.5,2,4,4,10,Loyal Customers
C11033,4,6,473938.0,5,3,4,12,Loyal Customers
C04953,1,7,473923.0,5,4,4,13,Champions
C12117,11,6,473901.5,5,3,4,12,Loyal Customers
C03445,282,5,473874.5,1,3,4,8,Potential Customers
C17098,85,5,473834.5,2,3,4,9,Potential Customers
C03810,95,8,473804.5,2,4,4,10,Loyal Customers
C12457,73,7,473804.5,3,4,4,11,Loyal Customers
C17270,8,9,473758.0,5,5,4,14,Champions
C10626,45,7,473695.5,3,4,4,11,Loyal Customers
C18774,10,10,473637.5,5,5,4,14,Champions
C04202,23,3,473631.0,4,1,4,9,Potential Customers
C01328,201,4,473599.5,1,2,4,7,Potential Customers
C07450,65,6,473549.0,3,3,4,10,Loyal Customers
C15949,14,7,473442.5,5,4,4,13,Champions
C07114,14,9,473425.0,5,5,4,14,Champions
C01552,11,8,473324.0,5,4,4,13,Champions
C02859,11,10,473312.5,5,5,4,14,Champions
C17720,137,9,473242.5,2,5,4,11,Loyal Customers
C00795,12,9,473235.0,5,5,4,14,Champions
C17727,2,11,473137.5,5,5,4,14,Champions
C15688,23,7,473067.0,4,4,4,12,Loyal Customers
C18511,12,6,473028.5,5,3,4,12,Loyal Customers
C04487,5,8,472969.0,5,4,4,13,Champions
C17666,77,8,472965.5,3,4,4,11,Loyal Customers
C12293,22,8,472899.5,4,4,4,12,Loyal Customers
C13944,112,7,472885.0,2,4,4,10,Loyal Customers
C12728,357,5,472864.5,1,3,4,8,Potential Customers
C13059,20,9,472727.0,4,5,4,13,Champions
C10879,8,5,472710.0,5,3,4,12,Loyal Customers
C17668,38,5,472632.0,4,3,4,11,Loyal Customers
C05431,36,6,472630.0,4,3,4,11,Loyal Customers
C03913,45,6,472416.5,3,3,4,10,Loyal Customers
C04310,77,4,472380.0,3,2,4,9,Potential Customers
C06418,8,7,472294.5,5,4,4,13,Champions
C12791,42,4,472270.5,3,2,4,9,Potential Customers
C04912,19,4,472219.5,4,2,4,10,Loyal Customers
C06574,35,5,472212.5,4,3,4,11,Loyal Customers
C09323,30,7,472169.5,4,4,4,12,Loyal Customers
C19103,44,7,472138.0,3,4,4,11,Loyal Customers
C11355,10,8,471955.5,5,4,4,13,Champions
C04654,103,9,471938.5,2,5,4,11,Loyal Customers
C06782,34,7,471799.0,4,4,4,12,Loyal Customers
C17798,31,7,471770.0,4,4,4,12,Loyal Customers
C18461,78,7,471725.5,3,4,4,11,Loyal Customers
C19359,74,6,471660.0,3,3,4,10,Loyal Customers
C16268,17,8,471658.0,5,4,4,13,Champions
C16609,25,6,471651.0,4,3,4,11,Loyal Customers
C09926,100,3,471459.5,2,1,4,7,Potential Customers
C19697,56,9,471451.0,3,5,4,12,Loyal Customers
C16323,11,6,471381.0,5,3,4,12,Loyal Customers
C06416,4,6,471355.5,5,3,4,12,Loyal Customers
C10536,8,7,471233.0,5,4,4,13,Champions
C00697,15,10,471131.5,5,5,4,14,Champions
C18020,3,5,471010.5,5,3,4,12,Loyal Customers
C16541,7,5,470925.5,5,3,4,12,Loyal Customers
C05512,102,9,470855.0,2,5,4,11,Loyal Customers
C02347,32,6,470537.0,4,3,4,11,Loyal Customers
C04354,18,5,470510.5,4,3,4,11,Loyal Customers
C01539,32,6,470445.5,4,3,4,11,Loyal Customers
C14438,34,9,470353.5,4,5,4,13,Champions
C00141,99,8,470349.0,2,4,4,10,Loyal Customers
C09379,158,6,470321.5,2,3,4,9,Potential Customers
C19671,10,6,470092.0,5,3,4,12,Loyal Customers
C14779,302,6,470063.5,1,3,4,8,Potential Customers
C14660,45,8,470051.5,3,4,4,11,Loyal Customers
C05484,90,4,470011.5,2,2,4,8,Potential Customers
C02362,39,7,469958.5,4,4,4,12,Loyal Customers
C05858,18,8,469951.0,4,4,4,12,Loyal Customers
C05546,2,6,469860.0,5,3,4,12,Loyal Customers
C11372,69,7,469853.5,3,4,4,11,Loyal Customers
C05413,8,4,469785.0,5,2,4,11,Loyal Customers
C08479,3,7,469781.0,5,4,4,13,Champions
C02679,113,5,469745.5,2,3,4,9,Potential Customers
C02962,3,7,469724.0,5,4,4,13,Champions
C09132,124,5,469721.5,2,3,4,9,Potential Customers
C07873,4,5,469715.0,5,3,4,12,Loyal Customers
C02734,8,9,469621.0,5,5,4,14,Champions
C15038,68,7,469371.5,3,4,4,11,Loyal Customers
C10453,28,7,469355.0,4,4,4,12,Loyal Customers
C11402,22,7,469327.5,4,4,4,12,Loyal Customers
C03824,7,8,469271.5,5,4,4,13,Champions
C08269,8,7,469242.0,5,4,4,13,Champions
C03413,1,6,469204.5,5,3,4,12,Loyal Customers
C18040,134,7,469203.0,2,4,4,10,Loyal Customers
C11816,15,6,469173.5,5,3,4,12,Loyal Customers
C08601,41,8,469172.0,3,4,4,11,Loyal Customers
C06463,302,3,469105.5,1,1,4,6,At Risk
C15874,66,8,469074.5,3,4,4,11,Loyal Customers
C02954,2,4,469052.0,5,2,4,11,Loyal Customers
C08462,51,7,469025.0,3,4,4,11,Loyal Customers
C01094,58,8,469024.5,3,4,4,11,Loyal Customers
C03778,63,10,468986.5,3,5,4,12,Loyal Customers
C18691,38,7,468853.5,4,4,4,12,Loyal Customers
C07420,38,7,468802.5,4,4,4,12,Loyal Customers
C19648,1,8,468689.5,5,4,4,13,Champions
C18180,84,10,468623.5,2,5,4,11,Loyal Customers
C03392,28,10,468501.5,4,5,4,13,Champions
C11746,7,7,468434.0,5,4,4,13,Champions
C08509,33,9,468413.5,4,5,4,13,Champions
C18219,165,5,468368.0,2,3,4,9,Potential Customers
C18287,3,9,468363.0,5,5,4,14,Champions
C18459,37,8,468306.0,4,4,4,12,Loyal Customers
C08847,24,7,468272.5,4,4,4,12,Loyal Customers
C08807,13,7,468229.5,5,4,4,13,Champions
C19781,40,8,468221.0,3,4,4,11,Loyal Customers
C14302,18,4,468166.5,4,2,4,10,Loyal Customers
C00880,11,8,468161.5,5,4,4,13,Champions
C15930,37,7,468006.5,4,4,4,12,Loyal Customers
C02808,19,8,467840.5,4,4,4,12,Loyal Customers
C05320,50,6,467811.5,3,3,4,10,Loyal Customers
C10002,30,8,467619.5,4,4,4,12,Loyal Customers
C05388,16,8,467581.5,5,4,4,13,Champions
C10801,16,8,467392.5,5,4,4,13,Champions
C09648,20,7,467379.0,4,4,4,12,Loyal Customers
C03900,5,6,467181.5,5,3,4,12,Loyal Customers
C06659,10,6,466944.5,5,3,4,12,Loyal Customers
C19746,53,7,466914.5,3,4,4,11,Loyal Customers
C10730,31,7,466914.5,4,4,4,12,Loyal Customers
C00254,22,7,466812.5,4,4,4,12,Loyal Customers
C06947,50,10,466782.0,3,5,4,12,Loyal Customers
C01185,12,8,466777.0,5,4,4,13,Champions
C03061,18,9,466654.0,4,5,4,13,Champions
C12937,2,7,466645.5,5,4,4,13,Champions
C02473,124,6,466639.5,2,3,4,9,Potential Customers
C18095,1,7,466607.5,5,4,4,13,Champions
C00188,39,5,466567.5,4,3,4,11,Loyal Customers
C19963,11,8,466544.0,5,4,4,13,Champions
C15944,62,5,466538.5,3,3,4,10,Loyal Customers
C16607,63,7,466514.5,3,4,4,11,Loyal Customers
C16694,14,7,466424.5,5,4,4,13,Champions
C03725,1,8,466408.0,5,4,4,13,Champions
C00600,4,12,466377.5,5,5,4,14,Champions
C11169,91,7,466326.5,2,4,4,10,Loyal Customers
C11804,31,8,466320.0,4,4,4,12,Loyal Customers
C07277,82,6,466306.5,2,3,4,9,Potential Customers
C16647,114,4,466293.0,2,2,4,8,Potential Customers
C18442,26,9,466266.5,4,5,4,13,Champions
C10708,207,6,466137.5,1,3,4,8,Potential Customers
C07924,57,7,466093.0,3,4,4,11,Loyal Customers
C14223,12,8,466055.0,5,4,4,13,Champions
C06122,47,7,466048.5,3,4,4,11,Loyal Customers
C18793,4,8,466013.0,5,4,4,13,Champions
C09689,39,9,465959.0,4,5,4,13,Champions
C13688,81,6,465813.5,2,3,4,9,Potential Customers
C06091,76,6,465758.5,3,3,4,10,Loyal Customers
C10915,10,10,465684.5,5,5,4,14,Champions
C13786,38,6,465668.5,4,3,4,11,Loyal Customers
C00744,43,7,465567.0,3,4,4,11,Loyal Customers
C13179,7,5,465528.5,5,3,4,12,Loyal Customers
C13178,20,5,465479.5,4,3,4,11,Loyal Customers
C14644,69,7,465210.0,3,4,4,11,Loyal Customers
C13526,6,7,465193.0,5,4,4,13,Champions
C03750,48,6,465127.0,3,3,4,10,Loyal Customers
C13826,54,6,464968.5,3,3,4,10,Loyal Customers
C05479,49,7,464941.5,3,4,4,11,Loyal Customers
C08917,38,10,464914.5,4,5,4,13,Champions
C10430,72,4,464868.5,3,2,4,9,Potential Customers
C00033,6,9,464857.0,5,5,4,14,Champions
C01101,10,7,464852.5,5,4,4,13,Champions
C17392,49,8,464745.5,3,4,4,11,Loyal Customers
C09557,42,7,464712.0,3,4,4,11,Loyal Customers
C03775,135,5,464560.5,2,3,4,9,Potential Customers
C07265,69,5,464558.5,3,3,4,10,Loyal Customers
C13371,7,9,464483.0,5,5,4,14,Champions
C13648,61,7,464424.5,3,4,4,11,Loyal Customers
C07604,20,8,464170.5,4,4,4,12,Loyal Customers
C09148,119,6,464082.0,2,3,4,9,Potential Customers
C02132,33,7,464063.0,4,4,4,12,Loyal Customers
C10546,168,6,463973.5,2,3,4,9,Potential Customers
C18342,31,5,463877.0,4,3,4,11,Loyal Customers
C10585,30,6,463793.5,4,3,4,11,Loyal Customers
C17267,1,7,463779.0,5,4,4,13,Champions
C03091,19,9,463643.5,4,5,4,13,Champions
C07625,13,9,463474.5,5,5,4,14,Champions
C16886,74,8,463473.0,3,4,4,11,Loyal Customers
C06121,31,10,463465.0,4,5,4,13,Champions
C05409,23,6,463419.5,4,3,4,11,Loyal Customers
C07678,37,9,463377.0,4,5,4,13,Champions
C05470,38,5,463326.0,4,3,4,11,Loyal Customers
C04736,223,7,463266.5,1,4,4,9,Potential Customers
C14346,30,9,463200.5,4,5,4,13,Champions
C07764,47,7,463063.5,3,4,4,11,Loyal Customers
C05979,1,9,463053.5,5,5,4,14,Champions
C15676,79,5,462998.0,3,3,4,10,Loyal Customers
C19688,114,7,462977.5,2,4,4,10,Loyal Customers
C08101,90,6,462961.0,2,3,4,9,Potential Customers
C19447,77,5,462949.0,3,3,4,10,Loyal Customers
C05541,2,6,462939.5,5,3,4,12,Loyal Customers
C15266,114,6,462836.5,2,3,4,9,Potential Customers
C09296,102,6,462791.0,2,3,4,9,Potential Customers
C10757,53,10,462759.5,3,5,4,12,Loyal Customers
C01645,3,9,462707.5,5,5,4,14,Champions
C07598,89,5,462663.0,2,3,4,9,Potential Customers
C02432,98,6,462434.0,2,3,4,9,Potential Customers
C17113,28,7,462357.0,4,4,4,12,Loyal Customers
C08895,58,4,462314.0,3,2,4,9,Potential Customers
C14115,50,6,462264.0,3,3,4,10,Loyal Customers
C18766,86,15,462230.5,2,5,4,11,Loyal Customers
C10686,23,7,462221.5,4,4,4,12,Loyal Customers
C13504,2,6,462211.5,5,3,4,12,Loyal Customers
C18776,139,5,461890.5,2,3,4,9,Potential Customers
C05737,6,12,461879.0,5,5,4,14,Champions
C00839,19,8,461851.0,4,4,4,12,Loyal Customers
C11359,75,7,461833.0,3,4,4,11,Loyal Customers
C02522,29,11,461828.5,4,5,4,13,Champions
C05291,156,8,461815.5,2,4,4,10,Loyal Customers
C08753,9,7,461698.5,5,4,4,13,Champions
C10494,68,7,461637.0,3,4,4,11,Loyal Customers
C16010,2,9,461462.0,5,5,4,14,Champions
C19957,59,6,461454.0,3,3,4,10,Loyal Customers
C09915,84,8,461351.5,2,4,4,10,Loyal Customers
C02024,9,6,461322.0,5,3,4,12,Loyal Customers
C17307,32,8,461304.5,4,4,4,12,Loyal Customers
C16798,54,7,461275.5,3,4,4,11,Loyal Customers
C16258,11,8,461154.5,5,4,4,13,Champions
C02695,7,7,461099.5,5,4,4,13,Champions
C04478,8,5,461082.0,5,3,4,12,Loyal Customers
C09854,10,9,461077.5,5,5,4,14,Champions
C11540,48,5,461028.0,3,3,4,10,Loyal Customers
C19904,1,8,461013.0,5,4,4,13,Champions
C05079,1,9,460988.5,5,5,4,14,Champions
C07661,6,5,460943.0,5,3,4,12,Loyal Customers
C17620,72,7,460794.0,3,4,4,11,Loyal Customers
C18429,2,5,460741.0,5,3,4,12,Loyal Customers
C12579,38,7,460728.0,4,4,4,12,Loyal Customers
C09421,18,10,460636.0,4,5,4,13,Champions
C02642,2,7,460599.5,5,4,4,13,Champions
C04987,31,10,460593.5,4,5,4,13,Champions
C14838,81,7,460582.5,2,4,4,10,Loyal Customers
C12333,8,3,460516.0,5,1,4,10,Loyal Customers
C08862,5,5,460373.0,5,3,4,12,Loyal Customers
C11525,31,6,460283.5,4,3,4,11,Loyal Customers
C07831,19,6,460260.5,4,3,4,11,Loyal Customers
C10205,4,7,460233.5,5,4,4,13,Champions
C00137,97,8,460078.5,2,4,4,10,Loyal Customers
C10186,230,7,460042.5,1,4,4,9,Potential Customers
C05501,5,8,460032.5,5,4,4,13,Champions
C12093,97,3,459925.0,2,1,4,7,Potential Customers
C13427,75,5,459880.5,3,3,4,10,Loyal Customers
C09647,61,5,459754.5,3,3,4,10,Loyal Customers
C16368,25,7,459659.5,4,4,4,12,Loyal Customers
C17353,78,6,459542.0,3,3,4,10,Loyal Customers
C05272,14,8,459491.0,5,4,4,13,Champions
C14218,11,7,459460.0,5,4,4,13,Champions
C07215,3,6,459385.5,5,3,4,12,Loyal Customers
C07529,3,5,459384.0,5,3,4,12,Loyal Customers
C12421,8,6,459282.5,5,3,4,12,Loyal Customers
C02510,16,7,459282.0,5,4,4,13,Champions
C08483,9,9,459233.5,5,5,4,14,Champions
C06759,13,7,459216.5,5,4,4,13,Champions
C12321,81,10,459055.0,2,5,4,11,Loyal Customers
C00181,31,7,459050.0,4,4,4,12,Loyal Customers
C11954,1,7,458878.5,5,4,4,13,Champions
C18003,62,11,458761.0,3,5,4,12,Loyal Customers
C16633,40,7,458756.0,3,4,4,11,Loyal Customers
C14385,7,8,458715.5,5,4,4,13,Champions
C09176,3,10,458601.0,5,5,4,14,Champions
C18002,4,8,458548.0,5,4,4,13,Champions
C10031,202,6,458355.5,1,3,4,8,Potential Customers
C08512,51,7,458282.5,3,4,4,11,Loyal Customers
C08176,102,8,458172.0,2,4,4,10,Loyal Customers
C17960,19,5,457992.0,4,3,4,11,Loyal Customers
C14058,18,7,457987.5,4,4,4,12,Loyal Customers
C00438,32,7,457977.5,4,4,4,12,Loyal Customers
C00369,19,5,457948.5,4,3,4,11,Loyal Customers
C19861,27,6,457922.5,4,3,4,11,Loyal Customers
C17278,16,11,457908.0,5,5,4,14,Champions
C07191,251,5,457891.0,1,3,4,8,Potential Customers
C05351,1,4,457802.5,5,2,4,11,Loyal Customers
C13955,5,3,457551.5,5,1,4,10,Loyal Customers
C19467,5,7,457520.0,5,4,4,13,Champions
C15419,78,5,457504.0,3,3,4,10,Loyal Customers
C01663,36,6,457500.0,4,3,4,11,Loyal Customers
C09588,7,5,457498.5,5,3,4,12,Loyal Customers
C03959,30,11,457493.0,4,5,4,13,Champions
C13950,13,8,457463.5,5,4,4,13,Champions
C19358,81,8,457452.0,2,4,4,10,Loyal Customers
C13975,12,8,457418.0,5,4,4,13,Champions
C10293,20,6,457358.5,4,3,4,11,Loyal Customers
C02570,4,9,457347.0,5,5,4,14,Champions
C04139,59,6,457307.0,3,3,4,10,Loyal Customers
C07859,153,3,457290.0,2,1,4,7,Potential Customers
C16113,54,8,457266.0,3,4,4,11,Loyal Customers
C18209,4,6,457182.5,5,3,4,12,Loyal Customers
C19171,9,7,457180.0,5,4,4,13,Champions
C05176,97,5,457179.0,2,3,4,9,Potential Customers
C12761,12,8,457168.0,5,4,4,13,Champions
C15898,1,5,457158.0,5,3,4,12,Loyal Customers
C19148,67,8,457140.0,3,4,4,11,Loyal Customers
C07653,4,6,457040.0,5,3,4,12,Loyal Customers
C02606,7,9,456989.5,5,5,4,14,Champions
C10257,4,6,456955.5,5,3,4,12,Loyal Customers
C13830,222,8,456909.5,1,4,4,9,Potential Customers
C14604,18,5,456883.0,4,3,4,11,Loyal Customers
C13963,15,7,456879.0,5,4,4,13,Champions
C14236,38,4,456776.5,4,2,4,10,Loyal Customers
C07543,3,5,456698.5,5,3,4,12,Loyal Customers
C08316,134,4,456635.5,2,2,4,8,Potential Customers
C08716,19,7,456503.5,4,4,4,12,Loyal Customers
C04773,11,6,456431.0,5,3,4,12,Loyal Customers
C17449,48,3,456421.0,3,1,4,8,Potential Customers
C00898,12,9,456320.0,5,5,4,14,Champions
C05007,224,6,456315.5,1,3,4,8,Potential Customers
C06671,146,8,456280.0,2,4,4,10,Loyal Customers
C02706,62,4,456104.5,3,2,4,9,Potential Customers
C00028,48,6,456097.5,3,3,4,10,Loyal Customers
C15511,51,5,456011.5,3,3,4,10,Loyal Customers
C00970,6,7,456006.0,5,4,4,13,Champions
C03429,5,7,455998.0,5,4,4,13,Champions
C12012,113,5,455938.5,2,3,4,9,Potential Customers
C12163,11,9,455929.5,5,5,4,14,Champions
C19645,14,8,455890.5,5,4,4,13,Champions
C08205,13,10,455743.5,5,5,4,14,Champions
C18767,31,7,455700.0,4,4,4,12,Loyal Customers
C08261,4,8,455634.5,5,4,4,13,Champions
C08870,92,9,455587.0,2,5,4,11,Loyal Customers
C16807,27,4,455541.0,4,2,4,10,Loyal Customers
C06584,4,6,455515.0,5,3,4,12,Loyal Customers
C07370,1,7,455491.5,5,4,4,13,Champions
C00001,31,7,455326.5,4,4,4,12,Loyal Customers
C07651,31,7,455255.5,4,4,4,12,Loyal Customers
C12720,50,5,455171.5,3,3,4,10,Loyal Customers
C15258,19,9,455091.5,4,5,4,13,Champions
C04304,16,7,455088.0,5,4,4,13,Champions
C08591,83,9,455080.5,2,5,4,11,Loyal Customers
C03682,1,7,455064.0,5,4,4,13,Champions
C12923,26,8,455050.0,4,4,4,12,Loyal Customers
C00692,34,4,454934.0,4,2,4,10,Loyal Customers
C08431,74,6,454853.0,3,3,4,10,Loyal Customers
C15872,32,7,454844.0,4,4,4,12,Loyal Customers
C07721,224,4,454808.0,1,2,4,7,Potential Customers
C04936,23,5,454766.0,4,3,4,11,Loyal Customers
C02538,18,8,454726.5,4,4,4,12,Loyal Customers
C11895,13,4,454721.5,5,2,4,11,Loyal Customers
C03835,3,7,454415.5,5,4,4,13,Champions
C11920,39,11,454405.5,4,5,4,13,Champions
C04814,39,7,454342.0,4,4,4,12,Loyal Customers
C18384,26,5,454269.0,4,3,4,11,Loyal Customers
C09240,135,6,454248.5,2,3,4,9,Potential Customers
C08198,42,5,454246.5,3,3,4,10,Loyal Customers
C12125,8,4,454181.0,5,2,4,11,Loyal Customers
C05930,57,5,454079.0,3,3,4,10,Loyal Customers
C19974,104,7,453976.5,2,4,4,10,Loyal Customers
C06843,128,7,453959.5,2,4,4,10,Loyal Customers
C17711,34,7,453911.0,4,4,4,12,Loyal Customers
C11227,1,7,453906.0,5,4,4,13,Champions
C07423,10,7,453815.0,5,4,4,13,Champions
C12553,77,8,453726.0,3,4,4,11,Loyal Customers
C11139,19,7,453716.0,4,4,4,12,Loyal Customers
C14926,9,5,453671.0,5,3,4,12,Loyal Customers
C04290,106,7,453599.0,2,4,4,10,Loyal Customers
C02470,1,6,453568.5,5,3,4,12,Loyal Customers
C09186,64,6,453556.5,3,3,4,10,Loyal Customers
C03955,5,5,453540.0,5,3,4,12,Loyal Customers
C05446,1,5,453491.0,5,3,4,12,Loyal Customers
C09654,87,6,453349.0,2,3,4,9,Potential Customers
C09852,14,6,453347.0,5,3,4,12,Loyal Customers
C08089,4,5,453237.0,5,3,4,12,Loyal Customers
C11426,3,6,453057.5,5,3,4,12,Loyal Customers
C13436,24,6,453031.0,4,3,4,11,Loyal Customers
C03133,5,8,453024.5,5,4,4,13,Champions
C16282,38,5,452947.5,4,3,4,11,Loyal Customers
C09480,18,8,452907.0,4,4,4,12,Loyal Customers
C13368,122,5,452906.5,2,3,4,9,Potential Customers
C02244,5,9,452881.0,5,5,4,14,Champions
C09173,3,7,452829.0,5,4,4,13,Champions
C02931,5,8,452810.5,5,4,4,13,Champions
C18662,19,8,452738.0,4,4,4,12,Loyal Customers
C07371,31,6,452632.5,4,3,4,11,Loyal Customers
C09783,1,4,452620.0,5,2,4,11,Loyal Customers
C01450,74,5,452494.0,3,3,4,10,Loyal Customers
C19567,16,6,452466.5,5,3,4,12,Loyal Customers
C09980,43,7,452444.0,3,4,4,11,Loyal Customers
C14224,13,9,452418.5,5,5,4,14,Champions
C13649,7,13,452378.5,5,5,4,14,Champions
C16284,14,7,452318.5,5,4,4,13,Champions
C01682,7,7,452260.5,5,4,4,13,Champions
C11791,16,9,452159.5,5,5,4,14,Champions
C09079,3,8,452129.0,5,4,4,13,Champions
C07293,210,3,452050.0,1,1,4,6,At Risk
C16847,46,6,452028.5,3,3,4,10,Loyal Customers
C04413,22,4,452019.5,4,2,4,10,Loyal Customers
C01243,133,2,452014.0,2,1,4,7,Potential Customers
C13288,19,8,452007.5,4,4,4,12,Loyal Customers
C19025,75,5,451962.5,3,3,4,10,Loyal Customers
C11980,42,7,451826.5,3,4,4,11,Loyal Customers
C01003,53,4,451761.0,3,2,4,9,Potential Customers
C00016,40,4,451760.5,3,2,4,9,Potential Customers
C00101,2,6,451746.0,5,3,4,12,Loyal Customers
C13568,96,6,451733.5,2,3,4,9,Potential Customers
C05187,51,7,451671.0,3,4,4,11,Loyal Customers
C12268,5,9,451669.0,5,5,4,14,Champions
C08530,2,8,451575.0,5,4,4,13,Champions
C00574,31,6,451549.0,4,3,4,11,Loyal Customers
C00683,38,7,451533.0,4,4,4,12,Loyal Customers
C07658,63,9,451516.0,3,5,4,12,Loyal Customers
C02885,66,7,451498.5,3,4,4,11,Loyal Customers
C04426,92,6,451446.0,2,3,4,9,Potential Customers
C14606,49,6,451386.0,3,3,4,10,Loyal Customers
C13593,35,4,451252.0,4,2,4,10,Loyal Customers
C19225,178,6,451095.5,2,3,4,9,Potential Customers
C06032,103,5,451048.0,2,3,4,9,Potential Customers
C02722,57,3,450999.0,3,1,4,8,Potential Customers
C12449,20,7,450986.5,4,4,4,12,Loyal Customers
C00212,112,7,450982.0,2,4,4,10,Loyal Customers
C16184,82,7,450903.5,2,4,4,10,Loyal Customers
C14183,7,6,450884.0,5,3,4,12,Loyal Customers
C16767,13,8,450875.0,5,4,4,13,Champions
C02072,8,8,450755.0,5,4,4,13,Champions
C11827,131,6,450738.5,2,3,4,9,Potential Customers
C02157,2,7,450711.0,5,4,4,13,Champions
C14405,140,8,450699.0,2,4,4,10,Loyal Customers
C15141,15,8,450681.0,5,4,4,13,Champions
C14104,28,11,450675.0,4,5,4,13,Champions
C11040,1,6,450562.5,5,3,4,12,Loyal Customers
C05437,50,8,450544.5,3,4,4,11,Loyal Customers
C04621,38,6,450509.0,4,3,4,11,Loyal Customers
C13549,132,4,450493.5,2,2,4,8,Potential Customers
C07131,14,8,450482.5,5,4,4,13,Champions
C11782,20,8,450432.5,4,4,4,12,Loyal Customers
C13719,140,6,450415.0,2,3,4,9,Potential Customers
C12749,156,4,450380.5,2,2,4,8,Potential Customers
C04683,2,8,450318.0,5,4,4,13,Champions
C15155,79,8,450309.5,3,4,4,11,Loyal Customers
C05349,14,7,450293.0,5,4,4,13,Champions
C16953,97,6,450289.0,2,3,4,9,Potential Customers
C09781,45,9,450262.5,3,5,4,12,Loyal Customers
C09250,17,7,450107.5,5,4,4,13,Champions
C18852,3,11,450062.5,5,5,4,14,Champions
C10495,116,5,449993.5,2,3,4,9,Potential Customers
C08630,19,7,449973.5,4,4,4,12,Loyal Customers
C04760,127,7,449905.0,2,4,4,10,Loyal Customers
C05584,22,8,449892.5,4,4,4,12,Loyal Customers
C08960,28,7,449886.5,4,4,4,12,Loyal Customers
C06867,17,3,449736.0,5,1,4,10,Loyal Customers
C04533,23,7,449601.0,4,4,4,12,Loyal Customers
C06499,70,4,449564.5,3,2,4,9,Potential Customers
C03261,3,5,449477.5,5,3,4,12,Loyal Customers
C15068,20,6,449410.5,4,3,4,11,Loyal Customers
C01159,23,8,449365.5,4,4,4,12,Loyal Customers
C06256,39,10,449315.5,4,5,4,13,Champions
C02206,47,7,449299.0,3,4,4,11,Loyal Customers
C15661,13,3,449261.0,5,1,4,10,Loyal Customers
C05807,94,5,449258.5,2,3,4,9,Potential Customers
C01380,75,9,449248.0,3,5,4,12,Loyal Customers
C05459,105,6,449204.0,2,3,4,9,Potential Customers
C19752,17,9,449124.5,5,5,4,14,Champions
C04151,76,8,448979.0,3,4,4,11,Loyal Customers
C01388,7,11,448857.5,5,5,4,14,Champions
C10035,50,7,448808.5,3,4,4,11,Loyal Customers
C13471,50,11,448774.5,3,5,4,12,Loyal Customers
C09640,60,8,448652.0,3,4,4,11,Loyal Customers
C10519,3,7,448607.5,5,4,4,13,Champions
C04613,27,6,448361.0,4,3,4,11,Loyal Customers
C03971,14,11,448272.0,5,5,4,14,Champions
C02865,29,5,448169.0,4,3,4,11,Loyal Customers
C03890,64,5,448166.0,3,3,4,10,Loyal Customers
C06982,22,8,447966.0,4,4,4,12,Loyal Customers
C10761,164,4,447955.0,2,2,4,8,Potential Customers
C19740,148,6,447912.0,2,3,4,9,Potential Customers
C06601,10,4,447884.0,5,2,4,11,Loyal Customers
C04013,281,8,447789.0,1,4,4,9,Potential Customers
C10405,2,10,447772.5,5,5,4,14,Champions
C13475,3,8,447760.5,5,4,4,13,Champions
C16209,55,6,447739.0,3,3,4,10,Loyal Customers
C16946,16,7,447684.0,5,4,4,13,Champions
C14046,27,5,447655.5,4,3,4,11,Loyal Customers
C07471,57,7,447606.0,3,4,4,11,Loyal Customers
C02020,65,6,447550.0,3,3,4,10,Loyal Customers
C09822,18,6,447537.0,4,3,4,11,Loyal Customers
C03068,7,5,447513.5,5,3,4,12,Loyal Customers
C08341,18,6,447512.5,4,3,4,11,Loyal Customers
C13003,5,6,447454.5,5,3,4,12,Loyal Customers
C09504,28,7,447443.0,4,4,4,12,Loyal Customers
C10506,74,8,447399.5,3,4,4,11,Loyal Customers
C09676,2,11,447362.5,5,5,4,14,Champions
C14489,151,5,447349.5,2,3,4,9,Potential Customers
C13787,61,4,447320.0,3,2,4,9,Potential Customers
C05614,33,6,447308.0,4,3,4,11,Loyal Customers
C17044,34,9,447272.5,4,5,4,13,Champions
C00131,8,6,447139.0,5,3,4,12,Loyal Customers
C08472,87,5,447111.5,2,3,4,9,Potential Customers
C09616,11,8,447051.5,5,4,4,13,Champions
C04113,110,7,447000.5,2,4,4,10,Loyal Customers
C13254,3,10,446710.0,5,5,4,14,Champions
C03965,4,8,446706.0,5,4,4,13,Champions
C00407,6,7,446700.5,5,4,4,13,Champions
C03193,21,4,446660.5,4,2,4,10,Loyal Customers
C14068,1,8,446524.5,5,4,4,13,Champions
C01802,12,7,446487.5,5,4,4,13,Champions
C04937,17,8,446446.5,5,4,4,13,Champions
C08923,15,3,446420.0,5,1,4,10,Loyal Customers
C16979,10,6,446415.0,5,3,4,12,Loyal Customers
C02048,31,8,446405.0,4,4,4,12,Loyal Customers
C15252,73,7,446387.0,3,4,4,11,Loyal Customers
C05364,2,8,446356.5,5,4,4,13,Champions
C04963,28,5,446350.5,4,3,4,11,Loyal Customers
C19370,18,4,446340.5,4,2,4,10,Loyal Customers
C02487,32,5,446335.5,4,3,4,11,Loyal Customers
C07458,13,7,446327.5,5,4,4,13,Champions
C06492,23,6,446268.0,4,3,4,11,Loyal Customers
C17803,59,7,446216.0,3,4,4,11,Loyal Customers
C18652,40,5,446203.0,3,3,4,10,Loyal Customers
C04794,138,6,446171.0,2,3,4,9,Potential Customers
C00200,33,5,446127.0,4,3,4,11,Loyal Customers
C09829,91,3,446089.0,2,1,4,7,Potential Customers
C11673,32,8,446055.5,4,4,4,12,Loyal Customers
C07324,57,6,446022.0,3,3,4,10,Loyal Customers
C11234,19,9,446013.0,4,5,4,13,Champions
C16038,8,6,445973.5,5,3,4,12,Loyal Customers
C00232,241,7,445965.5,1,4,4,9,Potential Customers
C18455,1,9,445951.5,5,5,4,14,Champions
C16662,66,9,445947.5,3,5,4,12,Loyal Customers
C13539,44,7,445926.0,3,4,4,11,Loyal Customers
C04615,44,8,445865.5,3,4,4,11,Loyal Customers
C08882,23,7,445856.0,4,4,4,12,Loyal Customers
C10476,87,6,445854.0,2,3,4,9,Potential Customers
C04257,5,9,445846.5,5,5,4,14,Champions
C15831,15,8,445843.5,5,4,4,13,Champions
C17365,96,8,445705.5,2,4,4,10,Loyal Customers
C05686,70,7,445655.5,3,4,4,11,Loyal Customers
C18839,152,6,445639.5,2,3,4,9,Potential Customers
C13569,100,5,445559.0,2,3,4,9,Potential Customers
C13622,25,6,445556.0,4,3,4,11,Loyal Customers
C05613,86,5,445489.5,2,3,4,9,Potential Customers
C02964,1,9,445289.0,5,5,4,14,Champions
C17848,1,8,445182.5,5,4,4,13,Champions
C14258,16,8,445161.5,5,4,4,13,Champions
C03795,52,7,445051.5,3,4,4,11,Loyal Customers
C06352,176,7,445048.5,2,4,4,10,Loyal Customers
C09810,52,5,445017.0,3,3,4,10,Loyal Customers
C10304,104,9,445002.0,2,5,4,11,Loyal Customers
C06446,6,5,444982.0,5,3,4,12,Loyal Customers
C15543,32,5,444873.5,4,3,4,11,Loyal Customers
C10161,13,10,444830.5,5,5,4,14,Champions
C10335,211,6,444775.0,1,3,4,8,Potential Customers
C18836,149,7,444769.0,2,4,4,10,Loyal Customers
C11146,3,8,444642.5,5,4,4,13,Champions
C04382,24,7,444642.5,4,4,4,12,Loyal Customers
C13038,86,10,444605.5,2,5,4,11,Loyal Customers
C00980,19,10,444579.0,4,5,4,13,Champions
C19413,8,7,444537.5,5,4,4,13,Champions
C04595,34,8,444534.0,4,4,4,12,Loyal Customers
C18623,64,7,444415.0,3,4,4,11,Loyal Customers
C06357,177,5,444351.0,2,3,4,9,Potential Customers
C04875,8,6,444309.0,5,3,4,12,Loyal Customers
C19343,207,7,444198.5,1,4,4,9,Potential Customers
C04631,27,6,444014.5,4,3,4,11,Loyal Customers
C19156,25,7,443958.0,4,4,4,12,Loyal Customers
C19954,77,8,443948.5,3,4,4,11,Loyal Customers
C18971,7,7,443906.5,5,4,4,13,Champions
C14001,165,5,443882.0,2,3,4,9,Potential Customers
C14557,2,8,443868.5,5,4,4,13,Champions
C05254,25,7,443827.0,4,4,4,12,Loyal Customers
C03442,42,5,443728.0,3,3,4,10,Loyal Customers
C14165,26,7,443683.5,4,4,4,12,Loyal Customers
C15552,21,8,443679.5,4,4,4,12,Loyal Customers
C02307,56,7,443466.5,3,4,4,11,Loyal Customers
C16583,80,8,443371.5,2,4,4,10,Loyal Customers
C09933,107,7,443160.0,2,4,4,10,Loyal Customers
C03911,46,4,443154.0,3,2,4,9,Potential Customers
C05090,49,9,443090.0,3,5,4,12,Loyal Customers
C08145,6,6,443051.0,5,3,4,12,Loyal Customers
C01053,7,7,442972.5,5,4,4,13,Champions
C10483,12,10,442850.0,5,5,4,14,Champions
C18775,10,9,442826.5,5,5,4,14,Champions
C05531,31,9,442808.0,4,5,4,13,Champions
C00837,136,6,442804.0,2,3,4,9,Potential Customers
C04528,8,8,442689.5,5,4,4,13,Champions
C11906,14,7,442681.0,5,4,4,13,Champions
C03748,36,8,442595.0,4,4,4,12,Loyal Customers
C08701,39,8,442479.5,4,4,4,12,Loyal Customers
C18786,2,8,442449.5,5,4,4,13,Champions
C08270,7,7,442382.0,5,4,4,13,Champions
C04148,18,9,442282.0,4,5,4,13,Champions
C02558,7,6,442274.5,5,3,4,12,Loyal Customers
C05208,9,7,442257.0,5,4,4,13,Champions
C18278,5,5,442243.5,5,3,4,12,Loyal Customers
C04471,16,9,442170.0,5,5,4,14,Champions
C00237,86,11,442164.0,2,5,4,11,Loyal Customers
C14011,111,7,442149.0,2,4,4,10,Loyal Customers
C12618,57,6,442093.0,3,3,4,10,Loyal Customers
C06329,23,8,442049.5,4,4,4,12,Loyal Customers
C14376,31,6,442030.0,4,3,4,11,Loyal Customers
C06943,30,5,441998.0,4,3,4,11,Loyal Customers
C18601,8,5,441973.0,5,3,4,12,Loyal Customers
C03636,1,9,441938.5,5,5,4,14,Champions
C05910,68,7,441935.5,3,4,4,11,Loyal Customers
C02607,1,10,441935.0,5,5,4,14,Champions
C16650,56,5,441874.5,3,3,4,10,Loyal Customers
C03850,3,13,441587.5,5,5,4,14,Champions
C05825,9,7,441575.5,5,4,4,13,Champions
C05074,40,5,441529.5,3,3,4,10,Loyal Customers
C11425,93,6,441507.0,2,3,4,9,Potential Customers
C07679,1,9,441504.0,5,5,4,14,Champions
C16589,2,7,441497.0,5,4,4,13,Champions
C05770,78,9,441348.5,3,5,4,12,Loyal Customers
C13072,5,5,441308.0,5,3,4,12,Loyal Customers
C09696,17,6,441294.5,5,3,4,12,Loyal Customers
C05295,47,5,441255.0,3,3,4,10,Loyal Customers
C07821,150,4,441136.5,2,2,4,8,Potential Customers
C13390,33,7,441131.0,4,4,4,12,Loyal Customers
C12794,14,9,441099.0,5,5,4,14,Champions
C19052,67,6,440919.0,3,3,4,10,Loyal Customers
C15975,40,8,440894.0,3,4,4,11,Loyal Customers
C05101,12,6,440872.0,5,3,4,12,Loyal Customers
C01554,13,8,440814.5,5,4,4,13,Champions
C06661,46,5,440779.0,3,3,4,10,Loyal Customers
C13609,41,8,440742.5,3,4,4,11,Loyal Customers
C09562,50,4,440684.0,3,2,4,9,Potential Customers
C09695,79,8,440669.0,3,4,4,11,Loyal Customers
C11399,231,6,440596.5,1,3,4,8,Potential Customers
C10563,5,7,440582.5,5,4,4,13,Champions
C01604,172,6,440560.5,2,3,4,9,Potential Customers
C01152,2,8,440395.0,5,4,4,13,Champions
C02281,7,4,440373.5,5,2,4,11,Loyal Customers
C06544,15,5,440359.5,5,3,4,12,Loyal Customers
C02145,206,6,440357.0,1,3,4,8,Potential Customers
C04880,352,5,440248.5,1,3,4,8,Potential Customers
C13409,84,6,440201.5,2,3,4,9,Potential Customers
C12832,6,6,440198.5,5,3,4,12,Loyal Customers
C11201,115,5,440178.0,2,3,4,9,Potential Customers
C00763,30,6,440075.0,4,3,4,11,Loyal Customers
C15687,145,7,439901.5,2,4,4,10,Loyal Customers
C00809,172,7,439807.0,2,4,4,10,Loyal Customers
C12776,4,9,439558.0,5,5,4,14,Champions
C00070,72,5,439548.0,3,3,4,10,Loyal Customers
C12727,12,6,439540.5,5,3,4,12,Loyal Customers
C17045,62,5,439521.5,3,3,4,10,Loyal Customers
C18696,248,5,439510.0,1,3,4,8,Potential Customers
C06139,68,8,439484.5,3,4,4,11,Loyal Customers
C07913,73,7,439458.0,3,4,4,11,Loyal Customers
C19690,20,5,439393.5,4,3,4,11,Loyal Customers
C07299,26,9,439195.5,4,5,4,13,Champions
C12726,43,6,439139.5,3,3,4,10,Loyal Customers
C00695,4,10,439134.0,5,5,4,14,Champions
C10865,118,6,439089.5,2,3,4,9,Potential Customers
C19527,57,7,439060.5,3,4,4,11,Loyal Customers
C08163,21,10,439025.0,4,5,4,13,Champions
C14561,29,5,439001.0,4,3,4,11,Loyal Customers
C12281,7,10,438887.0,5,5,4,14,Champions
C11856,1,8,438720.0,5,4,4,13,Champions
C07687,279,8,438653.5,1,4,4,9,Potential Customers
C11565,52,6,438623.5,3,3,4,10,Loyal Customers
C19919,57,5,438558.0,3,3,4,10,Loyal Customers
C15599,1,7,438539.5,5,4,4,13,Champions
C04617,17,6,438323.0,5,3,4,12,Loyal Customers
C16392,13,7,438301.5,5,4,4,13,Champions
C15987,109,7,438221.5,2,4,4,10,Loyal Customers
C08260,50,5,438211.5,3,3,4,10,Loyal Customers
C16529,9,7,438175.5,5,4,4,13,Champions
C19503,17,3,438134.0,5,1,4,10,Loyal Customers
C12637,62,9,438130.5,3,5,4,12,Loyal Customers
C03719,4,10,438096.0,5,5,4,14,Champions
C16720,102,4,438040.0,2,2,4,8,Potential Customers
C01660,42,7,438025.0,3,4,4,11,Loyal Customers
C19373,24,4,437986.0,4,2,4,10,Loyal Customers
C14983,93,7,437980.0,2,4,4,10,Loyal Customers
C11515,1,9,437927.5,5,5,4,14,Champions
C04473,7,10,437924.0,5,5,4,14,Champions
C13513,65,6,437901.0,3,3,4,10,Loyal Customers
C11581,11,4,437889.0,5,2,4,11,Loyal Customers
C06133,63,10,437888.0,3,5,4,12,Loyal Customers
C05898,197,9,437826.0,1,5,4,10,Loyal Customers
C16069,144,9,437780.5,2,5,4,11,Loyal Customers
C18842,62,5,437780.0,3,3,4,10,Loyal Customers
C06381,13,8,437756.5,5,4,4,13,Champions
C00161,14,8,437586.5,5,4,4,13,Champions
C09761,28,5,437506.0,4,3,4,11,Loyal Customers
C14451,51,6,437435.5,3,3,4,10,Loyal Customers
C10087,15,8,437420.5,5,4,4,13,Champions
C04632,53,11,437375.0,3,5,4,12,Loyal Customers
C11431,31,7,437357.0,4,4,4,12,Loyal Customers
C16120,18,6,437212.5,4,3,4,11,Loyal Customers
C10826,261,6,437165.5,1,3,4,8,Potential Customers
C01996,2,8,437159.0,5,4,4,13,Champions
C07448,6,7,437116.5,5,4,4,13,Champions
C06493,7,10,437087.5,5,5,4,14,Champions
C01070,2,9,436995.5,5,5,4,14,Champions
C17665,1,12,436985.0,5,5,4,14,Champions
C17345,291,6,436911.5,1,3,4,8,Potential Customers
C01320,28,4,436857.0,4,2,4,10,Loyal Customers
C03730,5,5,436841.0,5,3,4,12,Loyal Customers
C05155,16,7,436701.0,5,4,4,13,Champions
C17947,53,7,436625.0,3,4,4,11,Loyal Customers
C17955,38,7,436533.5,4,4,4,12,Loyal Customers
C07782,25,4,436506.5,4,2,4,10,Loyal Customers
C01856,2,4,436455.5,5,2,4,11,Loyal Customers
C18800,10,5,436335.5,5,3,4,12,Loyal Customers
C01061,10,11,436236.0,5,5,4,14,Champions
C17641,141,8,436229.5,2,4,4,10,Loyal Customers
C10458,19,5,436082.5,4,3,4,11,Loyal Customers
C17018,21,6,435977.5,4,3,4,11,Loyal Customers
C12486,6,6,435917.0,5,3,4,12,Loyal Customers
C08275,16,9,435856.5,5,5,4,14,Champions
C05350,3,7,435844.5,5,4,4,13,Champions
C00156,5,7,435821.0,5,4,4,13,Champions
C02055,68,8,435741.0,3,4,4,11,Loyal Customers
C01111,62,5,435668.0,3,3,4,10,Loyal Customers
C09059,181,5,435668.0,1,3,4,8,Potential Customers
C03551,18,9,435631.0,4,5,4,13,Champions
C15453,7,8,435590.0,5,4,4,13,Champions
C17755,143,9,435358.5,2,5,4,11,Loyal Customers
C13069,28,6,435336.0,4,3,4,11,Loyal Customers
C18151,2,7,435158.0,5,4,4,13,Champions
C15551,8,5,435146.0,5,3,4,12,Loyal Customers
C01432,112,4,435074.0,2,2,4,8,Potential Customers
C08872,6,10,435015.0,5,5,4,14,Champions
C09541,49,5,434996.0,3,3,4,10,Loyal Customers
C19149,21,7,434915.0,4,4,4,12,Loyal Customers
C12844,131,6,434889.5,2,3,4,9,Potential Customers
C05493,9,4,434883.0,5,2,4,11,Loyal Customers
C17186,4,6,434863.5,5,3,4,12,Loyal Customers
C15149,253,6,434852.0,1,3,4,8,Potential Customers
C05333,111,7,434764.5,2,4,4,10,Loyal Customers
C04877,80,7,434688.5,2,4,4,10,Loyal Customers
C01935,112,6,434637.5,2,3,4,9,Potential Customers
C16904,253,6,434565.0,1,3,4,8,Potential Customers
C18323,9,9,434540.5,5,5,4,14,Champions
C01515,55,7,434509.5,3,4,4,11,Loyal Customers
C11769,56,6,434476.0,3,3,4,10,Loyal Customers
C05428,2,9,434442.5,5,5,4,14,Champions
C15069,144,5,434428.5,2,3,4,9,Potential Customers
C06855,20,8,434423.5,4,4,4,12,Loyal Customers
C09000,7,8,434409.0,5,4,4,13,Champions
C08428,20,7,434362.5,4,4,4,12,Loyal Customers
C15480,70,7,434046.5,3,4,4,11,Loyal Customers
C05549,2,10,434037.0,5,5,4,14,Champions
C02003,10,7,433996.5,5,4,4,13,Champions
C14160,159,7,433894.0,2,4,4,10,Loyal Customers
C11064,152,5,433878.0,2,3,4,9,Potential Customers
C19147,44,6,433857.0,3,3,4,10,Loyal Customers
C08387,69,11,433849.5,3,5,4,12,Loyal Customers
C06491,43,7,433578.0,3,4,4,11,Loyal Customers
C11548,96,7,433536.0,2,4,4,10,Loyal Customers
C04137,5,8,433515.0,5,4,4,13,Champions
C19909,3,10,433475.0,5,5,4,14,Champions
C19743,65,7,433429.0,3,4,4,11,Loyal Customers
C14155,159,3,433428.5,2,1,4,7,Potential Customers
C16632,57,6,433348.0,3,3,4,10,Loyal Customers
C14745,7,7,433241.5,5,4,4,13,Champions
C12965,61,5,433216.5,3,3,4,10,Loyal Customers
C17613,127,7,432991.0,2,4,4,10,Loyal Customers
C07530,2,8,432969.5,5,4,4,13,Champions
C19390,33,7,432938.0,4,4,4,12,Loyal Customers
C13000,34,5,432892.5,4,3,4,11,Loyal Customers
C10268,143,5,432863.0,2,3,4,9,Potential Customers
C13998,1,3,432652.5,5,1,4,10,Loyal Customers
C12271,1,4,432650.5,5,2,4,11,Loyal Customers
C17942,54,5,432469.5,3,3,4,10,Loyal Customers
C16880,4,6,432408.5,5,3,4,12,Loyal Customers
C07564,80,4,432384.5,2,2,4,8,Potential Customers
C19057,10,9,432370.5,5,5,4,14,Champions
C16375,23,6,432296.0,4,3,4,11,Loyal Customers
C04690,56,8,432212.5,3,4,4,11,Loyal Customers
C02350,109,12,432159.5,2,5,4,11,Loyal Customers
C18377,25,8,432105.0,4,4,4,12,Loyal Customers
C10058,72,5,432066.5,3,3,4,10,Loyal Customers
C18226,20,5,432021.5,4,3,4,11,Loyal Customers
C06844,3,4,432000.0,5,2,4,11,Loyal Customers
C11210,26,9,431839.0,4,5,4,13,Champions
C01271,26,6,431828.5,4,3,4,11,Loyal Customers
C06926,130,8,431708.0,2,4,4,10,Loyal Customers
C15817,21,6,431665.0,4,3,4,11,Loyal Customers
C14120,88,6,431510.0,2,3,4,9,Potential Customers
C10004,23,4,431506.5,4,2,4,10,Loyal Customers
C02441,114,7,431471.5,2,4,4,10,Loyal Customers
C17519,16,11,431380.5,5,5,4,14,Champions
C13080,120,5,431360.5,2,3,4,9,Potential Customers
C19879,40,7,431240.0,3,4,4,11,Loyal Customers
C07316,29,4,431226.5,4,2,4,10,Loyal Customers
C12335,13,7,431162.0,5,4,4,13,Champions
C16050,89,7,431146.0,2,4,4,10,Loyal Customers
C01209,90,5,431014.5,2,3,4,9,Potential Customers
C07058,33,5,430977.0,4,3,4,11,Loyal Customers
C11889,171,3,430974.0,2,1,4,7,Potential Customers
C18212,59,8,430859.0,3,4,4,11,Loyal Customers
C01908,107,9,430844.0,2,5,4,11,Loyal Customers
C16568,8,4,430772.5,5,2,4,11,Loyal Customers
C15481,19,8,430694.0,4,4,4,12,Loyal Customers
C06344,62,7,430686.5,3,4,4,11,Loyal Customers
C19015,10,8,430678.0,5,4,4,13,Champions
C19168,258,5,430637.5,1,3,4,8,Potential Customers
C16240,209,6,430578.5,1,3,4,8,Potential Customers
C00967,13,9,430523.5,5,5,4,14,Champions
C11476,38,8,430488.5,4,4,4,12,Loyal Customers
C01372,3,8,430476.0,5,4,4,13,Champions
C16145,3,7,430420.0,5,4,4,13,Champions
C16919,10,6,430356.0,5,3,4,12,Loyal Customers
C04258,67,5,430285.5,3,3,4,10,Loyal Customers
C15317,17,7,430228.0,5,4,4,13,Champions
C19487,8,7,430182.0,5,4,4,13,Champions
C12678,22,9,430145.0,4,5,4,13,Champions
C12600,16,7,430092.0,5,4,4,13,Champions
C06466,8,7,430087.0,5,4,4,13,Champions
C08706,59,6,429968.0,3,3,4,10,Loyal Customers
C17919,26,6,429937.0,4,3,4,11,Loyal Customers
C14342,29,8,429855.0,4,4,4,12,Loyal Customers
C17276,52,8,429837.5,3,4,4,11,Loyal Customers
C00834,1,6,429814.5,5,3,4,12,Loyal Customers
C05710,60,8,429801.5,3,4,4,11,Loyal Customers
C10574,11,7,429781.0,5,4,4,13,Champions
C11825,80,8,429762.0,2,4,4,10,Loyal Customers
C12094,6,11,429671.5,5,5,4,14,Champions
C16658,89,8,429609.0,2,4,4,10,Loyal Customers
C13461,42,8,429530.5,3,4,4,11,Loyal Customers
C19674,125,8,429443.0,2,4,4,10,Loyal Customers
C13355,67,5,429244.0,3,3,4,10,Loyal Customers
C17299,27,11,429209.0,4,5,4,13,Champions
C00611,20,7,429194.0,4,4,4,12,Loyal Customers
C08970,10,4,429057.0,5,2,4,11,Loyal Customers
C11397,9,9,429048.5,5,5,4,14,Champions
C14550,118,4,428912.5,2,2,4,8,Potential Customers
C15166,140,6,428891.0,2,3,4,9,Potential Customers
C07875,213,6,428818.0,1,3,4,8,Potential Customers
C07574,101,7,428766.0,2,4,4,10,Loyal Customers
C14736,97,3,428485.0,2,1,4,7,Potential Customers
C09420,41,4,428375.5,3,2,4,9,Potential Customers
C00819,30,8,428275.0,4,4,4,12,Loyal Customers
C05425,68,6,428237.5,3,3,4,10,Loyal Customers
C15584,26,7,428104.5,4,4,4,12,Loyal Customers
C14930,31,8,427992.0,4,4,4,12,Loyal Customers
C12651,146,5,427971.0,2,3,4,9,Potential Customers
C02135,17,6,427951.5,5,3,4,12,Loyal Customers
C13521,24,3,427946.5,4,1,4,9,Potential Customers
C04544,4,4,427903.5,5,2,4,11,Loyal Customers
C02214,70,8,427871.5,3,4,4,11,Loyal Customers
C16083,35,6,427846.5,4,3,4,11,Loyal Customers
C03114,19,4,427760.0,4,2,4,10,Loyal Customers
C17377,107,4,427736.5,2,2,4,8,Potential Customers
C14888,75,4,427717.5,3,2,4,9,Potential Customers
C19836,9,7,427594.5,5,4,4,13,Champions
C16114,2,9,427566.0,5,5,4,14,Champions
C08262,15,7,427532.5,5,4,4,13,Champions
C16477,50,6,427524.5,3,3,4,10,Loyal Customers
C17455,4,8,427435.5,5,4,4,13,Champions
C12326,18,8,427420.0,4,4,4,12,Loyal Customers
C17468,18,6,427410.5,4,3,4,11,Loyal Customers
C13359,75,5,427407.0,3,3,4,10,Loyal Customers
C03126,88,8,427360.0,2,4,4,10,Loyal Customers
C18682,53,6,427305.0,3,3,4,10,Loyal Customers
C02101,1,8,427292.0,5,4,4,13,Champions
C05455,6,6,427285.0,5,3,4,12,Loyal Customers
C00487,1,6,427283.5,5,3,4,12,Loyal Customers
C18446,144,5,427228.5,2,3,4,9,Potential Customers
C04316,191,7,427179.0,1,4,4,9,Potential Customers
C09524,44,6,427143.0,3,3,4,10,Loyal Customers
C17227,58,6,427085.5,3,3,4,10,Loyal Customers
C11121,162,3,427054.0,2,1,4,7,Potential Customers
C17747,27,6,427050.0,4,3,4,11,Loyal Customers
C08362,203,4,426963.0,1,2,4,7,Potential Customers
C07182,3,9,426938.5,5,5,4,14,Champions
C17447,197,3,426908.0,1,1,4,6,At Risk
C14074,1,12,426895.0,5,5,4,14,Champions
C08875,45,7,426847.0,3,4,4,11,Loyal Customers
C02658,39,7,426704.5,4,4,4,12,Loyal Customers
C18870,12,5,426663.0,5,3,4,12,Loyal Customers
C04929,3,12,426641.5,5,5,4,14,Champions
C17301,239,4,426626.0,1,2,4,7,Potential Customers
C15445,4,9,426583.5,5,5,4,14,Champions
C16898,10,9,426565.0,5,5,4,14,Champions
C13093,166,6,426557.0,2,3,4,9,Potential Customers
C13885,5,7,426533.0,5,4,4,13,Champions
C03920,100,3,426427.5,2,1,4,7,Potential Customers
C12298,198,6,426422.5,1,3,4,8,Potential Customers
C17898,2,6,426248.5,5,3,4,12,Loyal Customers
C04710,59,6,426185.0,3,3,4,10,Loyal Customers
C09064,4,6,426139.0,5,3,4,12,Loyal Customers
C18041,31,5,426028.5,4,3,4,11,Loyal Customers
C19486,77,6,425980.0,3,3,4,10,Loyal Customers
C15723,7,8,425917.0,5,4,4,13,Champions
C19205,38,4,425712.5,4,2,4,10,Loyal Customers
C13350,161,9,425648.5,2,5,4,11,Loyal Customers
C10918,1,6,425619.0,5,3,4,12,Loyal Customers
C08914,84,8,425612.0,2,4,4,10,Loyal Customers
C13716,7,10,425540.0,5,5,4,14,Champions
C19510,147,9,425498.0,2,5,4,11,Loyal Customers
C16333,5,6,425494.5,5,3,4,12,Loyal Customers
C15316,53,7,425462.5,3,4,4,11,Loyal Customers
C16756,145,6,425453.5,2,3,4,9,Potential Customers
C05110,51,9,425417.5,3,5,4,12,Loyal Customers
C16951,126,8,425356.5,2,4,4,10,Loyal Customers
C00804,37,8,425234.0,4,4,4,12,Loyal Customers
C07481,116,4,425145.5,2,2,4,8,Potential Customers
C18075,43,6,425106.5,3,3,4,10,Loyal Customers
C18496,147,4,425056.5,2,2,4,8,Potential Customers
C02692,21,7,425027.0,4,4,4,12,Loyal Customers
C09333,25,9,425016.0,4,5,4,13,Champions
C18217,72,3,425009.5,3,1,4,8,Potential Customers
C07735,14,7,424963.0,5,4,4,13,Champions
C09376,58,3,424822.0,3,1,4,8,Potential Customers
C07429,10,8,424794.0,5,4,4,13,Champions
C05404,10,9,424738.5,5,5,4,14,Champions
C00499,5,4,424698.5,5,2,4,11,Loyal Customers
C03297,116,7,424635.0,2,4,4,10,Loyal Customers
C03821,35,7,424624.5,4,4,4,12,Loyal Customers
C08096,21,7,424592.0,4,4,4,12,Loyal Customers
C17409,44,6,424576.5,3,3,4,10,Loyal Customers
C10537,4,7,424567.5,5,4,4,13,Champions
C17243,2,6,424552.5,5,3,4,12,Loyal Customers
C10275,24,7,424445.0,4,4,4,12,Loyal Customers
C08183,9,6,424402.5,5,3,4,12,Loyal Customers
C13781,15,5,424390.0,5,3,4,12,Loyal Customers
C16748,11,5,424357.5,5,3,4,12,Loyal Customers
C19921,27,6,424266.5,4,3,4,11,Loyal Customers
C01293,77,10,424261.5,3,5,4,12,Loyal Customers
C15670,1,7,424172.5,5,4,4,13,Champions
C07231,3,4,424165.5,5,2,4,11,Loyal Customers
C18286,50,12,424127.0,3,5,4,12,Loyal Customers
C03319,47,9,423987.5,3,5,4,12,Loyal Customers
C05403,5,3,423981.5,5,1,4,10,Loyal Customers
C17746,16,11,423805.0,5,5,4,14,Champions
C17677,24,6,423790.5,4,3,4,11,Loyal Customers
C18648,21,8,423767.0,4,4,4,12,Loyal Customers
C17188,14,6,423754.0,5,3,4,12,Loyal Customers
C07971,8,7,423729.0,5,4,4,13,Champions
C18348,15,4,423659.5,5,2,4,11,Loyal Customers
C08102,11,6,423634.0,5,3,4,12,Loyal Customers
C04843,140,8,423631.0,2,4,4,10,Loyal Customers
C14618,26,6,423503.5,4,3,4,11,Loyal Customers
C13137,41,6,423481.5,3,3,4,10,Loyal Customers
C13229,46,7,423480.0,3,4,4,11,Loyal Customers
C11498,184,5,423392.0,1,3,4,8,Potential Customers
C12560,15,8,423162.5,5,4,4,13,Champions
C04133,59,8,423044.5,3,4,4,11,Loyal Customers
C09577,82,6,422892.0,2,3,4,9,Potential Customers
C12243,135,8,422804.5,2,4,4,10,Loyal Customers
C17975,34,5,422724.0,4,3,4,11,Loyal Customers
C07287,23,7,422697.0,4,4,4,12,Loyal Customers
C16723,155,4,422691.0,2,2,4,8,Potential Customers
C01492,19,5,422682.5,4,3,4,11,Loyal Customers
C14213,32,5,422666.5,4,3,4,11,Loyal Customers
C07028,33,6,422608.0,4,3,4,11,Loyal Customers
C10993,109,7,422606.5,2,4,4,10,Loyal Customers
C04917,68,7,422584.0,3,4,4,11,Loyal Customers
C04637,109,6,422544.0,2,3,4,9,Potential Customers
C19874,3,7,422486.0,5,4,4,13,Champions
C13754,21,6,422433.0,4,3,4,11,Loyal Customers
C06906,107,3,422410.0,2,1,4,7,Potential Customers
C19388,1,8,422401.5,5,4,4,13,Champions
C18527,26,7,422377.0,4,4,4,12,Loyal Customers
C06744,54,7,422293.5,3,4,4,11,Loyal Customers
C05389,25,7,422271.0,4,4,4,12,Loyal Customers
C02332,37,8,422223.0,4,4,4,12,Loyal Customers
C16362,5,5,422149.0,5,3,4,12,Loyal Customers
C01669,3,4,422076.0,5,2,4,11,Loyal Customers
C19850,34,9,421883.5,4,5,4,13,Champions
C17851,40,8,421852.0,3,4,4,11,Loyal Customers
C02643,38,8,421820.5,4,4,4,12,Loyal Customers
C17986,157,4,421790.0,2,2,4,8,Potential Customers
C07925,36,6,421731.5,4,3,4,11,Loyal Customers
C05998,9,8,421598.0,5,4,4,13,Champions
C19894,9,8,421581.0,5,4,4,13,Champions
C10753,103,5,421565.0,2,3,4,9,Potential Customers
C10353,15,10,421534.0,5,5,4,14,Champions
C09787,147,6,421522.5,2,3,4,9,Potential Customers
C01982,23,6,421488.5,4,3,4,11,Loyal Customers
C19961,14,7,421475.0,5,4,4,13,Champions
C14220,2,8,421438.5,5,4,4,13,Champions
C10824,227,5,421416.0,1,3,4,8,Potential Customers
C03155,162,4,421400.0,2,2,4,8,Potential Customers
C08148,23,9,421400.0,4,5,4,13,Champions
C00508,1,10,421349.0,5,5,4,14,Champions
C16232,4,6,421328.5,5,3,4,12,Loyal Customers
C00671,26,9,421319.0,4,5,4,13,Champions
C01900,9,7,421309.0,5,4,4,13,Champions
C16078,111,3,421240.0,2,1,4,7,Potential Customers
C19000,5,6,421209.0,5,3,4,12,Loyal Customers
C05243,49,8,421120.5,3,4,4,11,Loyal Customers
C03464,134,6,421110.0,2,3,4,9,Potential Customers
C10118,131,8,421092.5,2,4,4,10,Loyal Customers
C19424,16,8,421079.5,5,4,4,13,Champions
C06042,16,4,421050.0,5,2,4,11,Loyal Customers
C09098,5,6,420972.0,5,3,4,12,Loyal Customers
C18845,41,4,420922.5,3,2,4,9,Potential Customers
C00640,20,4,420890.5,4,2,4,10,Loyal Customers
C11495,6,6,420841.0,5,3,4,12,Loyal Customers
C18484,42,11,420723.5,3,5,4,12,Loyal Customers
C06237,14,9,420633.0,5,5,4,14,Champions
C01649,249,7,420562.0,1,4,4,9,Potential Customers
C05552,135,6,420550.0,2,3,4,9,Potential Customers
C19289,50,4,420536.5,3,2,4,9,Potential Customers
C05121,5,10,420502.0,5,5,4,14,Champions
C17787,74,7,420457.5,3,4,4,11,Loyal Customers
C17000,120,4,420448.5,2,2,4,8,Potential Customers
C03482,15,11,420378.5,5,5,4,14,Champions
C07120,52,6,420375.0,3,3,4,10,Loyal Customers
C05660,27,7,420249.0,4,4,4,12,Loyal Customers
C13856,5,4,420178.5,5,2,4,11,Loyal Customers
C04597,83,8,420122.5,2,4,4,10,Loyal Customers
C08014,60,6,420044.5,3,3,4,10,Loyal Customers
C15923,281,6,419937.0,1,3,4,8,Potential Customers
C19292,6,7,419929.5,5,4,4,13,Champions
C05559,7,3,419896.5,5,1,4,10,Loyal Customers
C17193,95,6,419876.0,2,3,4,9,Potential Customers
C02471,119,4,419860.0,2,2,4,8,Potential Customers
C07513,106,6,419752.5,2,3,4,9,Potential Customers
C07504,2,6,419634.5,5,3,4,12,Loyal Customers
C01514,5,6,419549.5,5,3,4,12,Loyal Customers
C00051,54,7,419359.0,3,4,4,11,Loyal Customers
C11918,127,5,419301.0,2,3,4,9,Potential Customers
C15928,2,5,419280.0,5,3,4,12,Loyal Customers
C07602,200,7,419229.5,1,4,4,9,Potential Customers
C01085,126,9,419202.5,2,5,4,11,Loyal Customers
C17106,2,9,419077.0,5,5,4,14,Champions
C18593,2,8,419073.0,5,4,4,13,Champions
C06608,149,8,419062.5,2,4,4,10,Loyal Customers
C19563,33,7,419062.5,4,4,4,12,Loyal Customers
C15112,26,6,418916.0,4,3,4,11,Loyal Customers
C08147,28,4,418865.0,4,2,4,10,Loyal Customers
C10980,83,4,418801.0,2,2,4,8,Potential Customers
C06168,93,10,418779.5,2,5,4,11,Loyal Customers
C17534,46,3,418773.5,3,1,4,8,Potential Customers
C18939,9,7,418726.5,5,4,4,13,Champions
C18028,45,5,418700.0,3,3,4,10,Loyal Customers
C02514,13,9,418696.0,5,5,4,14,Champions
C05445,6,4,418685.0,5,2,4,11,Loyal Customers
C16427,9,5,418607.5,5,3,4,12,Loyal Customers
C07990,23,8,418598.0,4,4,4,12,Loyal Customers
C02871,25,5,418563.0,4,3,4,11,Loyal Customers
C16488,3,5,418557.0,5,3,4,12,Loyal Customers
C15823,4,8,418554.0,5,4,4,13,Champions
C03689,18,7,418545.0,4,4,4,12,Loyal Customers
C12739,63,9,418453.0,3,5,4,12,Loyal Customers
C11507,189,5,418400.5,1,3,4,8,Potential Customers
C17630,58,8,418265.5,3,4,4,11,Loyal Customers
C18073,80,6,418122.0,2,3,4,9,Potential Customers
C08535,9,5,418102.0,5,3,4,12,Loyal Customers
C01780,12,7,418100.0,5,4,4,13,Champions
C15143,94,6,418093.5,2,3,4,9,Potential Customers
C19495,20,6,418027.0,4,3,4,11,Loyal Customers
C15182,60,6,417958.5,3,3,4,10,Loyal Customers
C10259,8,5,417958.5,5,3,4,12,Loyal Customers
C16642,60,9,417934.0,3,5,4,12,Loyal Customers
C08926,63,7,417931.5,3,4,4,11,Loyal Customers
C14916,46,5,417920.5,3,3,4,10,Loyal Customers
C08551,10,8,417881.0,5,4,4,13,Champions
C19350,16,6,417768.5,5,3,4,12,Loyal Customers
C07335,38,4,417758.0,4,2,4,10,Loyal Customers
C07469,83,6,417753.0,2,3,4,9,Potential Customers
C14680,117,7,417742.5,2,4,4,10,Loyal Customers
C04813,85,5,417689.0,2,3,4,9,Potential Customers
C07294,55,8,417686.5,3,4,4,11,Loyal Customers
C06810,85,5,417587.0,2,3,4,9,Potential Customers
C14476,44,5,417583.0,3,3,4,10,Loyal Customers
C16805,8,5,417529.0,5,3,4,12,Loyal Customers
C07227,19,8,417517.5,4,4,4,12,Loyal Customers
C12398,50,8,417469.5,3,4,4,11,Loyal Customers
C16879,8,8,417439.5,5,4,4,13,Champions
C04085,18,4,417180.0,4,2,4,10,Loyal Customers
C18081,6,6,417171.0,5,3,4,12,Loyal Customers
C03742,17,7,417149.5,5,4,4,13,Champions
C04458,3,6,417137.5,5,3,4,12,Loyal Customers
C03278,7,8,417004.5,5,4,4,13,Champions
C09496,52,6,416786.0,3,3,4,10,Loyal Customers
C12876,13,7,416775.0,5,4,4,13,Champions
C03741,161,3,416768.0,2,1,4,7,Potential Customers
C02715,2,5,416750.5,5,3,4,12,Loyal Customers
C08686,22,6,416748.0,4,3,4,11,Loyal Customers
C18645,90,5,416693.5,2,3,4,9,Potential Customers
C19590,12,5,416686.5,5,3,4,12,Loyal Customers
C11703,6,10,416639.0,5,5,4,14,Champions
C10423,21,6,416623.0,4,3,4,11,Loyal Customers
C07522,6,9,416545.0,5,5,4,14,Champions
C01857,2,6,416452.0,5,3,4,12,Loyal Customers
C02877,10,5,416417.5,5,3,4,12,Loyal Customers
C01365,29,6,416312.5,4,3,4,11,Loyal Customers
C06942,73,5,416305.5,3,3,4,10,Loyal Customers
C19320,20,6,416258.0,4,3,4,11,Loyal Customers
C12198,223,6,416214.0,1,3,4,8,Potential Customers
C00375,13,6,416186.5,5,3,4,12,Loyal Customers
C12620,35,4,416171.0,4,2,4,10,Loyal Customers
C10522,18,6,416069.5,4,3,4,11,Loyal Customers
C18235,21,7,416000.0,4,4,4,12,Loyal Customers
C07946,7,11,415973.5,5,5,4,14,Champions
C16409,111,6,415954.0,2,3,4,9,Potential Customers
C15772,124,9,415887.0,2,5,4,11,Loyal Customers
C09606,92,6,415751.5,2,3,4,9,Potential Customers
C14056,77,7,415731.0,3,4,4,11,Loyal Customers
C07428,16,5,415650.5,5,3,4,12,Loyal Customers
C17488,1,8,415641.0,5,4,4,13,Champions
C10990,89,4,415455.0,2,2,4,8,Potential Customers
C07064,67,8,415442.5,3,4,4,11,Loyal Customers
C01290,1,9,415438.5,5,5,4,14,Champions
C11496,13,4,415430.0,5,2,4,11,Loyal Customers
C16177,152,8,415409.0,2,4,4,10,Loyal Customers
C02134,164,7,415385.5,2,4,4,10,Loyal Customers
C16836,92,5,415384.0,2,3,4,9,Potential Customers
C02252,3,6,415373.0,5,3,4,12,Loyal Customers
C09949,7,6,415318.0,5,3,4,12,Loyal Customers
C12380,9,6,415306.0,5,3,4,12,Loyal Customers
C15868,237,6,415264.0,1,3,4,8,Potential Customers
C15615,194,6,415243.5,1,3,4,8,Potential Customers
C19882,111,4,415236.5,2,2,4,8,Potential Customers
C05441,55,8,415201.5,3,4,4,11,Loyal Customers
C01374,76,5,415164.5,3,3,4,10,Loyal Customers
C09126,117,7,415124.0,2,4,4,10,Loyal Customers
C18876,89,5,414964.0,2,3,4,9,Potential Customers
C05105,143,4,414945.5,2,2,4,8,Potential Customers
C09082,41,5,414806.0,3,3,4,10,Loyal Customers
C01910,96,6,414691.0,2,3,4,9,Potential Customers
C07836,68,5,414575.5,3,3,4,10,Loyal Customers
C17343,12,6,414560.5,5,3,4,12,Loyal Customers
C12123,37,4,414393.5,4,2,4,10,Loyal Customers
C12718,111,7,414374.0,2,4,4,10,Loyal Customers
C15845,37,4,414370.0,4,2,4,10,Loyal Customers
C18426,77,5,414265.5,3,3,4,10,Loyal Customers
C10652,1,7,414237.0,5,4,4,13,Champions
C18625,35,7,414164.0,4,4,4,12,Loyal Customers
C10914,91,5,414138.5,2,3,4,9,Potential Customers
C00525,19,7,414131.0,4,4,4,12,Loyal Customers
C13809,49,4,414123.0,3,2,4,9,Potential Customers
C00796,25,12,414077.5,4,5,4,13,Champions
C15298,38,9,414064.5,4,5,4,13,Champions
C01889,44,5,414030.0,3,3,4,10,Loyal Customers
C03780,290,7,414022.5,1,4,4,9,Potential Customers
C09920,5,7,414000.0,5,4,4,13,Champions
C13784,171,5,413862.5,2,3,4,9,Potential Customers
C08476,17,8,413862.5,5,4,4,13,Champions
C15176,202,6,413842.0,1,3,4,8,Potential Customers
C08749,7,7,413783.0,5,4,4,13,Champions
C01145,5,8,413689.0,5,4,4,13,Champions
C01225,151,2,413663.5,2,1,4,7,Potential Customers
C18178,85,7,413636.5,2,4,4,10,Loyal Customers
C15980,11,6,413592.5,5,3,4,12,Loyal Customers
C07541,22,6,413548.0,4,3,4,11,Loyal Customers
C10841,40,4,413501.0,3,2,4,9,Potential Customers
C14725,39,3,413430.0,4,1,4,9,Potential Customers
C18033,16,7,413361.0,5,4,4,13,Champions
C19646,61,6,413296.5,3,3,4,10,Loyal Customers
C19768,44,6,413265.0,3,3,4,10,Loyal Customers
C04428,6,8,413243.5,5,4,4,13,Champions
C02963,37,7,413214.5,4,4,4,12,Loyal Customers
C15470,74,8,413168.5,3,4,4,11,Loyal Customers
C04911,8,7,413151.0,5,4,4,13,Champions
C18864,9,6,413137.0,5,3,4,12,Loyal Customers
C12045,32,8,413126.5,4,4,4,12,Loyal Customers
C15064,6,9,413115.5,5,5,4,14,Champions
C10714,34,8,413079.0,4,4,4,12,Loyal Customers
C18746,29,9,413066.0,4,5,4,13,Champions
C05761,100,5,413015.0,2,3,4,9,Potential Customers
C18849,27,7,413011.0,4,4,4,12,Loyal Customers
C18566,14,7,412982.5,5,4,4,13,Champions
C00314,81,6,412973.5,2,3,4,9,Potential Customers
C16825,52,3,412936.5,3,1,4,8,Potential Customers
C09528,23,6,412906.0,4,3,4,11,Loyal Customers
C11768,14,7,412874.0,5,4,4,13,Champions
C19528,30,5,412870.0,4,3,4,11,Loyal Customers
C12127,1,5,412860.0,5,3,4,12,Loyal Customers
C03286,9,9,412854.0,5,5,4,14,Champions
C00092,1,8,412708.5,5,4,4,13,Champions
C11805,43,7,412653.5,3,4,4,11,Loyal Customers
C13030,9,4,412605.0,5,2,4,11,Loyal Customers
C11018,101,7,412602.0,2,4,4,10,Loyal Customers
C05001,42,6,412586.5,3,3,4,10,Loyal Customers
C11449,48,6,412567.0,3,3,4,10,Loyal Customers
C04187,19,4,412508.5,4,2,4,10,Loyal Customers
C17028,58,7,412491.5,3,4,4,11,Loyal Customers
C07915,44,6,412431.5,3,3,4,10,Loyal Customers
C08221,19,9,412412.0,4,5,4,13,Champions
C04836,35,9,412400.0,4,5,4,13,Champions
C09458,126,6,412208.0,2,3,4,9,Potential Customers
C06343,32,7,412145.5,4,4,4,12,Loyal Customers
C16273,19,3,412083.5,4,1,4,9,Potential Customers
C10438,89,6,412017.5,2,3,4,9,Potential Customers
C08127,49,7,411998.5,3,4,4,11,Loyal Customers
C15910,175,6,411995.5,2,3,4,9,Potential Customers
C12101,15,4,411966.0,5,2,4,11,Loyal Customers
C18470,18,9,411955.0,4,5,4,13,Champions
C14410,44,8,411944.0,3,4,4,11,Loyal Customers
C19920,59,5,411936.5,3,3,4,10,Loyal Customers
C07923,7,9,411914.0,5,5,4,14,Champions
C01396,157,9,411908.0,2,5,4,11,Loyal Customers
C07404,17,9,411900.0,5,5,4,14,Champions
C16142,8,3,411864.0,5,1,4,10,Loyal Customers
C13101,42,8,411841.5,3,4,4,11,Loyal Customers
C11669,147,6,411796.0,2,3,4,9,Potential Customers
C09508,283,5,411677.5,1,3,4,8,Potential Customers
C03131,121,6,411662.0,2,3,4,9,Potential Customers
C17520,171,7,411633.0,2,4,4,10,Loyal Customers
C03289,64,3,411603.0,3,1,4,8,Potential Customers
C01457,4,8,411589.0,5,4,4,13,Champions
C08086,131,6,411542.5,2,3,4,9,Potential Customers
C02090,63,7,411512.0,3,4,4,11,Loyal Customers
C09739,27,7,411498.5,4,4,4,12,Loyal Customers
C06451,148,6,411477.0,2,3,4,9,Potential Customers
C11182,21,6,411417.5,4,3,4,11,Loyal Customers
C19351,115,6,411327.5,2,3,4,9,Potential Customers
C02151,57,8,411283.0,3,4,4,11,Loyal Customers
C01002,80,4,411276.0,2,2,4,8,Potential Customers
C15437,49,9,411215.5,3,5,4,12,Loyal Customers
C05192,16,4,411215.0,5,2,4,11,Loyal Customers
C09007,24,6,411144.5,4,3,4,11,Loyal Customers
C04059,19,9,411127.0,4,5,4,13,Champions
C04450,29,11,411099.5,4,5,4,13,Champions
C02651,53,6,411063.5,3,3,4,10,Loyal Customers
C00290,205,5,411045.0,1,3,4,8,Potential Customers
C17581,41,5,411008.0,3,3,4,10,Loyal Customers
C03844,104,7,410984.5,2,4,4,10,Loyal Customers
C19500,63,8,410685.5,3,4,4,11,Loyal Customers
C01966,34,4,410589.5,4,2,4,10,Loyal Customers
C19958,7,8,410577.5,5,4,4,13,Champions
C12257,11,6,410475.5,5,3,4,12,Loyal Customers
C03973,3,10,410436.5,5,5,4,14,Champions
C15405,43,5,410430.5,3,3,4,10,Loyal Customers
C02710,2,7,410377.5,5,4,4,13,Champions
C12150,3,5,410340.5,5,3,4,12,Loyal Customers
C15628,15,3,410332.5,5,1,4,10,Loyal Customers
C06886,260,2,410088.5,1,1,4,6,At Risk
C03731,55,8,410036.0,3,4,4,11,Loyal Customers
C08045,35,7,410035.5,4,4,4,12,Loyal Customers
C04692,16,7,409943.0,5,4,4,13,Champions
C09369,10,6,409916.0,5,3,4,12,Loyal Customers
C10888,10,9,409902.5,5,5,4,14,Champions
C05335,45,4,409839.5,3,2,4,9,Potential Customers
C14283,100,6,409784.5,2,3,4,9,Potential Customers
C02879,14,7,409779.5,5,4,4,13,Champions
C16275,2,8,409711.5,5,4,4,13,Champions
C16801,148,6,409608.0,2,3,4,9,Potential Customers
C12316,15,8,409596.0,5,4,4,13,Champions
C19964,77,7,409580.5,3,4,4,11,Loyal Customers
C01031,14,4,409515.5,5,2,4,11,Loyal Customers
C05838,199,8,409499.0,1,4,4,9,Potential Customers
C00964,11,6,409474.5,5,3,4,12,Loyal Customers
C11773,21,7,409367.0,4,4,4,12,Loyal Customers
C15801,120,5,409360.5,2,3,4,9,Potential Customers
C03015,86,5,409343.0,2,3,4,9,Potential Customers
C06278,16,6,409334.5,5,3,4,12,Loyal Customers
C16973,5,7,409234.5,5,4,4,13,Champions
C03806,5,6,409219.0,5,3,4,12,Loyal Customers
C13921,42,5,409198.0,3,3,4,10,Loyal Customers
C18649,186,4,409106.5,1,2,4,7,Potential Customers
C18553,20,8,409042.0,4,4,4,12,Loyal Customers
C17256,67,7,408971.5,3,4,4,11,Loyal Customers
C13275,82,7,408946.0,2,4,4,10,Loyal Customers
C16751,58,3,408924.0,3,1,4,8,Potential Customers
C01008,59,6,408877.0,3,3,4,10,Loyal Customers
C09037,21,10,408874.0,4,5,4,13,Champions
C09263,116,6,408855.5,2,3,4,9,Potential Customers
C10457,148,6,408802.5,2,3,4,9,Potential Customers
C18721,11,4,408776.5,5,2,4,11,Loyal Customers
C04445,137,7,408713.0,2,4,4,10,Loyal Customers
C13740,3,7,408702.5,5,4,4,13,Champions
C06214,38,8,408451.0,4,4,4,12,Loyal Customers
C13624,11,11,408359.0,5,5,4,14,Champions
C02905,35,5,408350.5,4,3,4,11,Loyal Customers
C16081,95,7,408323.0,2,4,4,10,Loyal Customers
C02823,12,5,408276.5,5,3,4,12,Loyal Customers
C04557,1,7,408261.5,5,4,4,13,Champions
C01817,8,6,408139.5,5,3,4,12,Loyal Customers
C06199,9,5,408094.5,5,3,4,12,Loyal Customers
C05679,217,3,408022.5,1,1,4,6,At Risk
C11899,2,7,408022.5,5,4,4,13,Champions
C02902,41,6,407971.0,3,3,4,10,Loyal Customers
C06125,35,7,407845.5,4,4,4,12,Loyal Customers
C02576,1,7,407718.5,5,4,4,13,Champions
C13918,18,4,407709.5,4,2,4,10,Loyal Customers
C07408,29,6,407696.5,4,3,4,11,Loyal Customers
C03367,3,5,407619.0,5,3,4,12,Loyal Customers
C10885,17,8,407554.5,5,4,4,13,Champions
C08784,12,5,407552.5,5,3,4,12,Loyal Customers
C13322,59,9,407525.5,3,5,4,12,Loyal Customers
C06937,27,7,407517.0,4,4,4,12,Loyal Customers
C04587,71,6,407494.0,3,3,4,10,Loyal Customers
C12324,40,10,407457.5,3,5,4,12,Loyal Customers
C07967,69,7,407299.5,3,4,4,11,Loyal Customers
C05626,3,8,407283.0,5,4,4,13,Champions
C14381,17,7,407230.5,5,4,4,13,Champions
C17059,4,8,407223.0,5,4,4,13,Champions
C04612,77,7,407166.0,3,4,4,11,Loyal Customers
C08633,132,7,407082.0,2,4,4,10,Loyal Customers
C13978,26,6,407062.5,4,3,4,11,Loyal Customers
C09290,111,5,406999.5,2,3,4,9,Potential Customers
C03078,192,6,406940.0,1,3,4,8,Potential Customers
C03105,31,6,406876.0,4,3,4,11,Loyal Customers
C09418,3,8,406864.5,5,4,4,13,Champions
C11087,124,6,406827.5,2,3,4,9,Potential Customers
C19925,1,5,406818.5,5,3,4,12,Loyal Customers
C15036,2,8,406811.0,5,4,4,13,Champions
C11379,171,5,406772.0,2,3,4,9,Potential Customers
C00144,6,7,406762.0,5,4,4,13,Champions
C14877,60,5,406688.0,3,3,4,10,Loyal Customers
C11864,17,9,406668.0,5,5,4,14,Champions
C08160,7,7,406667.0,5,4,4,13,Champions
C06839,48,5,406579.0,3,3,4,10,Loyal Customers
C15415,126,5,406564.0,2,3,4,9,Potential Customers
C08728,77,4,406542.0,3,2,4,9,Potential Customers
C11511,84,6,406533.5,2,3,4,9,Potential Customers
C14362,98,3,406498.5,2,1,4,7,Potential Customers
C10706,106,3,406490.5,2,1,4,7,Potential Customers
C11311,20,11,406402.5,4,5,4,13,Champions
C12354,20,7,406394.0,4,4,4,12,Loyal Customers
C09464,3,7,406368.5,5,4,4,13,Champions
C14066,55,6,406358.5,3,3,4,10,Loyal Customers
C16585,13,8,406298.0,5,4,4,13,Champions
C02228,16,8,406245.0,5,4,4,13,Champions
C09427,17,3,406227.0,5,1,4,10,Loyal Customers
C04287,12,8,406226.0,5,4,4,13,Champions
C02690,59,5,406208.5,3,3,4,10,Loyal Customers
C18239,3,7,406188.5,5,4,4,13,Champions
C12168,45,6,406170.0,3,3,4,10,Loyal Customers
C11615,3,9,406165.0,5,5,4,14,Champions
C16132,45,5,405961.0,3,3,4,10,Loyal Customers
C16562,17,7,405957.0,5,4,4,13,Champions
C05667,52,7,405941.5,3,4,4,11,Loyal Customers
C14898,9,8,405838.5,5,4,4,13,Champions
C01307,140,5,405820.0,2,3,4,9,Potential Customers
C04456,13,7,405755.0,5,4,4,13,Champions
C13026,72,9,405741.0,3,5,4,12,Loyal Customers
C06167,8,8,405663.0,5,4,4,13,Champions
C06488,21,5,405543.0,4,3,4,11,Loyal Customers
C08647,20,8,405492.0,4,4,4,12,Loyal Customers
C04524,24,5,405485.5,4,3,4,11,Loyal Customers
C07172,297,5,405371.5,1,3,4,8,Potential Customers
C00904,7,7,405273.0,5,4,4,13,Champions
C14866,22,3,405217.0,4,1,4,9,Potential Customers
C05318,34,7,405214.5,4,4,4,12,Loyal Customers
C03747,4,7,405207.0,5,4,4,13,Champions
C14976,51,5,405192.5,3,3,4,10,Loyal Customers
C10509,70,7,405099.5,3,4,4,11,Loyal Customers
C01616,2,8,405073.5,5,4,4,13,Champions
C19004,4,7,404949.0,5,4,4,13,Champions
C12495,105,2,404926.0,2,1,4,7,Potential Customers
C05750,139,7,404903.5,2,4,4,10,Loyal Customers
C10144,1,8,404898.5,5,4,4,13,Champions
C16887,18,8,404886.5,4,4,4,12,Loyal Customers
C18477,111,5,404868.5,2,3,4,9,Potential Customers
C17697,31,7,404795.0,4,4,4,12,Loyal Customers
C07897,7,10,404715.5,5,5,4,14,Champions
C03787,97,8,404706.0,2,4,4,10,Loyal Customers
C12485,56,10,404630.0,3,5,4,12,Loyal Customers
C14321,13,7,404550.0,5,4,4,13,Champions
C11187,31,12,404545.0,4,5,4,13,Champions
C16469,79,4,404447.0,3,2,4,9,Potential Customers
C07296,3,7,404438.5,5,4,4,13,Champions
C19024,2,6,404433.5,5,3,4,12,Loyal Customers
C16419,63,9,404374.5,3,5,4,12,Loyal Customers
C07577,24,9,404366.5,4,5,4,13,Champions
C14077,73,8,404274.5,3,4,4,11,Loyal Customers
C13612,12,10,404270.0,5,5,4,14,Champions
C10751,13,4,404264.5,5,2,4,11,Loyal Customers
C14442,30,6,404259.5,4,3,4,11,Loyal Customers
C08081,1,9,404121.5,5,5,4,14,Champions
C03107,156,5,403976.0,2,3,4,9,Potential Customers
C11154,2,9,403933.5,5,5,4,14,Champions
C18434,64,5,403881.0,3,3,4,10,Loyal Customers
C11995,80,6,403811.5,2,3,4,9,Potential Customers
C03436,40,4,403699.5,3,2,4,9,Potential Customers
C10045,118,10,403694.5,2,5,4,11,Loyal Customers
C03241,68,5,403672.5,3,3,4,10,Loyal Customers
C15121,160,5,403634.5,2,3,4,9,Potential Customers
C04666,5,5,403631.0,5,3,4,12,Loyal Customers
C04309,105,4,403565.0,2,2,4,8,Potential Customers
C17988,53,7,403564.0,3,4,4,11,Loyal Customers
C18381,17,8,403527.0,5,4,4,13,Champions
C05261,9,8,403491.0,5,4,4,13,Champions
C05100,6,5,403410.5,5,3,4,12,Loyal Customers
C07062,24,10,403374.5,4,5,4,13,Champions
C15202,117,7,403344.5,2,4,4,10,Loyal Customers
C03290,5,8,403265.5,5,4,4,13,Champions
C01405,144,7,403149.5,2,4,4,10,Loyal Customers
C09903,4,8,403140.0,5,4,4,13,Champions
C19644,266,5,402960.0,1,3,4,8,Potential Customers
C04563,17,6,402959.5,5,3,4,12,Loyal Customers
C15559,24,7,402941.5,4,4,4,12,Loyal Customers
C07667,34,8,402826.5,4,4,4,12,Loyal Customers
C18548,1,7,402655.0,5,4,4,13,Champions
C11661,39,6,402654.5,4,3,4,11,Loyal Customers
C00908,1,7,402478.5,5,4,4,13,Champions
C17931,2,6,402464.5,5,3,4,12,Loyal Customers
C05792,30,9,402431.5,4,5,4,13,Champions
C00316,67,7,402421.0,3,4,4,11,Loyal Customers
C11248,37,8,402397.0,4,4,4,12,Loyal Customers
C10834,93,8,402248.5,2,4,4,10,Loyal Customers
C13894,8,8,402247.0,5,4,4,13,Champions
C06177,59,7,402187.0,3,4,4,11,Loyal Customers
C07795,80,6,402008.5,2,3,4,9,Potential Customers
C03851,27,5,401953.0,4,3,4,11,Loyal Customers
C02413,56,5,401952.0,3,3,4,10,Loyal Customers
C14128,104,7,401915.0,2,4,4,10,Loyal Customers
C17570,26,6,401805.5,4,3,4,11,Loyal Customers
C07637,6,6,401794.5,5,3,4,12,Loyal Customers
C09775,42,8,401750.0,3,4,4,11,Loyal Customers
C10646,21,5,401682.0,4,3,4,11,Loyal Customers
C18744,55,4,401633.0,3,2,4,9,Potential Customers
C06696,21,6,401601.0,4,3,4,11,Loyal Customers
C00761,42,8,401585.5,3,4,4,11,Loyal Customers
C01772,24,5,401529.5,4,3,4,11,Loyal Customers
C17175,72,6,401509.0,3,3,4,10,Loyal Customers
C16732,86,8,401489.5,2,4,4,10,Loyal Customers
C02385,43,6,401472.5,3,3,4,10,Loyal Customers
C12255,12,7,401453.5,5,4,4,13,Champions
C14382,69,8,401439.0,3,4,4,11,Loyal Customers
C07379,2,9,401290.5,5,5,4,14,Champions
C16485,44,6,401261.0,3,3,4,10,Loyal Customers
C09714,50,5,401227.0,3,3,4,10,Loyal Customers
C06630,2,12,401213.0,5,5,4,14,Champions
C18471,38,6,401155.0,4,3,4,11,Loyal Customers
C07827,64,6,401120.5,3,3,4,10,Loyal Customers
C13694,7,9,401088.5,5,5,4,14,Champions
C01612,20,4,400895.0,4,2,4,10,Loyal Customers
C13054,2,9,400858.0,5,5,4,14,Champions
C06001,13,4,400831.5,5,2,4,11,Loyal Customers
C12004,27,6,400794.0,4,3,4,11,Loyal Customers
C09904,78,7,400786.0,3,4,4,11,Loyal Customers
C01440,105,8,400723.5,2,4,4,10,Loyal Customers
C19926,28,6,400689.0,4,3,4,11,Loyal Customers
C00637,13,7,400677.5,5,4,4,13,Champions
C03914,135,9,400664.5,2,5,4,11,Loyal Customers
C02614,16,5,400652.5,5,3,4,12,Loyal Customers
C00597,13,4,400647.0,5,2,4,11,Loyal Customers
C13795,39,5,400511.5,4,3,4,11,Loyal Customers
C12417,22,8,400470.0,4,4,4,12,Loyal Customers
C17683,151,5,400461.0,2,3,4,9,Potential Customers
C02063,72,6,400442.0,3,3,4,10,Loyal Customers
C19385,14,6,400358.0,5,3,4,12,Loyal Customers
C18945,210,6,400280.0,1,3,4,8,Potential Customers
C07170,1,6,400246.0,5,3,4,12,Loyal Customers
C11692,4,9,400218.5,5,5,4,14,Champions
C19833,21,6,400202.0,4,3,4,11,Loyal Customers
C17760,57,10,400198.0,3,5,4,12,Loyal Customers
C02273,10,5,400148.5,5,3,4,12,Loyal Customers
C08471,9,7,400147.0,5,4,4,13,Champions
C15454,70,4,400019.5,3,2,4,9,Potential Customers
C16611,3,5,399785.5,5,3,4,12,Loyal Customers
C11634,35,4,399762.0,4,2,4,10,Loyal Customers
C16219,79,10,399702.5,3,5,4,12,Loyal Customers
C18956,23,11,399676.5,4,5,4,13,Champions
C05558,156,4,399633.0,2,2,4,8,Potential Customers
C08936,15,9,399593.5,5,5,4,14,Champions
C01081,6,5,399511.0,5,3,4,12,Loyal Customers
C01080,26,9,399487.5,4,5,4,13,Champions
C08520,86,7,399484.5,2,4,4,10,Loyal Customers
C13729,330,5,399454.5,1,3,4,8,Potential Customers
C03756,195,5,399449.5,1,3,4,8,Potential Customers
C04868,7,8,399412.5,5,4,4,13,Champions
C19713,18,8,399344.0,4,4,4,12,Loyal Customers
C12786,88,8,399290.0,2,4,4,10,Loyal Customers
C03578,21,8,399279.5,4,4,4,12,Loyal Customers
C08421,122,5,399279.5,2,3,4,9,Potential Customers
C08729,2,4,399118.5,5,2,4,11,Loyal Customers
C17591,20,5,399016.0,4,3,4,11,Loyal Customers
C11074,22,11,398993.0,4,5,4,13,Champions
C02500,64,7,398904.0,3,4,4,11,Loyal Customers
C14587,16,6,398903.0,5,3,4,12,Loyal Customers
C13742,18,8,398721.0,4,4,4,12,Loyal Customers
C04610,73,4,398711.0,3,2,4,9,Potential Customers
C06406,106,8,398696.0,2,4,4,10,Loyal Customers
C13736,5,4,398673.5,5,2,4,11,Loyal Customers
C19311,72,4,398660.5,3,2,4,9,Potential Customers
C11485,45,5,398632.0,3,3,4,10,Loyal Customers
C02034,23,7,398619.5,4,4,4,12,Loyal Customers
C03162,2,8,398611.0,5,4,4,13,Champions
C10766,24,9,398586.0,4,5,4,13,Champions
C13898,9,8,398570.5,5,4,4,13,Champions
C11881,15,7,398567.5,5,4,4,13,Champions
C04260,83,5,398562.5,2,3,4,9,Potential Customers
C14234,24,7,398555.5,4,4,4,12,Loyal Customers
C17970,32,9,398504.0,4,5,4,13,Champions
C02869,8,9,398490.0,5,5,4,14,Champions
C17961,77,8,398478.5,3,4,4,11,Loyal Customers
C14545,8,6,398459.0,5,3,4,12,Loyal Customers
C00060,3,8,398450.5,5,4,4,13,Champions
C10043,149,7,398436.0,2,4,4,10,Loyal Customers
C04237,5,8,398349.5,5,4,4,13,Champions
C15519,235,8,398244.0,1,4,4,9,Potential Customers
C05977,103,5,398096.0,2,3,4,9,Potential Customers
C10132,3,6,398038.5,5,3,4,12,Loyal Customers
C12515,142,5,398031.5,2,3,4,9,Potential Customers
C15560,11,8,398013.0,5,4,4,13,Champions
C05931,3,10,397975.0,5,5,4,14,Champions
C11973,14,5,397969.0,5,3,4,12,Loyal Customers
C12733,47,6,397937.0,3,3,4,10,Loyal Customers
C01700,17,7,397892.0,5,4,4,13,Champions
C16353,88,8,397817.5,2,4,4,10,Loyal Customers
C14063,179,5,397811.0,2,3,4,9,Potential Customers
C19011,11,4,397759.5,5,2,4,11,Loyal Customers
C18761,6,7,397726.5,5,4,4,13,Champions
C08255,97,5,397700.5,2,3,4,9,Potential Customers
C00847,49,6,397610.5,3,3,4,10,Loyal Customers
C13463,3,9,397596.5,5,5,4,14,Champions
C02262,21,3,397548.5,4,1,4,9,Potential Customers
C19329,68,8,397498.5,3,4,4,11,Loyal Customers
C05177,3,9,397462.0,5,5,4,14,Champions
C18878,88,9,397441.0,2,5,4,11,Loyal Customers
C18349,2,7,397322.0,5,4,4,13,Champions
C09499,6,10,397274.5,5,5,4,14,Champions
C19806,9,7,397233.0,5,4,4,13,Champions
C08295,27,8,397214.5,4,4,4,12,Loyal Customers
C18263,46,7,397203.0,3,4,4,11,Loyal Customers
C13123,7,8,397200.0,5,4,4,13,Champions
C18411,7,9,397167.0,5,5,4,14,Champions
C17429,12,6,397154.5,5,3,4,12,Loyal Customers
C08966,3,5,397074.5,5,3,4,12,Loyal Customers
C07440,5,8,397058.0,5,4,4,13,Champions
C03789,11,5,397051.5,5,3,4,12,Loyal Customers
C01703,172,4,397046.5,2,2,4,8,Potential Customers
C17352,89,7,396992.5,2,4,4,10,Loyal Customers
C05244,195,8,396987.5,1,4,4,9,Potential Customers
C01714,148,6,396934.0,2,3,4,9,Potential Customers
C12896,9,4,396930.5,5,2,4,11,Loyal Customers
C11116,1,6,396883.5,5,3,4,12,Loyal Customers
C10306,152,5,396864.0,2,3,4,9,Potential Customers
C15301,53,7,396834.0,3,4,4,11,Loyal Customers
C09998,1,5,396805.5,5,3,4,12,Loyal Customers
C09234,204,4,396798.0,1,2,4,7,Potential Customers
C17783,98,5,396740.5,2,3,4,9,Potential Customers
C02081,50,8,396663.0,3,4,4,11,Loyal Customers
C13714,4,6,396556.5,5,3,4,12,Loyal Customers
C10502,35,3,396490.5,4,1,4,9,Potential Customers
C19578,23,9,396439.0,4,5,4,13,Champions
C11847,17,5,396371.0,5,3,4,12,Loyal Customers
C02774,167,5,396360.0,2,3,4,9,Potential Customers
C04924,207,7,396349.5,1,4,4,9,Potential Customers
C18279,43,7,396294.5,3,4,4,11,Loyal Customers
C03797,27,8,396122.5,4,4,4,12,Loyal Customers
C19512,29,6,396097.0,4,3,4,11,Loyal Customers
C10429,79,8,396088.5,3,4,4,11,Loyal Customers
C12404,48,6,396067.0,3,3,4,10,Loyal Customers
C05258,47,4,396057.5,3,2,4,9,Potential Customers
C03489,187,8,396046.0,1,4,4,9,Potential Customers
C06504,3,6,396042.5,5,3,4,12,Loyal Customers
C03561,223,7,396026.5,1,4,4,9,Potential Customers
C13788,3,7,396013.5,5,4,4,13,Champions
C17486,3,12,395945.5,5,5,4,14,Champions
C01314,19,7,395909.5,4,4,4,12,Loyal Customers
C11682,58,9,395899.5,3,5,4,12,Loyal Customers
C04105,64,8,395889.5,3,4,4,11,Loyal Customers
C01992,1,8,395865.0,5,4,4,13,Champions
C06870,14,7,395858.0,5,4,4,13,Champions
C18925,6,5,395790.0,5,3,4,12,Loyal Customers
C13931,37,8,395786.5,4,4,4,12,Loyal Customers
C19455,36,7,395660.5,4,4,4,12,Loyal Customers
C03165,17,5,395634.5,5,3,4,12,Loyal Customers
C14093,7,7,395621.5,5,4,4,13,Champions
C09229,53,4,395616.5,3,2,4,9,Potential Customers
C00460,17,6,395606.0,5,3,4,12,Loyal Customers
C09209,47,6,395535.5,3,3,4,10,Loyal Customers
C02794,95,7,395505.0,2,4,4,10,Loyal Customers
C15431,142,7,395464.5,2,4,4,10,Loyal Customers
C03115,14,6,395374.5,5,3,4,12,Loyal Customers
C07567,54,4,395364.0,3,2,4,9,Potential Customers
C19207,94,5,395317.0,2,3,4,9,Potential Customers
C14048,33,6,395315.0,4,3,4,11,Loyal Customers
C04398,25,8,395313.5,4,4,4,12,Loyal Customers
C08767,210,3,395294.5,1,1,4,6,At Risk
C01875,157,5,395214.5,2,3,4,9,Potential Customers
C04967,11,4,395196.5,5,2,4,11,Loyal Customers
C08235,338,6,395181.0,1,3,4,8,Potential Customers
C15233,36,5,395104.0,4,3,4,11,Loyal Customers
C00134,7,4,395099.5,5,2,4,11,Loyal Customers
C00142,157,5,395040.5,2,3,4,9,Potential Customers
C12931,32,8,394981.5,4,4,4,12,Loyal Customers
C18224,63,6,394961.0,3,3,4,10,Loyal Customers
C17866,169,5,394936.5,2,3,4,9,Potential Customers
C14390,15,8,394932.5,5,4,4,13,Champions
C08358,78,4,394869.0,3,2,4,9,Potential Customers
C07497,68,7,394814.0,3,4,4,11,Loyal Customers
C04164,21,9,394697.0,4,5,4,13,Champions
C12259,79,6,394694.0,3,3,4,10,Loyal Customers
C08736,48,6,394661.5,3,3,4,10,Loyal Customers
C13403,22,9,394612.5,4,5,4,13,Champions
C06763,29,9,394602.5,4,5,4,13,Champions
C18558,1,5,394495.0,5,3,4,12,Loyal Customers
C14732,23,7,394476.0,4,4,4,12,Loyal Customers
C00252,19,2,394405.0,4,1,4,9,Potential Customers
C02221,21,8,394396.0,4,4,4,12,Loyal Customers
C08158,14,3,394368.0,5,1,4,10,Loyal Customers
C16556,9,8,394356.0,5,4,4,13,Champions
C01367,2,6,394338.0,5,3,4,12,Loyal Customers
C18253,51,8,394334.0,3,4,4,11,Loyal Customers
C17254,216,5,394333.0,1,3,4,8,Potential Customers
C18052,15,6,394258.0,5,3,4,12,Loyal Customers
C02195,12,6,394230.5,5,3,4,12,Loyal Customers
C05426,35,5,394174.5,4,3,4,11,Loyal Customers
C12055,131,6,394114.0,2,3,4,9,Potential Customers
C11207,34,7,394097.5,4,4,4,12,Loyal Customers
C00557,27,11,394009.0,4,5,4,13,Champions
C18290,21,7,393991.5,4,4,4,12,Loyal Customers
C15366,3,6,393985.0,5,3,4,12,Loyal Customers
C01862,78,8,393938.5,3,4,4,11,Loyal Customers
C17600,76,4,393919.0,3,2,4,9,Potential Customers
C06834,53,7,393912.0,3,4,4,11,Loyal Customers
C07656,58,8,393832.0,3,4,4,11,Loyal Customers
C18525,88,11,393801.5,2,5,4,11,Loyal Customers
C04414,54,8,393641.5,3,4,4,11,Loyal Customers
C13060,32,8,393621.0,4,4,4,12,Loyal Customers
C04682,5,9,393615.0,5,5,4,14,Champions
C19132,3,7,393596.0,5,4,4,13,Champions
C05962,114,7,393531.5,2,4,4,10,Loyal Customers
C19276,99,5,393475.5,2,3,4,9,Potential Customers
C19102,31,9,393471.5,4,5,4,13,Champions
C19997,87,6,393414.0,2,3,4,9,Potential Customers
C16080,5,7,393313.5,5,4,4,13,Champions
C13796,167,3,393233.5,2,1,4,7,Potential Customers
C02448,3,8,393128.5,5,4,4,13,Champions
C11959,16,7,393111.0,5,4,4,13,Champions
C19647,94,12,393031.5,2,5,4,11,Loyal Customers
C12561,1,7,392965.0,5,4,4,13,Champions
C18588,14,10,392930.5,5,5,4,14,Champions
C13418,6,5,392889.0,5,3,4,12,Loyal Customers
C13989,7,7,392865.0,5,4,4,13,Champions
C15704,37,4,392844.5,4,2,4,10,Loyal Customers
C17739,54,7,392789.5,3,4,4,11,Loyal Customers
C14730,51,6,392779.0,3,3,4,10,Loyal Customers
C18644,49,4,392772.5,3,2,4,9,Potential Customers
C07223,43,8,392686.0,3,4,4,11,Loyal Customers
C11561,2,8,392674.5,5,4,4,13,Champions
C15197,45,6,392651.5,3,3,4,10,Loyal Customers
C04835,112,5,392434.0,2,3,4,9,Potential Customers
C12972,3,4,392378.0,5,2,4,11,Loyal Customers
C19689,244,4,392348.5,1,2,4,7,Potential Customers
C17691,43,6,392325.0,3,3,4,10,Loyal Customers
C18783,161,6,392321.5,2,3,4,9,Potential Customers
C12205,3,6,392299.0,5,3,4,12,Loyal Customers
C10055,155,10,392268.5,2,5,4,11,Loyal Customers
C16471,5,7,392251.5,5,4,4,13,Champions
C13945,4,8,392240.5,5,4,4,13,Champions
C03943,93,3,392234.0,2,1,4,7,Potential Customers
C04988,138,8,392221.5,2,4,4,10,Loyal Customers
C05482,2,4,392084.5,5,2,4,11,Loyal Customers
C19194,145,4,392057.0,2,2,4,8,Potential Customers
C01577,93,6,391977.5,2,3,4,9,Potential Customers
C12530,50,8,391919.5,3,4,4,11,Loyal Customers
C11576,15,6,391918.5,5,3,4,12,Loyal Customers
C01918,3,7,391868.5,5,4,4,13,Champions
C14409,65,3,391828.0,3,1,4,8,Potential Customers
C17402,31,9,391756.0,4,5,4,13,Champions
C06141,55,7,391724.5,3,4,4,11,Loyal Customers
C11028,525,3,391698.0,1,1,4,6,At Risk
C13406,270,5,391501.5,1,3,4,8,Potential Customers
C11258,270,6,391491.5,1,3,4,8,Potential Customers
C14092,83,4,391415.5,2,2,4,8,Potential Customers
C01891,4,8,391372.5,5,4,4,13,Champions
C16451,27,6,391370.5,4,3,4,11,Loyal Customers
C13274,16,8,391267.5,5,4,4,13,Champions
C01182,3,5,391165.0,5,3,4,12,Loyal Customers
C08204,59,6,391115.5,3,3,4,10,Loyal Customers
C06704,89,9,391029.5,2,5,4,11,Loyal Customers
C15413,1,6,391009.0,5,3,4,12,Loyal Customers
C13867,31,4,390987.0,4,2,4,10,Loyal Customers
C06072,266,7,390953.5,1,4,4,9,Potential Customers
C06829,2,5,390888.0,5,3,4,12,Loyal Customers
C17271,2,7,390870.0,5,4,4,13,Champions
C02846,23,6,390858.0,4,3,4,11,Loyal Customers
C09803,47,4,390838.0,3,2,4,9,Potential Customers
C16620,60,9,390817.5,3,5,4,12,Loyal Customers
C15146,27,7,390764.0,4,4,4,12,Loyal Customers
C09232,19,9,390750.5,4,5,4,13,Champions
C15329,41,6,390735.0,3,3,4,10,Loyal Customers
C08990,134,6,390722.5,2,3,4,9,Potential Customers
C07135,88,10,390712.5,2,5,4,11,Loyal Customers
C15737,53,9,390658.5,3,5,4,12,Loyal Customers
C08667,5,10,390651.5,5,5,4,14,Champions
C09591,6,4,390633.0,5,2,4,11,Loyal Customers
C11022,21,8,390477.5,4,4,4,12,Loyal Customers
C04578,5,7,390405.5,5,4,4,13,Champions
C19437,16,8,390339.0,5,4,4,13,Champions
C09902,18,6,390336.5,4,3,4,11,Loyal Customers
C01607,2,4,390295.5,5,2,4,11,Loyal Customers
C04571,22,5,390268.5,4,3,4,11,Loyal Customers
C05966,81,6,390247.0,2,3,4,9,Potential Customers
C17474,12,7,390241.5,5,4,4,13,Champions
C19375,114,5,390205.0,2,3,4,9,Potential Customers
C11353,88,7,390188.5,2,4,4,10,Loyal Customers
C12376,18,9,390188.5,4,5,4,13,Champions
C05309,9,6,390132.0,5,3,4,12,Loyal Customers
C01162,200,7,390098.0,1,4,4,9,Potential Customers
C05689,7,8,390045.0,5,4,4,13,Champions
C09123,16,9,390043.0,5,5,4,14,Champions
C16107,107,5,390031.5,2,3,4,9,Potential Customers
C09805,32,9,390017.0,4,5,4,13,Champions
C05816,70,9,389991.5,3,5,4,12,Loyal Customers
C14772,219,4,389954.0,1,2,4,7,Potential Customers
C18079,3,4,389918.0,5,2,4,11,Loyal Customers
C01075,3,5,389869.5,5,3,4,12,Loyal Customers
C13385,12,4,389848.5,5,2,4,11,Loyal Customers
C17946,7,4,389738.5,5,2,4,11,Loyal Customers
C03296,7,8,389720.5,5,4,4,13,Champions
C16534,2,6,389707.5,5,3,4,12,Loyal Customers
C12283,200,4,389694.0,1,2,4,7,Potential Customers
C15424,3,7,389666.5,5,4,4,13,Champions
C03693,228,6,389608.0,1,3,4,8,Potential Customers
C09065,130,7,389596.0,2,4,4,10,Loyal Customers
C01508,3,9,389515.0,5,5,4,14,Champions
C19795,2,6,389436.0,5,3,4,12,Loyal Customers
C05367,33,4,389418.0,4,2,4,10,Loyal Customers
C09198,141,5,389371.5,2,3,4,9,Potential Customers
C01025,54,5,389339.5,3,3,4,10,Loyal Customers
C01090,3,8,389336.0,5,4,4,13,Champions
C06198,17,5,389311.0,5,3,4,12,Loyal Customers
C11710,56,7,389291.0,3,4,4,11,Loyal Customers
C15977,6,6,389223.0,5,3,4,12,Loyal Customers
C06034,20,9,389219.0,4,5,4,13,Champions
C11312,23,7,389207.5,4,4,4,12,Loyal Customers
C09174,89,5,389198.0,2,3,4,9,Potential Customers
C09308,28,4,389184.5,4,2,4,10,Loyal Customers
C07181,11,7,389144.0,5,4,4,13,Champions
C01670,3,8,389099.5,5,4,4,13,Champions
C13849,6,5,389040.0,5,3,4,12,Loyal Customers
C01352,111,4,388981.0,2,2,4,8,Potential Customers
C19664,38,8,388960.5,4,4,4,12,Loyal Customers
C12627,17,3,388958.0,5,1,4,10,Loyal Customers
C04402,38,9,388952.5,4,5,4,13,Champions
C16890,123,7,388937.0,2,4,4,10,Loyal Customers
C17521,15,5,388913.0,5,3,4,12,Loyal Customers
C13807,5,4,388790.5,5,2,4,11,Loyal Customers
C19100,2,7,388589.0,5,4,4,13,Champions
C18010,48,6,388568.0,3,3,4,10,Loyal Customers
C16048,108,6,388496.5,2,3,4,9,Potential Customers
C08087,52,3,388458.5,3,1,4,8,Potential Customers
C10846,41,5,388455.5,3,3,4,10,Loyal Customers
C18443,52,7,388410.0,3,4,4,11,Loyal Customers
C03249,20,4,388371.5,4,2,4,10,Loyal Customers
C07491,20,5,388328.0,4,3,4,11,Loyal Customers
C04374,10,7,388262.5,5,4,4,13,Champions
C01024,116,7,388232.0,2,4,4,10,Loyal Customers
C02758,2,7,388150.0,5,4,4,13,Champions
C05836,86,5,388102.5,2,3,4,9,Potential Customers
C19911,99,6,388043.0,2,3,4,9,Potential Customers
C00262,43,5,387993.5,3,3,4,10,Loyal Customers
C05520,126,5,387949.0,2,3,4,9,Potential Customers
C02196,90,10,387928.5,2,5,4,11,Loyal Customers
C15904,48,8,387854.0,3,4,4,11,Loyal Customers
C11010,8,5,387850.5,5,3,4,12,Loyal Customers
C05474,15,2,387832.0,5,1,4,10,Loyal Customers
C03191,28,8,387777.5,4,4,4,12,Loyal Customers
C10829,63,6,387767.5,3,3,4,10,Loyal Customers
C01052,9,9,387683.0,5,5,4,14,Champions
C09632,2,8,387663.5,5,4,4,13,Champions
C01175,73,3,387624.0,3,1,4,8,Potential Customers
C15768,4,9,387614.0,5,5,4,14,Champions
C14122,58,5,387530.0,3,3,4,10,Loyal Customers
C01841,2,6,387507.0,5,3,4,12,Loyal Customers
C03389,8,9,387463.0,5,5,4,14,Champions
C08993,42,7,387445.5,3,4,4,11,Loyal Customers
C13697,71,5,387440.5,3,3,4,10,Loyal Customers
C07451,2,9,387427.5,5,5,4,14,Champions
C05760,163,4,387417.0,2,2,4,8,Potential Customers
C08876,3,7,387391.5,5,4,4,13,Champions
C19174,65,4,387365.0,3,2,4,9,Potential Customers
C12151,17,9,387330.0,5,5,4,14,Champions
C17052,24,4,387320.0,4,2,4,10,Loyal Customers
C16522,2,7,387319.5,5,4,4,13,Champions
C03738,10,6,387319.5,5,3,4,12,Loyal Customers
C01286,46,7,387305.0,3,4,4,11,Loyal Customers
C07752,6,8,387184.0,5,4,4,13,Champions
C13365,94,6,387177.5,2,3,4,9,Potential Customers
C06419,38,6,387169.0,4,3,4,11,Loyal Customers
C12938,92,5,387155.5,2,3,4,9,Potential Customers
C07108,170,5,387155.5,2,3,4,9,Potential Customers
C14520,107,8,387107.5,2,4,4,10,Loyal Customers
C04856,1,9,387073.5,5,5,4,14,Champions
C12782,58,5,387029.5,3,3,4,10,Loyal Customers
C16598,62,6,386992.5,3,3,4,10,Loyal Customers
C10541,34,5,386987.5,4,3,4,11,Loyal Customers
C01542,75,9,386869.5,3,5,4,12,Loyal Customers
C15592,81,8,386854.0,2,4,4,10,Loyal Customers
C15414,15,6,386849.0,5,3,4,12,Loyal Customers
C17179,154,8,386822.0,2,4,4,10,Loyal Customers
C18364,10,8,386774.0,5,4,4,13,Champions
C05477,1,6,386760.0,5,3,4,12,Loyal Customers
C03277,1,5,386687.0,5,3,4,12,Loyal Customers
C08608,40,6,386565.5,3,3,4,10,Loyal Customers
C08150,14,5,386466.5,5,3,4,12,Loyal Customers
C08650,103,4,386450.0,2,2,4,8,Potential Customers
C16964,72,3,386407.5,3,1,4,8,Potential Customers
C11520,7,5,386391.5,5,3,4,12,Loyal Customers
C05995,24,4,386351.5,4,2,4,10,Loyal Customers
C00085,10,6,386344.5,5,3,4,12,Loyal Customers
C14204,3,11,386340.0,5,5,4,14,Champions
C12747,132,3,386302.0,2,1,4,7,Potential Customers
C14910,38,7,386269.5,4,4,4,12,Loyal Customers
C19547,6,5,386241.0,5,3,4,12,Loyal Customers
C02983,34,6,386214.5,4,3,4,11,Loyal Customers
C04698,128,12,386179.0,2,5,4,11,Loyal Customers
C00938,233,3,386149.5,1,1,4,6,At Risk
C15212,13,8,386130.5,5,4,4,13,Champions
C02842,9,4,386024.0,5,2,4,11,Loyal Customers
C11251,9,8,386020.0,5,4,4,13,Champions
C09669,1,8,385983.5,5,4,4,13,Champions
C15051,17,4,385948.5,5,2,4,11,Loyal Customers
C03528,91,4,385925.5,2,2,4,8,Potential Customers
C09467,55,5,385915.5,3,3,4,10,Loyal Customers
C18821,5,7,385892.0,5,4,4,13,Champions
C01088,8,11,385872.0,5,5,4,14,Champions
C18462,229,5,385870.5,1,3,4,8,Potential Customers
C17616,72,6,385860.0,3,3,4,10,Loyal Customers
C07305,47,9,385848.0,3,5,4,12,Loyal Customers
C01205,73,5,385785.0,3,3,4,10,Loyal Customers
C11347,46,7,385735.0,3,4,4,11,Loyal Customers
C15328,92,9,385555.5,2,5,4,11,Loyal Customers
C15698,76,6,385547.5,3,3,4,10,Loyal Customers
C02925,27,10,385542.0,4,5,4,13,Champions
C10180,6,6,385454.0,5,3,4,12,Loyal Customers
C03823,446,4,385373.5,1,2,4,7,Potential Customers
C03038,83,6,385295.5,2,3,4,9,Potential Customers
C01178,103,5,385290.5,2,3,4,9,Potential Customers
C13840,8,6,385185.0,5,3,4,12,Loyal Customers
C03408,3,8,385178.0,5,4,4,13,Champions
C08801,22,10,385147.0,4,5,4,13,Champions
C18764,38,9,385045.0,4,5,4,13,Champions
C11625,14,5,384839.0,5,3,4,12,Loyal Customers
C00454,107,3,384802.0,2,1,4,7,Potential Customers
C07599,104,4,384773.5,2,2,4,8,Potential Customers
C08330,82,2,384754.0,2,1,4,7,Potential Customers
C10613,220,4,384705.5,1,2,4,7,Potential Customers
C00579,103,4,384663.0,2,2,4,8,Potential Customers
C08846,5,7,384658.5,5,4,4,13,Champions
C15171,136,5,384627.5,2,3,4,9,Potential Customers
C11144,76,5,384622.5,3,3,4,10,Loyal Customers
C16077,7,5,384614.5,5,3,4,12,Loyal Customers
C15836,37,6,384602.5,4,3,4,11,Loyal Customers
C11461,17,4,384584.0,5,2,4,11,Loyal Customers
C01317,33,4,384540.0,4,2,4,10,Loyal Customers
C13036,27,8,384529.0,4,4,4,12,Loyal Customers
C07320,164,4,384514.0,2,2,4,8,Potential Customers
C07442,457,2,384510.0,1,1,4,6,At Risk
C09510,81,5,384475.5,2,3,4,9,Potential Customers
C17611,89,6,384359.5,2,3,4,9,Potential Customers
C03556,3,7,384241.5,5,4,4,13,Champions
C04370,13,6,384194.5,5,3,4,12,Loyal Customers
C18454,40,6,384171.5,3,3,4,10,Loyal Customers
C03117,25,5,384161.0,4,3,4,11,Loyal Customers
C14827,177,5,384053.0,2,3,4,9,Potential Customers
C10773,16,11,384045.5,5,5,4,14,Champions
C10955,63,8,383991.0,3,4,4,11,Loyal Customers
C07864,29,8,383986.5,4,4,4,12,Loyal Customers
C14348,40,7,383925.5,3,4,4,11,Loyal Customers
C13604,39,7,383793.5,4,4,4,12,Loyal Customers
C10883,35,5,383781.5,4,3,4,11,Loyal Customers
C02409,42,6,383711.5,3,3,4,10,Loyal Customers
C00165,81,7,383678.5,2,4,4,10,Loyal Customers
C14051,56,8,383543.5,3,4,4,11,Loyal Customers
C17407,121,4,383420.0,2,2,4,8,Potential Customers
C08893,26,9,383377.0,4,5,4,13,Champions
C16289,2,6,383376.0,5,3,4,12,Loyal Customers
C18602,83,5,383368.5,2,3,4,9,Potential Customers
C04095,1,9,383288.5,5,5,4,14,Champions
C00923,44,7,383279.0,3,4,4,11,Loyal Customers
C11684,26,4,383244.0,4,2,4,10,Loyal Customers
C00815,5,5,383170.0,5,3,4,12,Loyal Customers
C14196,95,6,383165.5,2,3,4,9,Potential Customers
C11175,140,5,383109.0,2,3,4,9,Potential Customers
C06229,8,2,383063.5,5,1,4,10,Loyal Customers
C03395,40,6,383040.0,3,3,4,10,Loyal Customers
C03683,5,7,382965.0,5,4,4,13,Champions
C04685,133,5,382847.0,2,3,4,9,Potential Customers
C01571,2,6,382841.0,5,3,4,12,Loyal Customers
C00032,191,5,382770.5,1,3,4,8,Potential Customers
C13895,44,7,382760.5,3,4,4,11,Loyal Customers
C19955,21,6,382680.0,4,3,4,11,Loyal Customers
C18983,10,6,382641.5,5,3,4,12,Loyal Customers
C10944,53,5,382592.0,3,3,4,10,Loyal Customers
C06506,5,6,382577.5,5,3,4,12,Loyal Customers
C16494,1,8,382540.5,5,4,4,13,Champions
C10504,14,6,382531.5,5,3,4,12,Loyal Customers
C03182,21,13,382505.5,4,5,4,13,Champions
C04381,4,7,382487.5,5,4,4,13,Champions
C00113,31,5,382487.5,4,3,4,11,Loyal Customers
C02754,4,10,382466.0,5,5,4,14,Champions
C19439,26,8,382403.5,4,4,4,12,Loyal Customers
C17386,25,8,382373.0,4,4,4,12,Loyal Customers
C14647,46,8,382344.0,3,4,4,11,Loyal Customers
C13873,85,7,382330.5,2,4,4,10,Loyal Customers
C07714,155,2,382325.5,2,1,4,7,Potential Customers
C05833,1,7,382258.0,5,4,4,13,Champions
C18401,23,7,382222.5,4,4,4,12,Loyal Customers
C18317,127,5,382147.0,2,3,4,9,Potential Customers
C11403,3,9,382142.0,5,5,4,14,Champions
C16627,8,10,382116.0,5,5,4,14,Champions
C03674,86,5,382109.0,2,3,4,9,Potential Customers
C13064,37,8,382041.0,4,4,4,12,Loyal Customers
C06861,18,4,381952.0,4,2,4,10,Loyal Customers
C02311,242,7,381949.0,1,4,4,9,Potential Customers
C12994,4,6,381945.0,5,3,4,12,Loyal Customers
C01128,17,4,381944.5,5,2,4,11,Loyal Customers
C19586,5,6,381937.5,5,3,4,12,Loyal Customers
C12227,180,5,381850.5,2,3,4,9,Potential Customers
C06219,3,7,381838.5,5,4,4,13,Champions
C12596,110,5,381836.0,2,3,4,9,Potential Customers
C09410,2,6,381800.0,5,3,4,12,Loyal Customers
C02573,245,5,381776.0,1,3,4,8,Potential Customers
C03886,50,7,381743.5,3,4,4,11,Loyal Customers
C04214,34,6,381719.5,4,3,4,11,Loyal Customers
C02411,64,7,381627.5,3,4,4,11,Loyal Customers
C09587,31,10,381622.0,4,5,4,13,Champions
C18574,49,4,381606.5,3,2,4,9,Potential Customers
C03317,8,7,381580.5,5,4,4,13,Champions
C15272,2,9,381579.5,5,5,4,14,Champions
C07478,66,6,381577.0,3,3,4,10,Loyal Customers
C03096,142,4,381571.0,2,2,4,8,Potential Customers
C15641,59,7,381471.5,3,4,4,11,Loyal Customers
C18175,71,5,381441.0,3,3,4,10,Loyal Customers
C01212,13,7,381421.5,5,4,4,13,Champions
C17152,13,7,381409.0,5,4,4,13,Champions
C17442,15,9,381077.5,5,5,4,14,Champions
C17342,1,8,381073.0,5,4,4,13,Champions
C10564,157,6,381067.0,2,3,4,9,Potential Customers
C18282,10,6,381004.0,5,3,4,12,Loyal Customers
C19685,36,6,380994.5,4,3,4,11,Loyal Customers
C06173,3,5,380989.0,5,3,4,12,Loyal Customers
C01040,7,6,380900.5,5,3,4,12,Loyal Customers
C15579,200,5,380847.0,1,3,4,8,Potential Customers
C02957,2,7,380846.0,5,4,4,13,Champions
C10131,14,6,380803.5,5,3,4,12,Loyal Customers
C19823,20,7,380792.5,4,4,4,12,Loyal Customers
C03661,3,7,380768.0,5,4,4,13,Champions
C00435,16,8,380741.5,5,4,4,13,Champions
C04005,112,9,380682.5,2,5,4,11,Loyal Customers
C08782,1,9,380675.0,5,5,4,14,Champions
C11632,4,5,380670.5,5,3,4,12,Loyal Customers
C13929,19,7,380609.5,4,4,4,12,Loyal Customers
C19870,48,8,380562.5,3,4,4,11,Loyal Customers
C08226,28,9,380555.0,4,5,4,13,Champions
C00636,38,7,380489.5,4,4,4,12,Loyal Customers
C03883,12,5,380454.0,5,3,4,12,Loyal Customers
C15601,324,6,380419.5,1,3,4,8,Potential Customers
C16502,41,5,380412.0,3,3,4,10,Loyal Customers
C13848,8,5,380402.5,5,3,4,12,Loyal Customers
C01739,110,8,380367.5,2,4,4,10,Loyal Customers
C19393,41,7,380271.0,3,4,4,11,Loyal Customers
C03579,9,7,380236.0,5,4,4,13,Champions
C19221,23,6,380223.0,4,3,4,11,Loyal Customers
C16304,93,9,380221.0,2,5,4,11,Loyal Customers
C00351,18,9,380145.0,4,5,4,13,Champions
C05255,5,8,380086.0,5,4,4,13,Champions
C08025,107,6,379960.0,2,3,4,9,Potential Customers
C05588,92,4,379937.0,2,2,4,8,Potential Customers
C06151,42,7,379932.5,3,4,4,11,Loyal Customers
C04102,26,7,379877.0,4,4,4,12,Loyal Customers
C12001,32,6,379861.0,4,3,4,11,Loyal Customers
C04681,36,6,379829.5,4,3,4,11,Loyal Customers
C02771,1,6,379821.0,5,3,4,12,Loyal Customers
C09605,26,6,379739.0,4,3,4,11,Loyal Customers
C16319,6,10,379698.0,5,5,4,14,Champions
C17539,22,6,379694.5,4,3,4,11,Loyal Customers
C11589,20,6,379673.0,4,3,4,11,Loyal Customers
C08928,70,3,379620.5,3,1,4,8,Potential Customers
C01562,21,9,379611.0,4,5,4,13,Champions
C08491,41,6,379578.5,3,3,4,10,Loyal Customers
C04858,41,8,379572.5,3,4,4,11,Loyal Customers
C16288,11,7,379571.5,5,4,4,13,Champions
C04383,20,5,379547.5,4,3,4,11,Loyal Customers
C10994,12,6,379483.0,5,3,4,12,Loyal Customers
C10410,27,3,379447.5,4,1,4,9,Potential Customers
C07129,1,7,379363.5,5,4,4,13,Champions
C03492,39,7,379342.5,4,4,4,12,Loyal Customers
C18659,29,9,379338.0,4,5,4,13,Champions
C07938,57,6,379312.5,3,3,4,10,Loyal Customers
C17625,33,4,379261.0,4,2,4,10,Loyal Customers
C15882,11,5,379174.0,5,3,4,12,Loyal Customers
C10491,19,6,379142.5,4,3,4,11,Loyal Customers
C00479,141,7,379136.5,2,4,4,10,Loyal Customers
C07274,21,8,379107.0,4,4,4,12,Loyal Customers
C11602,2,5,379071.0,5,3,4,12,Loyal Customers
C16135,138,5,379013.0,2,3,4,9,Potential Customers
C09723,52,10,378886.0,3,5,4,12,Loyal Customers
C01749,146,5,378851.5,2,3,4,9,Potential Customers
C04242,4,6,378794.0,5,3,4,12,Loyal Customers
C04935,9,9,378787.0,5,5,4,14,Champions
C13557,10,4,378751.5,5,2,4,11,Loyal Customers
C06953,12,3,378726.0,5,1,4,10,Loyal Customers
C15039,165,8,378685.0,2,4,4,10,Loyal Customers
C07583,37,7,378679.5,4,4,4,12,Loyal Customers
C04447,35,5,378655.5,4,3,4,11,Loyal Customers
C18064,8,6,378629.5,5,3,4,12,Loyal Customers
C01767,7,4,378603.0,5,2,4,11,Loyal Customers
C08617,239,5,378522.5,1,3,4,8,Potential Customers
C00944,146,8,378521.5,2,4,4,10,Loyal Customers
C09825,29,5,378417.5,4,3,4,11,Loyal Customers
C04322,45,4,378415.5,3,2,4,9,Potential Customers
C10370,43,8,378376.0,3,4,4,11,Loyal Customers
C03677,13,10,378344.5,5,5,4,14,Champions
C04193,28,4,378339.5,4,2,4,10,Loyal Customers
C14601,224,5,378323.5,1,3,4,8,Potential Customers
C15132,80,6,378320.5,2,3,4,9,Potential Customers
C07669,63,3,378251.5,3,1,4,8,Potential Customers
C02893,36,5,378178.0,4,3,4,11,Loyal Customers
C10553,2,7,378126.5,5,4,4,13,Champions
C00977,11,5,378103.0,5,3,4,12,Loyal Customers
C14164,18,6,378069.0,4,3,4,11,Loyal Customers
C05758,58,9,378059.5,3,5,4,12,Loyal Customers
C05663,91,3,378050.5,2,1,4,7,Potential Customers
C07717,48,5,377988.0,3,3,4,10,Loyal Customers
C14780,7,7,377978.0,5,4,4,13,Champions
C05802,3,5,377970.0,5,3,4,12,Loyal Customers
C04050,5,5,377962.5,5,3,4,12,Loyal Customers
C16105,36,3,377905.5,4,1,4,9,Potential Customers
C15251,8,8,377856.0,5,4,4,13,Champions
C10389,122,8,377851.0,2,4,4,10,Loyal Customers
C13243,7,6,377808.5,5,3,4,12,Loyal Customers
C19774,16,10,377771.5,5,5,4,14,Champions
C13079,27,7,377735.0,4,4,4,12,Loyal Customers
C08684,80,7,377721.0,2,4,4,10,Loyal Customers
C02364,20,9,377666.5,4,5,4,13,Champions
C00997,3,8,377600.0,5,4,4,13,Champions
C19078,5,6,377586.0,5,3,4,12,Loyal Customers
C11235,44,5,377562.5,3,3,4,10,Loyal Customers
C10181,102,8,377479.0,2,4,4,10,Loyal Customers
C00595,60,8,377429.5,3,4,4,11,Loyal Customers
C04338,24,6,377381.5,4,3,4,11,Loyal Customers
C14505,9,6,377335.0,5,3,4,12,Loyal Customers
C04317,20,6,377321.0,4,3,4,11,Loyal Customers
C05773,77,5,377253.0,3,3,4,10,Loyal Customers
C00723,107,6,377194.0,2,3,4,9,Potential Customers
C15392,37,5,377190.5,4,3,4,11,Loyal Customers
C17678,70,6,377175.0,3,3,4,10,Loyal Customers
C08054,52,4,377144.0,3,2,4,9,Potential Customers
C15135,16,6,377084.5,5,3,4,12,Loyal Customers
C08239,7,10,377069.5,5,5,4,14,Champions
C15040,57,6,376915.5,3,3,4,10,Loyal Customers
C05823,43,5,376906.5,3,3,4,10,Loyal Customers
C00075,14,7,376815.5,5,4,4,13,Champions
C00468,38,8,376761.5,4,4,4,12,Loyal Customers
C10459,1,9,376749.5,5,5,4,14,Champions
C09946,21,8,376718.5,4,4,4,12,Loyal Customers
C10145,40,9,376690.5,3,5,4,12,Loyal Customers
C00833,23,7,376689.0,4,4,4,12,Loyal Customers
C02138,65,7,376645.5,3,4,4,11,Loyal Customers
C03508,36,5,376618.0,4,3,4,11,Loyal Customers
C12862,225,6,376567.5,1,3,4,8,Potential Customers
C19115,163,7,376510.5,2,4,4,10,Loyal Customers
C13877,62,4,376439.5,3,2,4,9,Potential Customers
C01038,25,7,376405.5,4,4,4,12,Loyal Customers
C08677,38,7,376306.0,4,4,4,12,Loyal Customers
C14176,104,5,376260.5,2,3,4,9,Potential Customers
C12096,54,6,376255.5,3,3,4,10,Loyal Customers
C13510,31,12,376242.5,4,5,4,13,Champions
C16121,31,4,376197.0,4,2,4,10,Loyal Customers
C03062,47,6,376158.0,3,3,4,10,Loyal Customers
C17147,7,6,376070.5,5,3,4,12,Loyal Customers
C17546,42,9,375921.0,3,5,4,12,Loyal Customers
C01756,13,7,375856.0,5,4,4,13,Champions
C18078,215,5,375844.5,1,3,4,8,Potential Customers
C18036,58,5,375808.5,3,3,4,10,Loyal Customers
C00011,38,7,375789.0,4,4,4,12,Loyal Customers
C15290,63,8,375787.5,3,4,4,11,Loyal Customers
C06155,122,4,375743.5,2,2,4,8,Potential Customers
C14396,63,8,375729.0,3,4,4,11,Loyal Customers
C16011,15,7,375666.5,5,4,4,13,Champions
C04186,79,7,375536.5,3,4,4,11,Loyal Customers
C02454,27,8,375512.0,4,4,4,12,Loyal Customers
C12674,108,6,375491.0,2,3,4,9,Potential Customers
C12182,28,6,375474.0,4,3,4,11,Loyal Customers
C13339,54,9,375445.0,3,5,4,12,Loyal Customers
C19372,49,6,375423.5,3,3,4,10,Loyal Customers
C15908,19,5,375423.0,4,3,4,11,Loyal Customers
C02395,51,7,375412.0,3,4,4,11,Loyal Customers
C16371,12,9,375376.0,5,5,4,14,Champions
C08073,4,11,375357.0,5,5,4,14,Champions
C19348,119,8,375276.0,2,4,4,10,Loyal Customers
C16104,9,7,375273.5,5,4,4,13,Champions
C00459,37,7,375196.0,4,4,4,12,Loyal Customers
C05968,125,5,375148.0,2,3,4,9,Potential Customers
C12658,30,7,375126.5,4,4,4,12,Loyal Customers
C09823,8,9,375125.0,5,5,4,14,Champions
C09666,41,6,375114.5,3,3,4,10,Loyal Customers
C01541,2,6,375079.0,5,3,4,12,Loyal Customers
C09923,2,6,375055.0,5,3,4,12,Loyal Customers
C01353,151,6,375047.5,2,3,4,9,Potential Customers
C13402,13,7,375010.0,5,4,4,13,Champions
C02325,14,6,374999.0,5,3,4,12,Loyal Customers
C02300,26,8,374804.0,4,4,4,12,Loyal Customers
C17165,206,4,374788.0,1,2,4,7,Potential Customers
C10813,12,5,374769.0,5,3,4,12,Loyal Customers
C10555,32,4,374745.0,4,2,4,10,Loyal Customers
C07537,157,5,374742.0,2,3,4,9,Potential Customers
C10364,12,5,374695.5,5,3,4,12,Loyal Customers
C06054,15,8,374643.5,5,4,4,13,Champions
C14583,27,9,374552.0,4,5,4,13,Champions
C18276,16,6,374463.0,5,3,4,12,Loyal Customers
C16711,38,6,374450.0,4,3,4,11,Loyal Customers
C03084,62,5,374424.5,3,3,4,10,Loyal Customers
C10746,1,6,374410.0,5,3,4,12,Loyal Customers
C13823,30,4,374400.0,4,2,4,10,Loyal Customers
C09525,3,8,374378.5,5,4,4,13,Champions
C04479,59,6,374298.5,3,3,4,10,Loyal Customers
C02102,1,5,374288.0,5,3,4,12,Loyal Customers
C02912,66,6,374255.5,3,3,4,10,Loyal Customers
C18074,16,5,374249.0,5,3,4,12,Loyal Customers
C14044,30,6,374226.0,4,3,4,11,Loyal Customers
C13576,48,7,374225.5,3,4,4,11,Loyal Customers
C16244,1,5,374201.0,5,3,4,12,Loyal Customers
C13935,85,5,374184.5,2,3,4,9,Potential Customers
C10312,17,7,374169.5,5,4,4,13,Champions
C11563,5,4,374169.0,5,2,4,11,Loyal Customers
C01574,9,4,374146.0,5,2,4,11,Loyal Customers
C13763,22,6,374144.5,4,3,4,11,Loyal Customers
C16822,5,8,374125.5,5,4,4,13,Champions
C00554,7,5,374097.0,5,3,4,12,Loyal Customers
C03168,20,2,374019.5,4,1,4,9,Potential Customers
C00189,75,5,374013.0,3,3,4,10,Loyal Customers
C18449,51,7,373958.0,3,4,4,11,Loyal Customers
C05596,1,10,373950.0,5,5,4,14,Champions
C15986,34,2,373914.0,4,1,4,9,Potential Customers
C13046,42,4,373825.0,3,2,4,9,Potential Customers
C03498,22,4,373824.0,4,2,4,10,Loyal Customers
C17781,1,7,373810.0,5,4,4,13,Champions
C01149,46,7,373745.0,3,4,4,11,Loyal Customers
C17328,198,3,373742.0,1,1,4,6,At Risk
C16523,48,10,373732.5,3,5,4,12,Loyal Customers
C06899,59,8,373708.5,3,4,4,11,Loyal Customers
C11719,4,8,373682.0,5,4,4,13,Champions
C01557,44,8,373679.0,3,4,4,11,Loyal Customers
C16229,103,8,373588.0,2,4,4,10,Loyal Customers
C00573,19,8,373543.5,4,4,4,12,Loyal Customers
C17602,137,8,373526.0,2,4,4,10,Loyal Customers
C09096,30,4,373453.0,4,2,4,10,Loyal Customers
C10062,25,5,373380.5,4,3,4,11,Loyal Customers
C05510,82,3,373367.5,2,1,4,7,Potential Customers
C18787,26,5,373367.5,4,3,4,11,Loyal Customers
C15978,180,5,373303.5,2,3,4,9,Potential Customers
C16704,51,5,373302.0,3,3,4,10,Loyal Customers
C06828,8,5,373230.0,5,3,4,12,Loyal Customers
C18544,89,7,373219.5,2,4,4,10,Loyal Customers
C18128,49,6,373213.5,3,3,4,10,Loyal Customers
C15804,121,7,373082.5,2,4,4,10,Loyal Customers
C07127,13,8,373034.0,5,4,4,13,Champions
C02844,13,7,373030.5,5,4,4,13,Champions
C13748,84,7,373008.5,2,4,4,10,Loyal Customers
C09070,25,8,372943.0,4,4,4,12,Loyal Customers
C15764,27,5,372900.5,4,3,4,11,Loyal Customers
C03231,112,7,372865.5,2,4,4,10,Loyal Customers
C08506,243,5,372860.5,1,3,4,8,Potential Customers
C00852,124,6,372786.5,2,3,4,9,Potential Customers
C17588,32,8,372777.0,4,4,4,12,Loyal Customers
C12500,33,7,372764.0,4,4,4,12,Loyal Customers
C17371,7,7,372746.0,5,4,4,13,Champions
C01523,1,5,372724.5,5,3,4,12,Loyal Customers
C12904,24,6,372712.0,4,3,4,11,Loyal Customers
C05519,93,6,372674.0,2,3,4,9,Potential Customers
C02407,84,6,372659.5,2,3,4,9,Potential Customers
C06144,14,9,372557.5,5,5,4,14,Champions
C17176,5,8,372550.5,5,4,4,13,Champions
C15175,10,8,372526.0,5,4,4,13,Champions
C06935,9,7,372484.5,5,4,4,13,Champions
C03157,45,7,372447.0,3,4,4,11,Loyal Customers
C00682,131,8,372418.5,2,4,4,10,Loyal Customers
C06857,21,9,372415.5,4,5,4,13,Champions
C13272,1,6,372412.5,5,3,4,12,Loyal Customers
C12461,72,5,372393.0,3,3,4,10,Loyal Customers
C00135,13,6,372360.5,5,3,4,12,Loyal Customers
C12909,144,6,372360.0,2,3,4,9,Potential Customers
C16043,1,4,372356.5,5,2,4,11,Loyal Customers
C05808,94,3,372345.0,2,1,4,7,Potential Customers
C09241,3,4,372334.5,5,2,4,11,Loyal Customers
C13965,14,6,372315.5,5,3,4,12,Loyal Customers
C06908,68,9,372300.0,3,5,4,12,Loyal Customers
C03135,6,9,372275.5,5,5,4,14,Champions
C14162,46,5,372263.0,3,3,4,10,Loyal Customers
C03541,16,5,372244.5,5,3,4,12,Loyal Customers
C14085,123,5,372221.5,2,3,4,9,Potential Customers
C04009,51,9,372197.0,3,5,4,12,Loyal Customers
C17656,18,5,372191.5,4,3,4,11,Loyal Customers
C10547,3,10,372190.5,5,5,4,14,Champions
C13606,32,7,372187.0,4,4,4,12,Loyal Customers
C05555,129,8,372186.5,2,4,4,10,Loyal Customers
C17159,296,9,372150.5,1,5,4,10,Loyal Customers
C06670,195,3,372150.5,1,1,4,6,At Risk
C07578,41,4,372131.0,3,2,4,9,Potential Customers
C18752,49,4,372065.5,3,2,4,9,Potential Customers
C01076,13,6,371880.0,5,3,4,12,Loyal Customers
C14778,41,7,371803.0,3,4,4,11,Loyal Customers
C02075,67,5,371705.0,3,3,4,10,Loyal Customers
C14501,23,8,371701.0,4,4,4,12,Loyal Customers
C14753,6,4,371651.0,5,2,4,11,Loyal Customers
C02572,13,6,371633.0,5,3,4,12,Loyal Customers
C07060,65,6,371588.0,3,3,4,10,Loyal Customers
C02752,1,5,371523.5,5,3,4,12,Loyal Customers
C17146,7,8,371506.0,5,4,4,13,Champions
C00301,2,7,371502.0,5,4,4,13,Champions
C02761,21,10,371481.5,4,5,4,13,Champions
C06427,225,4,371476.0,1,2,4,7,Potential Customers
C17218,34,5,371450.0,4,3,4,11,Loyal Customers
C13603,12,10,371417.5,5,5,4,14,Champions
C13259,311,6,371375.5,1,3,4,8,Potential Customers
C07037,25,4,371365.5,4,2,4,10,Loyal Customers
C11309,11,6,371330.5,5,3,4,12,Loyal Customers
C05256,36,6,371329.0,4,3,4,11,Loyal Customers
C08919,109,6,371301.5,2,3,4,9,Potential Customers
C16276,23,8,371285.0,4,4,4,12,Loyal Customers
C05661,25,6,371282.0,4,3,4,11,Loyal Customers
C09258,32,8,371276.0,4,4,4,12,Loyal Customers
C01832,104,6,371254.5,2,3,4,9,Potential Customers
C08300,93,4,371203.5,2,2,4,8,Potential Customers
C09738,69,6,371127.5,3,3,4,10,Loyal Customers
C19053,14,7,371087.5,5,4,4,13,Champions
C10867,1,6,371021.0,5,3,4,12,Loyal Customers
C19345,8,4,370988.5,5,2,4,11,Loyal Customers
C02095,9,7,370988.0,5,4,4,13,Champions
C04543,1,3,370967.0,5,1,4,10,Loyal Customers
C11560,198,5,370966.5,1,3,4,8,Potential Customers
C17646,95,2,370963.0,2,1,4,7,Potential Customers
C07244,118,5,370934.0,2,3,4,9,Potential Customers
C03008,147,4,370926.5,2,2,4,8,Potential Customers
C07356,78,6,370922.5,3,3,4,10,Loyal Customers
C01331,19,5,370902.5,4,3,4,11,Loyal Customers
C08833,2,5,370832.5,5,3,4,12,Loyal Customers
C12267,67,6,370814.0,3,3,4,10,Loyal Customers
C03949,20,7,370790.5,4,4,4,12,Loyal Customers
C02975,22,7,370708.0,4,4,4,12,Loyal Customers
C19079,231,5,370696.5,1,3,4,8,Potential Customers
C10215,17,5,370648.5,5,3,4,12,Loyal Customers
C02031,2,11,370610.5,5,5,4,14,Champions
C03938,56,6,370609.5,3,3,4,10,Loyal Customers
C14575,13,5,370590.0,5,3,4,12,Loyal Customers
C00388,18,6,370546.5,4,3,4,11,Loyal Customers
C13053,24,6,370495.5,4,3,4,11,Loyal Customers
C09817,215,3,370472.5,1,1,4,6,At Risk
C14875,116,5,370455.5,2,3,4,9,Potential Customers
C11832,30,7,370404.0,4,4,4,12,Loyal Customers
C14640,1,6,370395.0,5,3,4,12,Loyal Customers
C00665,25,4,370375.0,4,2,4,10,Loyal Customers
C18274,32,9,370357.5,4,5,4,13,Champions
C16888,121,7,370346.0,2,4,4,10,Loyal Customers
C16167,92,5,370323.5,2,3,4,9,Potential Customers
C19008,13,8,370255.0,5,4,4,13,Champions
C05321,1,10,370227.0,5,5,4,14,Champions
C18502,45,5,370204.0,3,3,4,10,Loyal Customers
C00227,143,6,370202.0,2,3,4,9,Potential Customers
C09414,111,6,370143.0,2,3,4,9,Potential Customers
C03448,7,6,370073.5,5,3,4,12,Loyal Customers
C02113,29,8,370072.0,4,4,4,12,Loyal Customers
C05045,2,7,370006.0,5,4,4,13,Champions
C06542,53,6,369979.5,3,3,4,10,Loyal Customers
C16706,28,9,369961.0,4,5,4,13,Champions
C19384,27,3,369956.5,4,1,4,9,Potential Customers
C08058,7,7,369884.0,5,4,4,13,Champions
C19371,1,7,369882.5,5,4,4,13,Champions
C14459,4,5,369813.5,5,3,4,12,Loyal Customers
C14499,15,5,369804.0,5,3,4,12,Loyal Customers
C15488,35,6,369745.0,4,3,4,11,Loyal Customers
C10024,2,8,369719.5,5,4,4,13,Champions
C01310,5,9,369698.5,5,5,4,14,Champions
C04176,2,5,369679.5,5,3,4,12,Loyal Customers
C19706,13,7,369666.0,5,4,4,13,Champions
C03014,32,8,369491.0,4,4,4,12,Loyal Customers
C08974,1,7,369481.5,5,4,4,13,Champions
C13114,3,5,369398.0,5,3,4,12,Loyal Customers
C16131,35,10,369381.0,4,5,4,13,Champions
C10752,15,5,369367.5,5,3,4,12,Loyal Customers
C14222,282,2,369315.0,1,1,4,6,At Risk
C08844,181,5,369202.0,1,3,4,8,Potential Customers
C04229,264,3,369155.5,1,1,4,6,At Risk
C03361,89,5,369133.0,2,3,4,9,Potential Customers
C15387,51,6,369116.5,3,3,4,10,Loyal Customers
C01573,103,6,369078.5,2,3,4,9,Potential Customers
C05570,56,7,368997.5,3,4,4,11,Loyal Customers
C07847,81,5,368936.5,2,3,4,9,Potential Customers
C04388,71,9,368926.0,3,5,4,12,Loyal Customers
C12200,10,7,368897.5,5,4,4,13,Champions
C17730,7,4,368855.5,5,2,4,11,Loyal Customers
C08898,22,4,368849.5,4,2,4,10,Loyal Customers
C06153,32,8,368751.0,4,4,4,12,Loyal Customers
C11373,10,7,368751.0,5,4,4,13,Champions
C09972,112,4,368673.0,2,2,4,8,Potential Customers
C08962,4,9,368649.5,5,5,4,14,Champions
C11785,29,8,368642.5,4,4,4,12,Loyal Customers
C01478,130,5,368606.5,2,3,4,9,Potential Customers
C17302,31,5,368594.0,4,3,4,11,Loyal Customers
C13063,60,9,368530.5,3,5,4,12,Loyal Customers
C02704,19,10,368494.0,4,5,4,13,Champions
C11352,4,6,368491.0,5,3,4,12,Loyal Customers
C06182,30,5,368468.0,4,3,4,11,Loyal Customers
C06283,139,8,368437.5,2,4,4,10,Loyal Customers
C12106,10,8,368395.5,5,4,4,13,Champions
C07438,6,9,368377.5,5,5,4,14,Champions
C02831,18,7,368346.0,4,4,4,12,Loyal Customers
C13195,10,8,368344.0,5,4,4,13,Champions
C12407,41,6,368326.0,3,3,4,10,Loyal Customers
C11748,5,10,368325.5,5,5,4,14,Champions
C13985,2,5,368316.0,5,3,4,12,Loyal Customers
C16112,139,7,368306.5,2,4,4,10,Loyal Customers
C15002,3,5,368294.5,5,3,4,12,Loyal Customers
C12958,67,5,368279.5,3,3,4,10,Loyal Customers
C07242,1,8,368268.5,5,4,4,13,Champions
C08954,7,6,368210.0,5,3,4,12,Loyal Customers
C12044,56,6,368179.0,3,3,4,10,Loyal Customers
C07462,40,5,368176.5,3,3,4,10,Loyal Customers
C16659,165,4,368166.0,2,2,4,8,Potential Customers
C16180,151,3,368164.0,2,1,4,7,Potential Customers
C07811,6,7,368153.0,5,4,4,13,Champions
C14714,41,7,368144.0,3,4,4,11,Loyal Customers
C02932,41,5,368105.5,3,3,4,10,Loyal Customers
C14323,43,8,368082.0,3,4,4,11,Loyal Customers
C11410,9,8,368065.0,5,4,4,13,Champions
C17712,34,7,368045.0,4,4,4,12,Loyal Customers
C15964,28,6,368015.0,4,3,4,11,Loyal Customers
C03090,25,7,368014.0,4,4,4,12,Loyal Customers
C14285,38,7,368008.5,4,4,4,12,Loyal Customers
C14940,257,3,367991.5,1,1,4,6,At Risk
C08812,129,3,367949.0,2,1,4,7,Potential Customers
C12095,17,5,367948.0,5,3,4,12,Loyal Customers
C19659,53,6,367944.0,3,3,4,10,Loyal Customers
C15991,1,8,367932.5,5,4,4,13,Champions
C09150,21,4,367913.0,4,2,4,10,Loyal Customers
C07418,17,5,367881.0,5,3,4,12,Loyal Customers
C19448,40,7,367741.5,3,4,4,11,Loyal Customers
C00102,36,7,367621.0,4,4,4,12,Loyal Customers
C11143,15,4,367599.5,5,2,4,11,Loyal Customers
C06320,12,4,367594.0,5,2,4,11,Loyal Customers
C13391,39,6,367562.0,4,3,4,11,Loyal Customers
C19095,68,6,367471.0,3,3,4,10,Loyal Customers
C14659,1,7,367467.5,5,4,4,13,Champions
C10938,215,6,367423.5,1,3,4,8,Potential Customers
C15123,75,6,367363.5,3,3,4,10,Loyal Customers
C17769,309,3,367330.5,1,1,4,6,At Risk
C02700,57,5,367306.0,3,3,4,10,Loyal Customers
C09875,26,6,367245.5,4,3,4,11,Loyal Customers
C00494,42,8,367228.0,3,4,4,11,Loyal Customers
C04714,46,6,367227.0,3,3,4,10,Loyal Customers
C09351,5,6,367200.0,5,3,4,12,Loyal Customers
C15287,202,5,367173.0,1,3,4,8,Potential Customers
C10962,1,8,367150.5,5,4,4,13,Champions
C15061,2,7,367118.0,5,4,4,13,Champions
C16908,1,5,367113.5,5,3,4,12,Loyal Customers
C06234,30,7,367099.5,4,4,4,12,Loyal Customers
C03134,74,7,367088.5,3,4,4,11,Loyal Customers
C11165,72,5,367019.0,3,3,4,10,Loyal Customers
C08498,376,7,366955.5,1,4,4,9,Potential Customers
C13866,17,8,366898.5,5,4,4,13,Champions
C16480,30,6,366875.5,4,3,4,11,Loyal Customers
C03102,4,9,366827.5,5,5,4,14,Champions
C12603,108,5,366821.0,2,3,4,9,Potential Customers
C18610,94,10,366745.5,2,5,4,11,Loyal Customers
C15791,21,8,366665.5,4,4,4,12,Loyal Customers
C11869,16,7,366656.0,5,4,4,13,Champions
C05716,77,5,366648.5,3,3,4,10,Loyal Customers
C12574,3,7,366589.0,5,4,4,13,Champions
C11793,5,8,366563.5,5,4,4,13,Champions
C02282,150,5,366448.5,2,3,4,9,Potential Customers
C06453,136,4,366415.5,2,2,4,8,Potential Customers
C18590,38,8,366375.5,4,4,4,12,Loyal Customers
C17894,5,5,366368.5,5,3,4,12,Loyal Customers
C11691,178,4,366346.5,2,2,4,8,Potential Customers
C15198,22,9,366338.5,4,5,4,13,Champions
C02578,71,5,366336.0,3,3,4,10,Loyal Customers
C10701,3,5,366302.0,5,3,4,12,Loyal Customers
C13775,147,6,366294.0,2,3,4,9,Potential Customers
C01459,90,5,366277.5,2,3,4,9,Potential Customers
C02813,44,5,366265.0,3,3,4,10,Loyal Customers
C06483,8,8,366259.0,5,4,4,13,Champions
C02461,109,7,366256.0,2,4,4,10,Loyal Customers
C05039,17,7,366202.5,5,4,4,13,Champions
C17645,2,6,366191.5,5,3,4,12,Loyal Customers
C12750,46,6,366144.5,3,3,4,10,Loyal Customers
C16581,10,7,366122.5,5,4,4,13,Champions
C09208,59,7,366105.5,3,4,4,11,Loyal Customers
C09223,17,6,366056.0,5,3,4,12,Loyal Customers
C08119,70,5,366055.5,3,3,4,10,Loyal Customers
C01752,11,6,365992.5,5,3,4,12,Loyal Customers
C12764,142,3,365982.0,2,1,4,7,Potential Customers
C15145,11,5,365949.0,5,3,4,12,Loyal Customers
C19741,29,9,365946.5,4,5,4,13,Champions
C10099,25,8,365921.5,4,4,4,12,Loyal Customers
C07207,29,5,365870.5,4,3,4,11,Loyal Customers
C17965,7,3,365799.5,5,1,4,10,Loyal Customers
C02551,67,11,365773.5,3,5,4,12,Loyal Customers
C03552,13,4,365771.0,5,2,4,11,Loyal Customers
C00931,97,5,365757.0,2,3,4,9,Potential Customers
C12846,2,3,365726.0,5,1,4,10,Loyal Customers
C05885,74,6,365698.5,3,3,4,10,Loyal Customers
C09594,30,7,365691.5,4,4,4,12,Loyal Customers
C00194,9,8,365683.0,5,4,4,13,Champions
C09780,86,4,365664.5,2,2,4,8,Potential Customers
C00129,42,6,365649.5,3,3,4,10,Loyal Customers
C02922,91,8,365612.5,2,4,4,10,Loyal Customers
C11058,279,5,365594.0,1,3,4,8,Potential Customers
C06900,74,6,365585.0,3,3,4,10,Loyal Customers
C15270,238,4,365575.5,1,2,4,7,Potential Customers
C15742,20,8,365572.5,4,4,4,12,Loyal Customers
C14608,17,5,365530.5,5,3,4,12,Loyal Customers
C09058,1,7,365520.5,5,4,4,13,Champions
C02320,5,6,365514.5,5,3,4,12,Loyal Customers
C13927,209,6,365467.0,1,3,4,8,Potential Customers
C10958,67,8,365463.0,3,4,4,11,Loyal Customers
C01746,3,4,365420.0,5,2,4,11,Loyal Customers
C07675,12,10,365416.5,5,5,4,14,Champions
C10053,5,6,365410.5,5,3,4,12,Loyal Customers
C19317,73,11,365409.5,3,5,4,12,Loyal Customers
C18607,55,8,365345.0,3,4,4,11,Loyal Customers
C14792,136,7,365325.5,2,4,4,10,Loyal Customers
C13522,70,5,365322.0,3,3,4,10,Loyal Customers
C18715,1,6,365254.5,5,3,4,12,Loyal Customers
C06157,88,8,365237.5,2,4,4,10,Loyal Customers
C19695,37,7,365233.5,4,4,4,12,Loyal Customers
C04974,153,8,365229.0,2,4,4,10,Loyal Customers
C06800,42,4,365219.0,3,2,4,9,Potential Customers
C07553,77,9,365129.0,3,5,4,12,Loyal Customers
C17190,5,7,365127.0,5,4,4,13,Champions
C00647,1,12,365102.0,5,5,4,14,Champions
C10023,6,10,365043.5,5,5,4,14,Champions
C07750,13,7,365008.5,5,4,4,13,Champions
C06536,52,6,364953.0,3,3,4,10,Loyal Customers
C19728,211,4,364921.0,1,2,4,7,Potential Customers
C01866,46,8,364892.5,3,4,4,11,Loyal Customers
C00673,23,5,364882.5,4,3,4,11,Loyal Customers
C03025,35,5,364864.0,4,3,4,11,Loyal Customers
C13706,78,3,364853.5,3,1,4,8,Potential Customers
C10417,5,5,364846.5,5,3,4,12,Loyal Customers
C01235,43,4,364844.0,3,2,4,9,Potential Customers
C10512,295,6,364843.0,1,3,4,8,Potential Customers
C06480,8,3,364759.0,5,1,4,10,Loyal Customers
C08672,157,7,364731.0,2,4,4,10,Loyal Customers
C03701,14,6,364720.5,5,3,4,12,Loyal Customers
C17370,25,7,364711.0,4,4,4,12,Loyal Customers
C15060,4,8,364596.5,5,4,4,13,Champions
C04067,13,5,364571.0,5,3,4,12,Loyal Customers
C03211,15,10,364533.0,5,5,4,14,Champions
C18819,64,6,364448.0,3,3,4,10,Loyal Customers
C17145,72,3,364375.5,3,1,4,8,Potential Customers
C03194,16,4,364347.5,5,2,4,11,Loyal Customers
C13169,1,6,364332.0,5,3,4,12,Loyal Customers
C12041,38,7,364330.5,4,4,4,12,Loyal Customers
C10999,3,5,364240.0,5,3,4,12,Loyal Customers
C05960,174,7,364179.0,2,4,4,10,Loyal Customers
C10064,46,8,364131.0,3,4,4,11,Loyal Customers
C08823,8,6,364130.5,5,3,4,12,Loyal Customers
C01512,1,7,364119.5,5,4,4,13,Champions
C13959,256,6,364058.0,1,3,4,8,Potential Customers
C15613,6,7,364052.0,5,4,4,13,Champions
C19037,236,5,364022.0,1,3,4,8,Potential Customers
C14742,41,8,364011.0,3,4,4,11,Loyal Customers
C04541,7,6,363991.0,5,3,4,12,Loyal Customers
C13372,76,8,363985.5,3,4,4,11,Loyal Customers
C00866,105,5,363948.0,2,3,4,9,Potential Customers
C18902,36,6,363933.5,4,3,4,11,Loyal Customers
C04547,1,8,363915.5,5,4,4,13,Champions
C16403,36,8,363864.0,4,4,4,12,Loyal Customers
C19309,76,8,363823.5,3,4,4,11,Loyal Customers
C15262,26,4,363801.0,4,2,4,10,Loyal Customers
C02478,129,5,363786.0,2,3,4,9,Potential Customers
C13156,2,6,363780.0,5,3,4,12,Loyal Customers
C12762,46,6,363737.5,3,3,4,10,Loyal Customers
C14815,6,6,363693.0,5,3,4,12,Loyal Customers
C15073,16,4,363685.5,5,2,4,11,Loyal Customers
C02630,21,5,363635.0,4,3,4,11,Loyal Customers
C02786,61,10,363591.0,3,5,4,12,Loyal Customers
C02767,3,8,363582.5,5,4,4,13,Champions
C19501,5,4,363522.0,5,2,4,11,Loyal Customers
C17926,29,5,363516.0,4,3,4,11,Loyal Customers
C00443,44,6,363452.5,3,3,4,10,Loyal Customers
C10358,194,7,363389.5,1,4,4,9,Potential Customers
C05799,9,6,363389.5,5,3,4,12,Loyal Customers
C03376,4,4,363380.5,5,2,4,11,Loyal Customers
C14506,2,3,363377.0,5,1,4,10,Loyal Customers
C02542,51,6,363375.5,3,3,4,10,Loyal Customers
C16550,1,6,363354.5,5,3,4,12,Loyal Customers
C00240,39,5,363351.0,4,3,4,11,Loyal Customers
C04251,64,9,363310.5,3,5,4,12,Loyal Customers
C09967,31,6,363250.0,4,3,4,11,Loyal Customers
C18879,100,12,363240.5,2,5,4,11,Loyal Customers
C12027,12,7,363182.5,5,4,4,13,Champions
C18857,39,5,363151.5,4,3,4,11,Loyal Customers
C08373,11,5,363144.5,5,3,4,12,Loyal Customers
C11911,1,7,363091.0,5,4,4,13,Champions
C05099,54,6,362968.0,3,3,4,10,Loyal Customers
C13967,8,9,362964.0,5,5,4,14,Champions
C18001,21,5,362951.0,4,3,4,11,Loyal Customers
C09197,45,5,362901.0,3,3,4,10,Loyal Customers
C04673,25,6,362889.0,4,3,4,11,Loyal Customers
C11103,35,6,362888.0,4,3,4,11,Loyal Customers
C17879,3,6,362863.5,5,3,4,12,Loyal Customers
C16559,345,6,362762.0,1,3,4,8,Potential Customers
C18599,11,4,362758.5,5,2,4,11,Loyal Customers
C17070,3,7,362752.0,5,4,4,13,Champions
C06172,16,5,362697.0,5,3,4,12,Loyal Customers
C15818,19,10,362681.5,4,5,4,13,Champions
C08501,119,6,362677.0,2,3,4,9,Potential Customers
C10861,1,7,362655.0,5,4,4,13,Champions
C01312,45,4,362633.0,3,2,4,9,Potential Customers
C15548,84,7,362436.5,2,4,4,10,Loyal Customers
C17079,18,8,362406.5,4,4,4,12,Loyal Customers
C17022,65,3,362355.5,3,1,4,8,Potential Customers
C05347,8,5,362326.0,5,3,4,12,Loyal Customers
C14858,80,6,362288.5,2,3,4,9,Potential Customers
C04120,24,5,362222.5,4,3,4,11,Loyal Customers
C03167,232,5,362188.0,1,3,4,8,Potential Customers
C08623,46,5,362149.0,3,3,4,10,Loyal Customers
C12966,459,3,362109.0,1,1,4,6,At Risk
C11947,80,9,362077.0,2,5,4,11,Loyal Customers
C06682,53,5,361998.5,3,3,4,10,Loyal Customers
C06216,43,8,361976.5,3,4,4,11,Loyal Customers
C10020,79,9,361971.0,3,5,4,12,Loyal Customers
C13644,9,3,361956.5,5,1,4,10,Loyal Customers
C11190,2,4,361916.0,5,2,4,11,Loyal Customers
C05616,1,5,361897.0,5,3,4,12,Loyal Customers
C15995,65,10,361894.5,3,5,4,12,Loyal Customers
C08595,24,7,361836.0,4,4,4,12,Loyal Customers
C11601,3,6,361812.5,5,3,4,12,Loyal Customers
C17110,28,7,361740.5,4,4,4,12,Loyal Customers
C04995,1,7,361714.0,5,4,4,13,Champions
C13721,18,3,361706.0,4,1,4,9,Potential Customers
C12628,9,6,361639.0,5,3,4,12,Loyal Customers
C01643,17,4,361615.5,5,2,4,11,Loyal Customers
C15561,379,5,361557.0,1,3,4,8,Potential Customers
C18506,18,11,361540.0,4,5,4,13,Champions
C09879,30,5,361527.0,4,3,4,11,Loyal Customers
C19530,12,9,361449.5,5,5,4,14,Champions
C08169,25,6,361426.5,4,3,4,11,Loyal Customers
C14326,30,6,361340.0,4,3,4,11,Loyal Customers
C14788,278,5,361311.0,1,3,4,8,Potential Customers
C18189,27,3,361262.0,4,1,4,9,Potential Customers
C16160,12,6,361256.5,5,3,4,12,Loyal Customers
C07175,90,9,361253.5,2,5,4,11,Loyal Customers
C11800,85,8,361204.5,2,4,4,10,Loyal Customers
C08195,45,8,361179.5,3,4,4,11,Loyal Customers
C15659,10,4,361162.5,5,2,4,11,Loyal Customers
C13117,346,8,361129.5,1,4,4,9,Potential Customers
C05734,17,6,361122.5,5,3,4,12,Loyal Customers
C18447,28,7,361114.5,4,4,4,12,Loyal Customers
C01594,65,5,361093.5,3,3,4,10,Loyal Customers
C08692,40,7,360977.0,3,4,4,11,Loyal Customers
C13831,62,7,360972.5,3,4,4,11,Loyal Customers
C10901,11,6,360960.0,5,3,4,12,Loyal Customers
C09896,53,10,360956.0,3,5,4,12,Loyal Customers
C15732,60,7,360905.0,3,4,4,11,Loyal Customers
C14193,164,5,360879.0,2,3,4,9,Potential Customers
C07219,83,5,360746.0,2,3,4,9,Potential Customers
C07588,46,8,360674.0,3,4,4,11,Loyal Customers
C16671,87,2,360661.0,2,1,4,7,Potential Customers
C02260,11,9,360585.5,5,5,4,14,Champions
C03147,28,5,360522.0,4,3,4,11,Loyal Customers
C16394,80,7,360517.5,2,4,4,10,Loyal Customers
C03520,66,4,360447.0,3,2,4,9,Potential Customers
C04891,29,7,360391.0,4,4,4,12,Loyal Customers
C12497,60,6,360364.5,3,3,4,10,Loyal Customers
C12153,25,8,360351.5,4,4,4,12,Loyal Customers
C15120,6,10,360313.5,5,5,4,14,Champions
C08556,114,7,360245.5,2,4,4,10,Loyal Customers
C19155,53,8,360235.0,3,4,4,11,Loyal Customers
C19927,31,4,360181.5,4,2,4,10,Loyal Customers
C05702,6,3,360164.0,5,1,4,10,Loyal Customers
C05032,193,8,360153.0,1,4,4,9,Potential Customers
C14037,8,4,360141.5,5,2,4,11,Loyal Customers
C05439,2,4,360136.0,5,2,4,11,Loyal Customers
C19929,80,5,360111.0,2,3,4,9,Potential Customers
C15444,65,6,360082.5,3,3,4,10,Loyal Customers
C03839,16,8,360078.5,5,4,4,13,Champions
C15025,75,7,360062.5,3,4,4,11,Loyal Customers
C09769,1,8,360036.0,5,4,4,13,Champions
C18598,100,6,360011.0,2,3,4,9,Potential Customers
C09303,20,9,360004.0,4,5,4,13,Champions
C16497,184,11,359991.0,1,5,4,10,Loyal Customers
C19399,18,5,359859.0,4,3,4,11,Loyal Customers
C12360,20,5,359842.0,4,3,4,11,Loyal Customers
C16992,1,5,359752.0,5,3,4,12,Loyal Customers
C09527,2,4,359694.5,5,2,4,11,Loyal Customers
C06056,6,6,359690.5,5,3,4,12,Loyal Customers
C03654,24,3,359687.0,4,1,4,9,Potential Customers
C17016,51,6,359639.5,3,3,4,10,Loyal Customers
C18512,11,7,359626.5,5,4,4,13,Champions
C04438,6,10,359609.5,5,5,4,14,Champions
C17650,104,6,359554.5,2,3,4,9,Potential Customers
C03184,13,7,359526.5,5,4,4,13,Champions
C06922,338,4,359523.0,1,2,4,7,Potential Customers
C15259,393,4,359520.0,1,2,4,7,Potential Customers
C16075,12,8,359452.5,5,4,4,13,Champions
C00370,243,6,359309.5,1,3,4,8,Potential Customers
C03043,16,7,359286.0,5,4,4,13,Champions
C12165,20,4,359270.0,4,2,4,10,Loyal Customers
C19453,263,5,359242.5,1,3,4,8,Potential Customers
C11341,247,3,359218.0,1,1,4,6,At Risk
C18229,8,7,359204.5,5,4,4,13,Champions
C19895,1,5,359187.5,5,3,4,12,Loyal Customers
C03475,68,6,359094.0,3,3,4,10,Loyal Customers
C18523,32,8,359084.5,4,4,4,12,Loyal Customers
C10561,16,9,359074.5,5,5,4,14,Champions
C04798,116,6,359020.0,2,3,4,9,Potential Customers
C04353,8,6,358978.0,5,3,4,12,Loyal Customers
C17350,94,4,358936.5,2,2,4,8,Potential Customers
C13171,75,7,358833.5,3,4,4,11,Loyal Customers
C05288,54,7,358815.5,3,4,4,11,Loyal Customers
C13379,1,6,358789.0,5,3,4,12,Loyal Customers
C01692,103,7,358774.5,2,4,4,10,Loyal Customers
C10263,5,6,358736.0,5,3,4,12,Loyal Customers
C15895,25,3,358734.5,4,1,4,9,Potential Customers
C19977,56,5,358669.0,3,3,4,10,Loyal Customers
C08378,37,4,358623.0,4,2,4,10,Loyal Customers
C13341,12,9,358541.0,5,5,4,14,Champions
C07645,1,10,358482.0,5,5,4,14,Champions
C11813,17,4,358458.5,5,2,4,11,Loyal Customers
C17660,71,5,358447.5,3,3,4,10,Loyal Customers
C16182,15,11,358406.5,5,5,4,14,Champions
C15916,157,7,358406.0,2,4,4,10,Loyal Customers
C18129,7,9,358325.0,5,5,4,14,Champions
C08853,10,4,358321.5,5,2,4,11,Loyal Customers
C14481,3,6,358313.0,5,3,4,12,Loyal Customers
C06656,29,10,358312.0,4,5,4,13,Champions
C15624,40,4,358258.5,3,2,4,9,Potential Customers
C03260,38,3,358251.5,4,1,4,9,Potential Customers
C08804,1,6,358245.0,5,3,4,12,Loyal Customers
C10586,61,6,358215.5,3,3,4,10,Loyal Customers
C16126,34,7,358183.0,4,4,4,12,Loyal Customers
C17893,2,5,358177.0,5,3,4,12,Loyal Customers
C00760,3,7,358169.5,5,4,4,13,Champions
C06023,23,5,358160.5,4,3,4,11,Loyal Customers
C12254,317,8,358142.0,1,4,4,9,Potential Customers
C02218,57,5,358136.5,3,3,4,10,Loyal Customers
C15105,12,4,358113.0,5,2,4,11,Loyal Customers
C14892,8,5,358104.5,5,3,4,12,Loyal Customers
C00599,31,8,358059.0,4,4,4,12,Loyal Customers
C11147,14,5,358011.0,5,3,4,12,Loyal Customers
C19259,4,7,357992.0,5,4,4,13,Champions
C06099,49,5,357963.0,3,3,4,10,Loyal Customers
C01834,173,6,357924.5,2,3,4,9,Potential Customers
C04767,162,5,357869.0,2,3,4,9,Potential Customers
C17969,12,5,357821.5,5,3,4,12,Loyal Customers
C15075,45,6,357815.5,3,3,4,10,Loyal Customers
C18390,2,5,357748.0,5,3,4,12,Loyal Customers
C00296,3,6,357660.0,5,3,4,12,Loyal Customers
C05886,22,5,357654.5,4,3,4,11,Loyal Customers
C04670,166,4,357634.0,2,2,4,8,Potential Customers
C15056,33,8,357619.5,4,4,4,12,Loyal Customers
C02248,32,6,357530.5,4,3,4,11,Loyal Customers
C07260,26,6,357427.0,4,3,4,11,Loyal Customers
C17998,6,7,357406.0,5,4,4,13,Champions
C11291,1,3,357384.0,5,1,4,10,Loyal Customers
C18788,7,5,357379.0,5,3,4,12,Loyal Customers
C00858,6,9,357316.5,5,5,4,14,Champions
C11723,20,9,357301.0,4,5,4,13,Champions
C13265,37,5,357274.5,4,3,4,11,Loyal Customers
C06422,56,5,357210.0,3,3,4,10,Loyal Customers
C03945,25,6,357187.5,4,3,4,11,Loyal Customers
C19604,23,6,357134.0,4,3,4,11,Loyal Customers
C12340,29,6,357125.5,4,3,4,11,Loyal Customers
C08531,8,5,357113.5,5,3,4,12,Loyal Customers
C06030,89,6,357061.5,2,3,4,9,Potential Customers
C05438,67,8,356969.0,3,4,4,11,Loyal Customers
C13217,72,4,356942.0,3,2,4,9,Potential Customers
C12109,44,6,356909.0,3,3,4,10,Loyal Customers
C13525,63,6,356877.5,3,3,4,10,Loyal Customers
C16464,30,7,356869.5,4,4,4,12,Loyal Customers
C16352,2,7,356833.5,5,4,4,13,Champions
C06525,4,5,356795.0,5,3,4,12,Loyal Customers
C09922,6,6,356769.5,5,3,4,12,Loyal Customers
C16027,5,4,356767.0,5,2,4,11,Loyal Customers
C03944,29,4,356758.0,4,2,4,10,Loyal Customers
C05605,52,7,356697.5,3,4,4,11,Loyal Customers
C13349,51,7,356696.0,3,4,4,11,Loyal Customers
C01843,4,5,356694.0,5,3,4,12,Loyal Customers
C10150,65,4,356689.0,3,2,4,9,Potential Customers
C03366,139,6,356613.0,2,3,4,9,Potential Customers
C11455,16,9,356595.5,5,5,4,14,Champions
C01614,3,4,356408.0,5,2,4,11,Loyal Customers
C04026,48,2,356406.0,3,1,4,8,Potential Customers
C00705,5,3,356386.0,5,1,4,10,Loyal Customers
C10164,8,5,356376.0,5,3,4,12,Loyal Customers
C07867,37,6,356372.5,4,3,4,11,Loyal Customers
C02013,28,7,356282.0,4,4,4,12,Loyal Customers
C10934,44,6,356229.5,3,3,4,10,Loyal Customers
C11487,261,6,356228.5,1,3,4,8,Potential Customers
C19802,3,9,356174.5,5,5,4,14,Champions
C06132,51,4,356141.0,3,2,4,9,Potential Customers
C13544,27,7,356132.5,4,4,4,12,Loyal Customers
C17696,1,6,356106.5,5,3,4,12,Loyal Customers
C03958,19,3,356092.5,4,1,4,9,Potential Customers
C05766,64,8,356002.5,3,4,4,11,Loyal Customers
C16449,5,7,355998.5,5,4,4,13,Champions
C12348,82,5,355980.5,2,3,4,9,Potential Customers
C15383,24,6,355963.5,4,3,4,11,Loyal Customers
C12575,2,6,355884.0,5,3,4,12,Loyal Customers
C11549,142,5,355868.0,2,3,4,9,Potential Customers
C05159,73,8,355844.0,3,4,4,11,Loyal Customers
C06818,11,5,355841.5,5,3,4,12,Loyal Customers
C18018,67,2,355840.0,3,1,4,8,Potential Customers
C08733,94,8,355820.5,2,4,4,10,Loyal Customers
C15713,115,5,355818.5,2,3,4,9,Potential Customers
C13767,214,5,355781.5,1,3,4,8,Potential Customers
C12466,170,5,355775.0,2,3,4,9,Potential Customers
C05491,29,8,355740.0,4,4,4,12,Loyal Customers
C17763,121,5,355731.0,2,3,4,9,Potential Customers
C10178,8,8,355683.5,5,4,4,13,Champions
C13508,449,5,355665.5,1,3,4,8,Potential Customers
C08201,40,7,355634.0,3,4,4,11,Loyal Customers
C08297,60,7,355579.0,3,4,4,11,Loyal Customers
C02575,31,5,355553.5,4,3,4,11,Loyal Customers
C04220,2,6,355522.0,5,3,4,12,Loyal Customers
C06430,245,5,355462.5,1,3,4,8,Potential Customers
C01501,30,5,355453.5,4,3,4,11,Loyal Customers
C17932,131,6,355441.5,2,3,4,9,Potential Customers
C19339,21,5,355434.5,4,3,4,11,Loyal Customers
C15320,3,4,355276.5,5,2,4,11,Loyal Customers
C19201,5,5,355243.0,5,3,4,12,Loyal Customers
C11517,1,10,355198.0,5,5,4,14,Champions
C19663,115,6,355191.0,2,3,4,9,Potential Customers
C06087,13,8,355175.0,5,4,4,13,Champions
C07134,51,9,355170.5,3,5,4,12,Loyal Customers
C08673,24,7,355113.5,4,4,4,12,Loyal Customers
C03011,33,7,355091.0,4,4,4,12,Loyal Customers
C14154,27,5,355077.0,4,3,4,11,Loyal Customers
C19858,13,8,355062.0,5,4,4,13,Champions
C05540,3,5,355033.0,5,3,4,12,Loyal Customers
C09924,85,9,355019.5,2,5,4,11,Loyal Customers
C00799,268,6,354931.5,1,3,4,8,Potential Customers
C09665,20,4,354910.0,4,2,4,10,Loyal Customers
C15485,1,3,354893.0,5,1,4,10,Loyal Customers
C06305,28,7,354885.5,4,4,4,12,Loyal Customers
C18098,167,4,354845.5,2,2,4,8,Potential Customers
C11059,31,7,354821.5,4,4,4,12,Loyal Customers
C12329,22,6,354810.5,4,3,4,11,Loyal Customers
C19060,1,4,354699.5,5,2,4,11,Loyal Customers
C09182,14,8,354652.5,5,4,4,13,Champions
C09542,20,6,354648.0,4,3,4,11,Loyal Customers
C11420,27,5,354633.0,4,3,4,11,Loyal Customers
C07965,34,5,354623.5,4,3,4,11,Loyal Customers
C03227,4,6,354604.0,5,3,4,12,Loyal Customers
C18704,25,5,354568.5,4,3,4,11,Loyal Customers
C14597,12,4,354528.5,5,2,4,11,Loyal Customers
C01421,3,7,354480.0,5,4,4,13,Champions
C04964,16,6,354459.0,5,3,4,12,Loyal Customers
C17860,101,4,354457.0,2,2,4,8,Potential Customers
C05599,81,5,354457.0,2,3,4,9,Potential Customers
C19696,366,3,354455.0,1,1,4,6,At Risk
C10143,11,9,354431.0,5,5,4,14,Champions
C14022,173,8,354388.0,2,4,4,10,Loyal Customers
C06724,5,4,354378.5,5,2,4,11,Loyal Customers
C02505,216,5,354236.5,1,3,4,8,Potential Customers
C06328,44,5,354155.0,3,3,4,10,Loyal Customers
C09889,4,10,354138.0,5,5,4,14,Champions
C09003,3,8,354130.0,5,4,4,13,Champions
C18992,17,8,354116.0,5,4,4,13,Champions
C05014,40,9,354071.5,3,5,4,12,Loyal Customers
C02068,265,5,354059.5,1,3,4,8,Potential Customers
C12260,85,9,354003.5,2,5,4,11,Loyal Customers
C03506,58,7,353988.0,3,4,4,11,Loyal Customers
C00861,4,5,353950.5,5,3,4,12,Loyal Customers
C19621,5,8,353917.0,5,4,4,13,Champions
C17882,51,4,353912.0,3,2,4,9,Potential Customers
C14159,2,5,353895.5,5,3,4,12,Loyal Customers
C05085,93,5,353895.0,2,3,4,9,Potential Customers
C11829,10,6,353889.5,5,3,4,12,Loyal Customers
C19072,26,7,353867.0,4,4,4,12,Loyal Customers
C02384,96,5,353662.5,2,3,4,9,Potential Customers
C03805,6,8,353634.5,5,4,4,13,Champions
C13746,107,5,353605.0,2,3,4,9,Potential Customers
C07539,6,5,353569.0,5,3,4,12,Loyal Customers
C19312,30,6,353535.5,4,3,4,11,Loyal Customers
C07928,22,8,353523.5,4,4,4,12,Loyal Customers
C01355,27,5,353512.5,4,3,4,11,Loyal Customers
C01126,40,8,353489.5,3,4,4,11,Loyal Customers
C15731,54,7,353463.0,3,4,4,11,Loyal Customers
C06114,43,8,353449.0,3,4,4,11,Loyal Customers
C18343,60,8,353440.5,3,4,4,11,Loyal Customers
C11386,10,7,353389.5,5,4,4,13,Champions
C11250,10,5,353379.5,5,3,4,12,Loyal Customers
C05362,64,5,353358.5,3,3,4,10,Loyal Customers
C17917,19,5,353337.0,4,3,4,11,Loyal Customers
C12126,261,9,353316.0,1,5,4,10,Loyal Customers
C10870,50,8,353255.0,3,4,4,11,Loyal Customers
C16124,51,7,353161.5,3,4,4,11,Loyal Customers
C02620,2,8,353091.0,5,4,4,13,Champions
C08278,6,6,353054.0,5,3,4,12,Loyal Customers
C18832,156,7,353051.5,2,4,4,10,Loyal Customers
C18824,155,6,353045.5,2,3,4,9,Potential Customers
C17234,38,4,353036.5,4,2,4,10,Loyal Customers
C08598,31,5,353023.5,4,3,4,11,Loyal Customers
C01408,2,6,352960.0,5,3,4,12,Loyal Customers
C09630,138,7,352855.0,2,4,4,10,Loyal Customers
C02140,35,4,352825.5,4,2,4,10,Loyal Customers
C15124,206,5,352822.0,1,3,4,8,Potential Customers
C15616,29,4,352817.5,4,2,4,10,Loyal Customers
C18883,110,7,352805.5,2,4,4,10,Loyal Customers
C01634,36,6,352762.0,4,3,4,11,Loyal Customers
C09338,23,5,352750.0,4,3,4,11,Loyal Customers
C08573,42,6,352747.5,3,3,4,10,Loyal Customers
C12712,20,4,352696.5,4,2,4,10,Loyal Customers
C04659,13,7,352695.0,5,4,4,13,Champions
C18145,7,5,352694.0,5,3,4,12,Loyal Customers
C14036,34,3,352685.0,4,1,4,9,Potential Customers
C03057,23,3,352672.0,4,1,4,9,Potential Customers
C16401,45,6,352589.0,3,3,4,10,Loyal Customers
C15594,113,3,352569.5,2,1,4,7,Potential Customers
C16762,4,5,352567.0,5,3,4,12,Loyal Customers
C08134,32,5,352546.0,4,3,4,11,Loyal Customers
C10988,105,3,352544.5,2,1,4,7,Potential Customers
C05304,25,9,352508.0,4,5,4,13,Champions
C03208,239,7,352507.0,1,4,4,9,Potential Customers
C01246,13,9,352434.5,5,5,4,14,Champions
C16487,2,8,352416.5,5,4,4,13,Champions
C03865,77,4,352404.0,3,2,4,9,Potential Customers
C07246,33,6,352368.0,4,3,4,11,Loyal Customers
C15738,112,5,352366.0,2,3,4,9,Potential Customers
C14564,24,5,352362.5,4,3,4,11,Loyal Customers
C08133,26,4,352316.5,4,2,4,10,Loyal Customers
C01451,66,4,352293.5,3,2,4,9,Potential Customers
C12645,87,4,352264.5,2,2,4,8,Potential Customers
C13695,137,8,352258.5,2,4,4,10,Loyal Customers
C15849,39,10,352210.0,4,5,4,13,Champions
C12481,20,6,352203.5,4,3,4,11,Loyal Customers
C02980,77,5,352195.5,3,3,4,10,Loyal Customers
C19379,50,4,352138.5,3,2,4,9,Potential Customers
C09657,177,6,352135.5,2,3,4,9,Potential Customers
C00604,46,3,352126.0,3,1,4,8,Potential Customers
C16417,31,5,352117.5,4,3,4,11,Loyal Customers
C12187,323,6,352041.5,1,3,4,8,Potential Customers
C12239,73,7,352017.0,3,4,4,11,Loyal Customers
C05820,1,5,351943.5,5,3,4,12,Loyal Customers
C06361,156,5,351933.0,2,3,4,9,Potential Customers
C04094,32,5,351888.0,4,3,4,11,Loyal Customers
C04326,8,5,351871.0,5,3,4,12,Loyal Customers
C07103,39,7,351834.5,4,4,4,12,Loyal Customers
C19723,17,8,351823.5,5,4,4,13,Champions
C17481,19,4,351696.0,4,2,4,10,Loyal Customers
C12765,2,6,351563.5,5,3,4,12,Loyal Customers
C04604,1,4,351548.0,5,2,4,11,Loyal Customers
C11025,21,11,351518.0,4,5,4,13,Champions
C01114,250,3,351515.0,1,1,4,6,At Risk
C09652,43,9,351493.0,3,5,4,12,Loyal Customers
C11459,47,5,351489.5,3,3,4,10,Loyal Customers
C13814,5,4,351476.5,5,2,4,11,Loyal Customers
C10583,12,7,351469.5,5,4,4,13,Champions
C17929,29,7,351403.5,4,4,4,12,Loyal Customers
C03050,66,5,351377.0,3,3,4,10,Loyal Customers
C00328,279,6,351375.5,1,3,4,8,Potential Customers
C12801,34,7,351354.0,4,4,4,12,Loyal Customers
C01086,11,4,351338.0,5,2,4,11,Loyal Customers
C09473,19,4,351319.0,4,2,4,10,Loyal Customers
C07466,2,6,351307.0,5,3,4,12,Loyal Customers
C06515,3,7,351293.5,5,4,4,13,Champions
C14684,51,7,351248.0,3,4,4,11,Loyal Customers
C15553,22,6,351244.0,4,3,4,11,Loyal Customers
C04766,10,5,351218.0,5,3,4,12,Loyal Customers
C17183,240,5,351206.0,1,3,4,8,Potential Customers
C06660,153,7,351158.5,2,4,4,10,Loyal Customers
C18636,73,5,351158.0,3,3,4,10,Loyal Customers
C07828,124,5,351145.5,2,3,4,9,Potential Customers
C18892,55,3,351079.0,3,1,4,8,Potential Customers
C00234,16,10,351073.5,5,5,4,14,Champions
C07634,94,6,350959.0,2,3,4,9,Potential Customers
C02617,2,5,350936.0,5,3,4,12,Loyal Customers
C16217,30,7,350872.5,4,4,4,12,Loyal Customers
C05748,199,5,350863.0,1,3,4,8,Potential Customers
C15049,4,6,350812.0,5,3,4,12,Loyal Customers
C04705,49,7,350811.0,3,4,4,11,Loyal Customers
C19240,1,5,350790.0,5,3,4,12,Loyal Customers
C15495,227,6,350785.0,1,3,4,8,Potential Customers
C09554,28,5,350780.5,4,3,4,11,Loyal Customers
C03264,6,10,350755.5,5,5,4,14,Champions
C09764,43,5,350745.0,3,3,4,10,Loyal Customers
C02097,5,7,350699.0,5,4,4,13,Champions
C18333,48,8,350696.0,3,4,4,11,Loyal Customers
C13561,166,3,350687.0,2,1,4,7,Potential Customers
C13664,10,6,350683.0,5,3,4,12,Loyal Customers
C11374,156,5,350677.5,2,3,4,9,Potential Customers
C16846,23,4,350586.0,4,2,4,10,Loyal Customers
C00184,27,4,350585.5,4,2,4,10,Loyal Customers
C14416,66,5,350557.0,3,3,4,10,Loyal Customers
C00430,57,8,350542.0,3,4,4,11,Loyal Customers
C12353,1,3,350511.0,5,1,4,10,Loyal Customers
C01657,52,7,350427.5,3,4,4,11,Loyal Customers
C08910,110,6,350426.5,2,3,4,9,Potential Customers
C07723,64,7,350353.5,3,4,4,11,Loyal Customers
C02098,2,7,350322.5,5,4,4,13,Champions
C05086,70,7,350322.0,3,4,4,11,Loyal Customers
C03948,6,11,350305.0,5,5,4,14,Champions
C08864,174,5,350252.5,2,3,4,9,Potential Customers
C14144,17,4,350159.0,5,2,4,11,Loyal Customers
C17908,6,9,350112.5,5,5,4,14,Champions
C11080,4,4,350078.5,5,2,4,11,Loyal Customers
C02210,12,4,350033.5,5,2,4,11,Loyal Customers
C18016,107,6,349999.5,2,3,4,9,Potential Customers
C07576,26,7,349926.5,4,4,4,12,Loyal Customers
C00764,88,8,349905.5,2,4,4,10,Loyal Customers
C01665,201,8,349894.0,1,4,4,9,Potential Customers
C09383,19,6,349893.5,4,3,4,11,Loyal Customers
C17785,25,7,349840.5,4,4,4,12,Loyal Customers
C08392,12,8,349816.0,5,4,4,13,Champions
C01835,60,6,349675.0,3,3,4,10,Loyal Customers
C12629,56,5,349622.5,3,3,4,10,Loyal Customers
C05934,41,5,349601.0,3,3,4,10,Loyal Customers
C09488,21,7,349587.5,4,4,4,12,Loyal Customers
C02146,256,3,349568.5,1,1,4,6,At Risk
C09474,133,6,349534.0,2,3,4,9,Potential Customers
C18850,131,6,349531.0,2,3,4,9,Potential Customers
C15965,157,9,349479.0,2,5,4,11,Loyal Customers
C10267,45,7,349469.0,3,4,4,11,Loyal Customers
C05224,52,4,349410.0,3,2,4,9,Potential Customers
C16214,73,6,349404.0,3,3,4,10,Loyal Customers
C06679,67,9,349400.5,3,5,4,12,Loyal Customers
C09030,13,6,349396.5,5,3,4,12,Loyal Customers
C14211,22,7,349323.0,4,4,4,12,Loyal Customers
C02568,34,3,349321.5,4,1,4,9,Potential Customers
C09109,126,7,349237.0,2,4,4,10,Loyal Customers
C16367,4,8,349228.5,5,4,4,13,Champions
C10916,59,5,349183.5,3,3,4,10,Loyal Customers
C16137,12,7,349102.0,5,4,4,13,Champions
C01252,44,4,349086.0,3,2,4,9,Potential Customers
C00405,112,4,349082.5,2,2,4,8,Potential Customers
C03590,69,5,348959.5,3,3,4,10,Loyal Customers
C19822,33,5,348949.0,4,3,4,11,Loyal Customers
C04546,68,8,348943.0,3,4,4,11,Loyal Customers
C01400,56,8,348923.5,3,4,4,11,Loyal Customers
C07787,7,3,348900.0,5,1,4,10,Loyal Customers
C09638,23,9,348896.0,4,5,4,13,Champions
C04225,2,6,348854.0,5,3,4,12,Loyal Customers
C04020,2,3,348853.5,5,1,4,10,Loyal Customers
C16866,191,7,348850.5,1,4,4,9,Potential Customers
C00589,384,2,348742.5,1,1,4,6,At Risk
C07150,6,3,348741.0,5,1,4,10,Loyal Customers
C08280,64,4,348725.0,3,2,4,9,Potential Customers
C06046,1,5,348684.5,5,3,4,12,Loyal Customers
C09749,13,7,348633.5,5,4,4,13,Champions
C01546,7,6,348614.5,5,3,4,12,Loyal Customers
C08068,41,8,348472.5,3,4,4,11,Loyal Customers
C00791,10,4,348417.5,5,2,4,11,Loyal Customers
C06824,53,5,348417.0,3,3,4,10,Loyal Customers
C01581,143,5,348407.0,2,3,4,9,Potential Customers
C15630,7,5,348330.0,5,3,4,12,Loyal Customers
C09179,155,5,348279.0,2,3,4,9,Potential Customers
C00526,41,4,348271.5,3,2,4,9,Potential Customers
C17140,184,4,348271.0,1,2,4,7,Potential Customers
C17306,31,7,348262.0,4,4,4,12,Loyal Customers
C08906,54,6,348149.0,3,3,4,10,Loyal Customers
C11470,149,6,348128.5,2,3,4,9,Potential Customers
C12262,8,10,348092.5,5,5,4,14,Champions
C06718,162,4,348086.0,2,2,4,8,Potential Customers
C05207,88,3,348039.0,2,1,4,7,Potential Customers
C02665,71,5,347994.5,3,3,4,10,Loyal Customers
C09316,24,5,347981.0,4,3,4,11,Loyal Customers
C03984,78,9,347933.0,3,5,4,12,Loyal Customers
C15200,96,8,347930.5,2,4,4,10,Loyal Customers
C16443,13,8,347928.0,5,4,4,13,Champions
C06500,102,7,347920.5,2,4,4,10,Loyal Customers
C10850,22,4,347896.5,4,2,4,10,Loyal Customers
C12318,37,6,347868.0,4,3,4,11,Loyal Customers
C02465,20,7,347867.5,4,4,4,12,Loyal Customers
C08067,66,8,347864.0,3,4,4,11,Loyal Customers
C18389,182,7,347834.0,1,4,4,9,Potential Customers
C03586,25,9,347809.5,4,5,4,13,Champions
C01412,28,6,347700.0,4,3,4,11,Loyal Customers
C15960,104,9,347693.5,2,5,4,11,Loyal Customers
C03599,8,6,347640.5,5,3,4,12,Loyal Customers
C14094,4,5,347609.0,5,3,4,12,Loyal Customers
C04720,9,11,347592.5,5,5,4,14,Champions
C18699,12,10,347522.5,5,5,4,14,Champions
C06735,22,5,347474.5,4,3,4,11,Loyal Customers
C06368,49,6,347454.5,3,3,4,10,Loyal Customers
C03702,133,4,347406.0,2,2,4,8,Potential Customers
C04140,1,7,347377.0,5,4,4,13,Champions
C00334,34,5,347372.0,4,3,4,11,Loyal Customers
C11432,16,4,347217.0,5,2,4,11,Loyal Customers
C04805,18,5,347200.5,4,3,4,11,Loyal Customers
C09192,50,10,347159.5,3,5,4,12,Loyal Customers
C12009,26,4,347056.0,4,2,4,10,Loyal Customers
C02853,56,6,347023.5,3,3,4,10,Loyal Customers
C09522,96,6,347005.0,2,3,4,9,Potential Customers
C00797,20,5,346958.5,4,3,4,11,Loyal Customers
C02699,96,5,346904.0,2,3,4,9,Potential Customers
C15979,41,3,346900.5,3,1,4,8,Potential Customers
C08867,123,4,346900.0,2,2,4,8,Potential Customers
C10961,2,6,346876.0,5,3,4,12,Loyal Customers
C00187,30,7,346872.0,4,4,4,12,Loyal Customers
C09320,54,4,346787.0,3,2,4,9,Potential Customers
C09518,2,4,346774.0,5,2,4,11,Loyal Customers
C10760,19,5,346675.5,4,3,4,11,Loyal Customers
C05997,6,8,346650.5,5,4,4,13,Champions
C19097,73,5,346544.0,3,3,4,10,Loyal Customers
C19069,26,6,346531.0,4,3,4,11,Loyal Customers
C18959,62,5,346507.0,3,3,4,10,Loyal Customers
C03604,582,2,346452.5,1,1,4,6,At Risk
C19571,94,7,346399.0,2,4,4,10,Loyal Customers
C11163,57,8,346383.5,3,4,4,11,Loyal Customers
C17922,2,6,346218.5,5,3,4,12,Loyal Customers
C12190,31,8,346144.0,4,4,4,12,Loyal Customers
C13435,33,7,346066.0,4,4,4,12,Loyal Customers
C09452,24,8,346065.0,4,4,4,12,Loyal Customers
C07386,92,6,346062.5,2,3,4,9,Potential Customers
C07606,75,7,346057.0,3,4,4,11,Loyal Customers
C00225,49,7,346041.5,3,4,4,11,Loyal Customers
C09550,17,6,346020.0,5,3,4,12,Loyal Customers
C05717,28,8,346016.0,4,4,4,12,Loyal Customers
C14876,83,5,346014.0,2,3,4,9,Potential Customers
C19415,56,3,345983.0,3,1,4,8,Potential Customers
C16666,322,5,345977.0,1,3,4,8,Potential Customers
C05897,67,9,345947.5,3,5,4,12,Loyal Customers
C02341,11,5,345944.5,5,3,4,12,Loyal Customers
C14949,42,7,345894.0,3,4,4,11,Loyal Customers
C06686,12,11,345872.0,5,5,4,14,Champions
C02317,109,6,345868.0,2,3,4,9,Potential Customers
C18063,25,5,345833.0,4,3,4,11,Loyal Customers
C10657,11,8,345809.5,5,4,4,13,Champions
C05139,2,9,345804.0,5,5,4,14,Champions
C15216,73,6,345768.0,3,3,4,10,Loyal Customers
C17884,23,4,345721.0,4,2,4,10,Loyal Customers
C09252,72,5,345683.0,3,3,4,10,Loyal Customers
C00132,135,4,345643.5,2,2,4,8,Potential Customers
C03086,8,4,345639.0,5,2,4,11,Loyal Customers
C07770,27,7,345611.5,4,4,4,12,Loyal Customers
C01721,9,5,345602.0,5,3,4,12,Loyal Customers
C03473,2,7,345560.0,5,4,4,13,Champions
C12947,21,5,345544.0,4,3,4,11,Loyal Customers
C19410,10,7,345494.0,5,4,4,13,Champions
C01358,54,7,345460.5,3,4,4,11,Loyal Customers
C10285,290,6,345445.5,1,3,4,8,Potential Customers
C18273,5,8,345363.0,5,4,4,13,Champions
C04069,12,7,345317.5,5,4,4,13,Champions
C08527,61,7,345317.5,3,4,4,11,Loyal Customers
C18895,42,4,345257.5,3,2,4,9,Potential Customers
C14079,31,7,345194.0,4,4,4,12,Loyal Customers
C18972,104,6,345185.5,2,3,4,9,Potential Customers
C14721,29,10,345147.0,4,5,4,13,Champions
C07509,11,6,345146.0,5,3,4,12,Loyal Customers
C17335,105,5,345083.0,2,3,4,9,Potential Customers
C18560,100,6,345071.0,2,3,4,9,Potential Customers
C08712,11,6,345039.0,5,3,4,12,Loyal Customers
C10056,40,5,345005.5,3,3,4,10,Loyal Customers
C09484,79,7,345004.0,3,4,4,11,Loyal Customers
C01565,20,6,344924.5,4,3,4,11,Loyal Customers
C17105,7,5,344872.5,5,3,4,12,Loyal Customers
C16434,135,6,344869.0,2,3,4,9,Potential Customers
C19734,26,10,344866.5,4,5,4,13,Champions
C09897,42,6,344861.0,3,3,4,10,Loyal Customers
C03854,59,9,344783.0,3,5,4,12,Loyal Customers
C16962,58,5,344634.5,3,3,4,10,Loyal Customers
C02757,11,4,344546.0,5,2,4,11,Loyal Customers
C06248,18,7,344456.0,4,4,4,12,Loyal Customers
C07198,15,7,344454.0,5,4,4,13,Champions
C16668,59,5,344453.5,3,3,4,10,Loyal Customers
C16326,13,8,344387.0,5,4,4,13,Champions
C04549,93,6,344317.0,2,3,4,9,Potential Customers
C17047,16,7,344309.0,5,4,4,13,Champions
C00842,24,5,344294.5,4,3,4,11,Loyal Customers
C15027,1,8,344274.0,5,4,4,13,Champions
C03466,33,4,344193.0,4,2,4,10,Loyal Customers
C18697,89,6,344139.0,2,3,4,9,Potential Customers
C06835,80,8,344088.5,2,4,4,10,Loyal Customers
C08927,55,4,344040.5,3,2,4,9,Potential Customers
C09228,4,9,344028.5,5,5,4,14,Champions
C01601,91,5,343976.0,2,3,4,9,Potential Customers
C03411,37,6,343961.0,4,3,4,11,Loyal Customers
C05134,16,6,343937.5,5,3,4,12,Loyal Customers
C10672,111,6,343936.5,2,3,4,9,Potential Customers
C19748,22,6,343883.0,4,3,4,11,Loyal Customers
C11286,53,7,343882.0,3,4,4,11,Loyal Customers
C06602,41,6,343862.5,3,3,4,10,Loyal Customers
C13070,130,3,343857.5,2,1,4,7,Potential Customers
C18245,186,5,343854.0,1,3,4,8,Potential Customers
C12057,22,5,343843.0,4,3,4,11,Loyal Customers
C18318,18,6,343769.0,4,3,4,11,Loyal Customers
C07861,41,5,343744.5,3,3,4,10,Loyal Customers
C08240,7,8,343688.5,5,4,4,13,Champions
C17887,7,7,343604.0,5,4,4,13,Champions
C12796,123,5,343573.5,2,3,4,9,Potential Customers
C09101,36,7,343568.5,4,4,4,12,Loyal Customers
C09789,190,4,343523.5,1,2,4,7,Potential Customers
C00439,1,8,343469.5,5,4,4,13,Champions
C00645,54,9,343449.0,3,5,4,12,Loyal Customers
C12804,41,8,343440.0,3,4,4,11,Loyal Customers
C15142,14,5,343369.5,5,3,4,12,Loyal Customers
C06639,23,6,343341.0,4,3,4,11,Loyal Customers
C13057,68,4,343324.0,3,2,4,9,Potential Customers
C12164,1,7,343320.0,5,4,4,13,Champions
C05568,55,7,343282.0,3,4,4,11,Loyal Customers
C05500,17,8,343277.5,5,4,4,13,Champions
C08656,246,6,343116.0,1,3,4,8,Potential Customers
C13810,5,8,343104.0,5,4,4,13,Champions
C19346,37,5,342997.0,4,3,4,11,Loyal Customers
C16249,76,3,342987.5,3,1,4,8,Potential Customers
C15009,53,6,342912.0,3,3,4,10,Loyal Customers
C18791,135,5,342898.0,2,3,4,9,Potential Customers
C15244,2,7,342889.0,5,4,4,13,Champions
C02147,27,5,342888.5,4,3,4,11,Loyal Customers
C16084,3,4,342851.5,5,2,4,11,Loyal Customers
C15852,31,7,342841.5,4,4,4,12,Loyal Customers
C14268,15,7,342829.0,5,4,4,13,Champions
C11127,19,6,342819.5,4,3,4,11,Loyal Customers
C07081,125,8,342810.5,2,4,4,10,Loyal Customers
C05481,17,6,342783.5,5,3,4,12,Loyal Customers
C02826,43,5,342761.0,3,3,4,10,Loyal Customers
C01631,6,7,342745.0,5,4,4,13,Champions
C13665,49,5,342690.5,3,3,4,10,Loyal Customers
C19433,86,6,342671.0,2,3,4,9,Potential Customers
C02301,71,4,342647.5,3,2,4,9,Potential Customers
C05883,76,5,342598.0,3,3,4,10,Loyal Customers
C08043,44,5,342556.0,3,3,4,10,Loyal Customers
C01747,55,7,342541.5,3,4,4,11,Loyal Customers
C01777,7,5,342515.0,5,3,4,12,Loyal Customers
C10018,46,7,342505.5,3,4,4,11,Loyal Customers
C11232,43,7,342440.5,3,4,4,11,Loyal Customers
C05925,64,6,342437.0,3,3,4,10,Loyal Customers
C14686,15,6,342435.0,5,3,4,12,Loyal Customers
C17056,67,4,342418.5,3,2,4,9,Potential Customers
C06691,175,8,342413.5,2,4,4,10,Loyal Customers
C01010,123,6,342411.0,2,3,4,9,Potential Customers
C03632,12,8,342399.5,5,4,4,13,Champions
C11037,26,9,342367.0,4,5,4,13,Champions
C00547,179,7,342345.5,2,4,4,10,Loyal Customers
C02286,62,3,342317.0,3,1,4,8,Potential Customers
C07360,31,8,342311.0,4,4,4,12,Loyal Customers
C11287,8,6,342290.0,5,3,4,12,Loyal Customers
C10966,1,4,342253.5,5,2,4,11,Loyal Customers
C13247,44,4,342176.0,3,2,4,9,Potential Customers
C00535,138,9,342153.0,2,5,4,11,Loyal Customers
C06124,1,5,342141.0,5,3,4,12,Loyal Customers
C17116,15,5,342138.0,5,3,4,12,Loyal Customers
C14002,134,4,342114.5,2,2,4,8,Potential Customers
C17643,64,9,342086.0,3,5,4,12,Loyal Customers
C05624,103,6,342034.0,2,3,4,9,Potential Customers
C01884,16,6,341973.0,5,3,4,12,Loyal Customers
C06796,73,5,341910.0,3,3,4,10,Loyal Customers
C00681,8,6,341884.0,5,3,4,12,Loyal Customers
C11007,5,6,341881.0,5,3,4,12,Loyal Customers
C14310,34,9,341836.5,4,5,4,13,Champions
C17896,22,6,341708.5,4,3,4,11,Loyal Customers
C00484,39,5,341697.5,4,3,4,11,Loyal Customers
C08683,348,4,341640.5,1,2,4,7,Potential Customers
C08468,27,3,341617.0,4,1,4,9,Potential Customers
C17467,6,7,341585.0,5,4,4,13,Champions
C18707,6,6,341568.5,5,3,4,12,Loyal Customers
C17715,6,8,341542.0,5,4,4,13,Champions
C12108,5,7,341534.5,5,4,4,13,Champions
C19990,11,6,341527.5,5,3,4,12,Loyal Customers
C15643,249,6,341523.5,1,3,4,8,Potential Customers
C03058,34,4,341379.5,4,2,4,10,Loyal Customers
C03324,87,5,341352.0,2,3,4,9,Potential Customers
C00265,83,4,341349.0,2,2,4,8,Potential Customers
C19906,39,5,341347.5,4,3,4,11,Loyal Customers
C11866,5,3,341325.5,5,1,4,10,Loyal Customers
C03465,25,4,341323.5,4,2,4,10,Loyal Customers
C00585,13,7,341312.5,5,4,4,13,Champions
C16615,17,6,341311.0,5,3,4,12,Loyal Customers
C03164,18,4,341263.5,4,2,4,10,Loyal Customers
C18185,141,7,341254.0,2,4,4,10,Loyal Customers
C13289,20,7,341212.0,4,4,4,12,Loyal Customers
C13215,80,6,341185.0,2,3,4,9,Potential Customers
C14460,43,4,341180.0,3,2,4,9,Potential Customers
C09436,118,5,341132.0,2,3,4,9,Potential Customers
C13964,9,3,341066.5,5,1,4,10,Loyal Customers
C04330,84,8,341056.5,2,4,4,10,Loyal Customers
C08105,71,5,341027.5,3,3,4,10,Loyal Customers
C06227,71,4,340993.5,3,2,4,9,Potential Customers
C15783,30,5,340991.0,4,3,4,11,Loyal Customers
C13943,91,6,340941.5,2,3,4,9,Potential Customers
C13419,17,7,340919.5,5,4,4,13,Champions
C13723,4,11,340892.5,5,5,4,14,Champions
C19172,5,6,340888.0,5,3,4,12,Loyal Customers
C06029,50,6,340861.5,3,3,4,10,Loyal Customers
C06410,64,4,340810.5,3,2,4,9,Potential Customers
C12107,11,5,340803.5,5,3,4,12,Loyal Customers
C07210,39,7,340797.0,4,4,4,12,Loyal Customers
C09570,7,7,340740.0,5,4,4,13,Champions
C06923,20,4,340707.5,4,2,4,10,Loyal Customers
C04811,217,7,340699.5,1,4,4,9,Potential Customers
C00756,1,3,340683.5,5,1,4,10,Loyal Customers
C15959,13,9,340677.5,5,5,4,14,Champions
C09547,128,5,340650.0,2,3,4,9,Potential Customers
C18030,36,6,340608.5,4,3,4,11,Loyal Customers
C00391,73,2,340581.5,3,1,4,8,Potential Customers
C09178,12,5,340557.0,5,3,4,12,Loyal Customers
C17004,100,7,340521.0,2,4,4,10,Loyal Customers
C00355,1,5,340472.5,5,3,4,12,Loyal Customers
C19673,137,5,340451.5,2,3,4,9,Potential Customers
C02064,1,7,340359.0,5,4,4,13,Champions
C02205,2,8,340356.5,5,4,4,13,Champions
C14643,10,4,340350.0,5,2,4,11,Loyal Customers
C10808,44,6,340306.5,3,3,4,10,Loyal Customers
C05355,16,5,340263.5,5,3,4,12,Loyal Customers
C08536,149,7,340258.0,2,4,4,10,Loyal Customers
C11215,14,4,340255.0,5,2,4,11,Loyal Customers
C14333,2,6,340150.0,5,3,4,12,Loyal Customers
C05745,8,3,340142.0,5,1,4,10,Loyal Customers
C04025,35,10,340088.0,4,5,4,13,Champions
C06375,6,9,340043.5,5,5,4,14,Champions
C13632,109,4,340042.5,2,2,4,8,Potential Customers
C16101,72,3,339969.0,3,1,4,8,Potential Customers
C12907,3,6,339919.5,5,3,4,12,Loyal Customers
C09361,100,4,339885.5,2,2,4,8,Potential Customers
C03166,4,6,339874.0,5,3,4,12,Loyal Customers
C02707,8,5,339847.5,5,3,4,12,Loyal Customers
C05384,2,7,339830.5,5,4,4,13,Champions
C18814,1,8,339699.5,5,4,4,13,Champions
C03834,49,6,339627.0,3,3,4,10,Loyal Customers
C16555,273,5,339622.5,1,3,4,8,Potential Customers
C08041,1,7,339567.5,5,4,4,13,Champions
C05486,19,7,339542.5,4,4,4,12,Loyal Customers
C18906,86,5,339476.5,2,3,4,9,Potential Customers
C03800,27,6,339409.0,4,3,4,11,Loyal Customers
C16985,2,10,339345.0,5,5,4,14,Champions
C00121,13,7,339343.0,5,4,4,13,Champions
C18495,94,5,339328.5,2,3,4,9,Potential Customers
C13141,48,7,339282.5,3,4,4,11,Loyal Customers
C15089,22,7,339265.5,4,4,4,12,Loyal Customers
C15515,46,8,339210.0,3,4,4,11,Loyal Customers
C12677,6,5,339183.0,5,3,4,12,Loyal Customers
C13738,3,6,339137.0,5,3,4,12,Loyal Customers
C16789,2,4,339097.5,5,2,4,11,Loyal Customers
C10158,6,6,339088.5,5,3,4,12,Loyal Customers
C14393,121,5,339043.0,2,3,4,9,Potential Customers
C17324,6,6,338976.0,5,3,4,12,Loyal Customers
C02543,53,7,338962.5,3,4,4,11,Loyal Customers
C06802,9,6,338944.0,5,3,4,12,Loyal Customers
C08682,219,5,338888.0,1,3,4,8,Potential Customers
C07148,92,6,338883.5,2,3,4,9,Potential Customers
C11493,135,7,338850.0,2,4,4,10,Loyal Customers
C10238,9,6,338841.5,5,3,4,12,Loyal Customers
C17466,65,6,338776.5,3,3,4,10,Loyal Customers
C13987,4,7,338775.0,5,4,4,13,Champions
C00470,48,4,338765.0,3,2,4,9,Potential Customers
C03931,34,7,338708.5,4,4,4,12,Loyal Customers
C13166,40,8,338691.5,3,4,4,11,Loyal Customers
C18306,242,4,338681.5,1,2,4,7,Potential Customers
C15308,154,8,338599.5,2,4,4,10,Loyal Customers
C12104,11,6,338503.5,5,3,4,12,Loyal Customers
C05503,162,5,338480.0,2,3,4,9,Potential Customers
C10090,38,8,338415.0,4,4,4,12,Loyal Customers
C05270,249,4,338362.0,1,2,4,7,Potential Customers
C13941,59,8,338353.0,3,4,4,11,Loyal Customers
C15827,29,6,338316.0,4,3,4,11,Loyal Customers
C10449,80,3,338316.0,2,1,4,7,Potential Customers
C05285,2,5,338234.0,5,3,4,12,Loyal Customers
C02233,11,4,338141.5,5,2,4,11,Loyal Customers
C07796,13,7,338085.5,5,4,4,13,Champions
C08621,107,5,337979.0,2,3,4,9,Potential Customers
C06974,16,4,337971.5,5,2,4,11,Loyal Customers
C13953,222,3,337956.0,1,1,4,6,At Risk
C15935,20,6,337945.0,4,3,4,11,Loyal Customers
C08614,64,7,337942.5,3,4,4,11,Loyal Customers
C02232,154,7,337940.0,2,4,4,10,Loyal Customers
C05789,87,6,337912.5,2,3,4,9,Potential Customers
C17081,63,3,337903.5,3,1,4,8,Potential Customers
C01069,18,6,337844.5,4,3,4,11,Loyal Customers
C15539,25,5,337834.0,4,3,4,11,Loyal Customers
C13671,1,5,337825.5,5,3,4,12,Loyal Customers
C15362,136,6,337754.5,2,3,4,9,Potential Customers
C14291,72,7,337723.5,3,4,4,11,Loyal Customers
C01520,75,8,337688.5,3,4,4,11,Loyal Customers
C15398,55,5,337663.5,3,3,4,10,Loyal Customers
C16573,21,5,337657.5,4,3,4,11,Loyal Customers
C16558,75,5,337589.0,3,3,4,10,Loyal Customers
C07838,36,7,337574.0,4,4,4,12,Loyal Customers
C14490,133,10,337557.0,2,5,4,11,Loyal Customers
C15284,181,3,337541.0,1,1,4,6,At Risk
C18269,22,5,337540.0,4,3,4,11,Loyal Customers
C11630,4,6,337527.5,5,3,4,12,Loyal Customers
C08866,32,7,337500.0,4,4,4,12,Loyal Customers
C16983,34,7,337496.5,4,4,4,12,Loyal Customers
C15587,44,5,337453.0,3,3,4,10,Loyal Customers
C12134,115,5,337435.0,2,3,4,9,Potential Customers
C16849,2,4,337406.5,5,2,4,11,Loyal Customers
C10157,33,8,337399.5,4,4,4,12,Loyal Customers
C18153,1,7,337339.5,5,4,4,13,Champions
C14629,62,5,337328.5,3,3,4,10,Loyal Customers
C00210,48,6,337326.0,3,3,4,10,Loyal Customers
C14281,38,6,337320.0,4,3,4,11,Loyal Customers
C08539,35,9,337278.0,4,5,4,13,Champions
C11377,26,7,337272.5,4,4,4,12,Loyal Customers
C03446,15,5,337262.0,5,3,4,12,Loyal Customers
C10777,121,4,337252.5,2,2,4,8,Potential Customers
C00577,36,3,337230.5,4,1,4,9,Potential Customers
C10029,5,6,337226.5,5,3,4,12,Loyal Customers
C00143,48,7,337158.0,3,4,4,11,Loyal Customers
C06303,12,7,337156.5,5,4,4,13,Champions
C15473,29,5,337150.5,4,3,4,11,Loyal Customers
C16677,3,8,337021.0,5,4,4,13,Champions
C15101,14,2,336993.0,5,1,4,10,Loyal Customers
C00794,385,5,336972.5,1,3,4,8,Potential Customers
C18169,56,9,336957.5,3,5,4,12,Loyal Customers
C19128,27,6,336836.0,4,3,4,11,Loyal Customers
C02041,39,7,336817.5,4,4,4,12,Loyal Customers
C01927,72,6,336781.0,3,3,4,10,Loyal Customers
C14062,75,7,336716.5,3,4,4,11,Loyal Customers
C15693,30,7,336692.0,4,4,4,12,Loyal Customers
C19176,55,6,336683.5,3,3,4,10,Loyal Customers
C08211,45,6,336670.5,3,3,4,10,Loyal Customers
C11530,21,4,336641.0,4,2,4,10,Loyal Customers
C05747,21,6,336626.5,4,3,4,11,Loyal Customers
C03855,40,6,336623.0,3,3,4,10,Loyal Customers
C17166,2,9,336600.5,5,5,4,14,Champions
C15507,187,7,336594.5,1,4,4,9,Potential Customers
C16681,7,7,336594.0,5,4,4,13,Champions
C00395,2,5,336576.0,5,3,4,12,Loyal Customers
C16041,187,8,336555.0,1,4,4,9,Potential Customers
C12452,64,5,336554.5,3,3,4,10,Loyal Customers
C07951,41,5,336550.0,3,3,4,10,Loyal Customers
C07069,78,7,336480.5,3,4,4,11,Loyal Customers
C08053,15,10,336457.0,5,5,4,14,Champions
C19883,19,4,336395.0,4,2,4,10,Loyal Customers
C06275,102,5,336321.0,2,3,4,9,Potential Customers
C19511,6,5,336257.0,5,3,4,12,Loyal Customers
C02179,16,4,336217.0,5,2,4,11,Loyal Customers
C13942,33,4,336201.5,4,2,4,10,Loyal Customers
C06382,4,4,336178.0,5,2,4,11,Loyal Customers
C12687,13,8,336168.0,5,4,4,13,Champions
C11034,56,4,336121.5,3,2,4,9,Potential Customers
C07468,46,8,336094.5,3,4,4,11,Loyal Customers
C06333,71,7,336069.0,3,4,4,11,Loyal Customers
C01363,22,6,336034.0,4,3,4,11,Loyal Customers
C12247,1,3,336028.0,5,1,4,10,Loyal Customers
C12886,15,8,336003.5,5,4,4,13,Champions
C09362,1,5,335990.0,5,3,4,12,Loyal Customers
C16538,18,7,335976.5,4,4,4,12,Loyal Customers
C11928,20,4,335964.5,4,2,4,10,Loyal Customers
C12155,41,4,335940.5,3,2,4,9,Potential Customers
C09708,18,7,335930.0,4,4,4,12,Loyal Customers
C11914,20,8,335893.0,4,4,4,12,Loyal Customers
C00853,178,6,335889.5,2,3,4,9,Potential Customers
C13395,291,6,335868.5,1,3,4,8,Potential Customers
C14617,49,6,335795.5,3,3,4,10,Loyal Customers
C03357,40,5,335765.0,3,3,4,10,Loyal Customers
C09968,12,10,335754.5,5,5,4,14,Champions
C09251,78,3,335736.5,3,1,4,8,Potential Customers
C15879,46,6,335712.5,3,3,4,10,Loyal Customers
C08964,2,8,335693.0,5,4,4,13,Champions
C07785,78,6,335682.5,3,3,4,10,Loyal Customers
C15550,1,7,335667.0,5,4,4,13,Champions
C06973,3,6,335605.5,5,3,4,12,Loyal Customers
C11712,54,5,335577.0,3,3,4,10,Loyal Customers
C07300,19,6,335572.5,4,3,4,11,Loyal Customers
C06719,27,6,335488.5,4,3,4,11,Loyal Customers
C01129,6,8,335406.5,5,4,4,13,Champions
C19382,152,5,335405.5,2,3,4,9,Potential Customers
C11618,7,5,335350.0,5,3,4,12,Loyal Customers
C18200,103,7,335340.0,2,4,4,10,Loyal Customers
C19050,25,5,335281.0,4,3,4,11,Loyal Customers
C08353,27,7,335272.5,4,4,4,12,Loyal Customers
C12766,39,6,335257.5,4,3,4,11,Loyal Customers
C08597,73,6,335218.0,3,3,4,10,Loyal Customers
C07465,25,8,335065.5,4,4,4,12,Loyal Customers
C01678,4,7,335064.5,5,4,4,13,Champions
C14429,34,7,335041.5,4,4,4,12,Loyal Customers
C05923,2,7,335017.0,5,4,4,13,Champions
C00655,10,5,334998.0,5,3,4,12,Loyal Customers
C16518,111,2,334970.0,2,1,4,7,Potential Customers
C06351,38,7,334964.5,4,4,4,12,Loyal Customers
C02633,27,6,334906.5,4,3,4,11,Loyal Customers
C00881,28,6,334889.0,4,3,4,11,Loyal Customers
C09612,103,5,334874.0,2,3,4,9,Potential Customers
C11349,1,6,334872.5,5,3,4,12,Loyal Customers
C03803,41,6,334849.0,3,3,4,10,Loyal Customers
C11958,131,4,334799.0,2,2,4,8,Potential Customers
C15633,138,5,334788.5,2,3,4,9,Potential Customers
C11032,15,10,334655.5,5,5,4,14,Champions
C02753,10,8,334620.0,5,4,4,13,Champions
C14600,240,5,334584.5,1,3,4,8,Potential Customers
C12942,21,6,334562.0,4,3,4,11,Loyal Customers
C04269,145,6,334496.0,2,3,4,9,Potential Customers
C19479,60,7,334492.0,3,4,4,11,Loyal Customers
C12616,77,4,334444.0,3,2,4,9,Potential Customers
C11354,21,4,334414.5,4,2,4,10,Loyal Customers
C02807,34,9,334342.0,4,5,4,13,Champions
C12803,2,9,334297.0,5,5,4,14,Champions
C06291,111,4,334259.5,2,2,4,8,Potential Customers
C04078,291,5,334253.0,1,3,4,8,Potential Customers
C19457,206,6,334220.5,1,3,4,8,Potential Customers
C03516,100,3,334207.0,2,1,4,7,Potential Customers
C03471,2,5,334201.5,5,3,4,12,Loyal Customers
C15410,41,6,334188.0,3,3,4,10,Loyal Customers
C02895,20,3,334123.0,4,1,4,9,Potential Customers
C18087,31,7,334093.0,4,4,4,12,Loyal Customers
C06663,48,5,334060.5,3,3,4,10,Loyal Customers
C19224,26,8,334040.5,4,4,4,12,Loyal Customers
C10837,24,6,334023.5,4,3,4,11,Loyal Customers
C04769,110,10,333997.0,2,5,4,11,Loyal Customers
C07688,84,5,333995.0,2,3,4,9,Potential Customers
C13564,40,6,333973.0,3,3,4,10,Loyal Customers
C18375,24,7,333945.5,4,4,4,12,Loyal Customers
C19716,1,3,333921.0,5,1,4,10,Loyal Customers
C07949,2,7,333850.5,5,4,4,13,Champions
C07333,41,5,333817.0,3,3,4,10,Loyal Customers
C19395,75,6,333809.5,3,3,4,10,Loyal Customers
C00935,26,6,333799.0,4,3,4,11,Loyal Customers
C18524,1,7,333792.5,5,4,4,13,Champions
C06919,26,5,333789.0,4,3,4,11,Loyal Customers
C07706,93,5,333788.0,2,3,4,9,Potential Customers
C02721,192,4,333755.0,1,2,4,7,Potential Customers
C02257,6,13,333753.0,5,5,4,14,Champions
C07422,50,7,333749.0,3,4,4,11,Loyal Customers
C19509,11,6,333681.0,5,3,4,12,Loyal Customers
C07903,16,6,333645.0,5,3,4,12,Loyal Customers
C12308,43,10,333561.5,3,5,4,12,Loyal Customers
C06540,112,3,333502.0,2,1,4,7,Potential Customers
C14202,6,7,333448.5,5,4,4,13,Champions
C07230,29,5,333435.0,4,3,4,11,Loyal Customers
C05269,27,6,333370.5,4,3,4,11,Loyal Customers
C09788,40,5,333311.5,3,3,4,10,Loyal Customers
C14973,58,7,333271.5,3,4,4,11,Loyal Customers
C13581,97,4,333262.5,2,2,4,8,Potential Customers
C02463,43,8,333237.5,3,4,4,11,Loyal Customers
C14994,127,5,333207.0,2,3,4,9,Potential Customers
C13711,3,7,333172.0,5,4,4,13,Champions
C07156,51,6,333170.0,3,3,4,10,Loyal Customers
C19742,27,5,333134.0,4,3,4,11,Loyal Customers
C04185,16,5,333108.0,5,3,4,12,Loyal Customers
C16752,5,7,333077.5,5,4,4,13,Champions
C01899,214,5,333052.5,1,3,4,8,Potential Customers
C09425,36,8,332924.5,4,4,4,12,Loyal Customers
C13277,49,6,332874.5,3,3,4,10,Loyal Customers
C06454,65,4,332864.0,3,2,4,9,Potential Customers
C11798,1,7,332831.5,5,4,4,13,Champions
C14814,61,5,332815.0,3,3,4,10,Loyal Customers
C17381,16,8,332799.0,5,4,4,13,Champions
C08139,12,8,332786.5,5,4,4,13,Champions
C05068,118,8,332761.5,2,4,4,10,Loyal Customers
C11446,43,4,332732.5,3,2,4,9,Potential Customers
C09675,31,6,332718.0,4,3,4,11,Loyal Customers
C03383,68,6,332685.0,3,3,4,10,Loyal Customers
C15981,3,5,332679.5,5,3,4,12,Loyal Customers
C00687,26,5,332663.5,4,3,4,11,Loyal Customers
C02593,3,8,332630.0,5,4,4,13,Champions
C19827,228,8,332610.5,1,4,4,9,Potential Customers
C00416,53,6,332571.0,3,3,4,10,Loyal Customers
C05971,185,7,332556.0,1,4,4,9,Potential Customers
C00464,9,7,332552.5,5,4,4,13,Champions
C03616,11,10,332509.5,5,5,4,14,Champions
C17991,145,4,332492.5,2,2,4,8,Potential Customers
C13120,10,5,332449.5,5,3,4,12,Loyal Customers
C06098,1,7,332412.0,5,4,4,13,Champions
C17131,10,5,332393.0,5,3,4,12,Loyal Customers
C16934,17,7,332367.5,5,4,4,13,Champions
C09177,71,6,332361.0,3,3,4,10,Loyal Customers
C03649,156,3,332351.5,2,1,4,7,Potential Customers
C01930,25,8,332341.0,4,4,4,12,Loyal Customers
C02838,347,3,332304.5,1,1,4,6,At Risk
C19923,37,4,332292.0,4,2,4,10,Loyal Customers
C11559,14,5,332242.5,5,3,4,12,Loyal Customers
C02815,188,4,332169.5,1,2,4,7,Potential Customers
C05312,70,4,332158.0,3,2,4,9,Potential Customers
C10236,6,7,332155.0,5,4,4,13,Champions
C03637,88,6,332145.0,2,3,4,9,Potential Customers
C01283,6,9,332136.5,5,5,4,14,Champions
C04980,47,6,332125.0,3,3,4,10,Loyal Customers
C06725,39,5,332088.5,4,3,4,11,Loyal Customers
C05345,95,5,332068.5,2,3,4,9,Potential Customers
C07147,21,7,332067.0,4,4,4,12,Loyal Customers
C06736,110,5,332012.5,2,3,4,9,Potential Customers
C16462,6,8,331935.5,5,4,4,13,Champions
C09821,122,3,331889.5,2,1,4,7,Potential Customers
C11170,20,5,331858.0,4,3,4,11,Loyal Customers
C17799,187,5,331843.5,1,3,4,8,Potential Customers
C06135,69,3,331840.5,3,1,4,8,Potential Customers
C10089,8,8,331804.5,5,4,4,13,Champions
C07912,32,5,331754.0,4,3,4,11,Loyal Customers
C10729,106,5,331747.5,2,3,4,9,Potential Customers
C07353,15,5,331738.0,5,3,4,12,Loyal Customers
C02756,41,8,331719.5,3,4,4,11,Loyal Customers
C00644,16,8,331704.5,5,4,4,13,Champions
C05944,24,5,331684.5,4,3,4,11,Loyal Customers
C10765,189,7,331677.0,1,4,4,9,Potential Customers
C03371,119,4,331669.5,2,2,4,8,Potential Customers
C06767,14,8,331643.5,5,4,4,13,Champions
C04552,54,5,331629.5,3,3,4,10,Loyal Customers
C06117,47,4,331610.0,3,2,4,9,Potential Customers
C07933,15,8,331602.5,5,4,4,13,Champions
C05167,1,7,331508.5,5,4,4,13,Champions
C15390,52,5,331504.0,3,3,4,10,Loyal Customers
C00086,21,5,331419.0,4,3,4,11,Loyal Customers
C18101,1,9,331402.5,5,5,4,14,Champions
C05141,4,11,331402.0,5,5,4,14,Champions
C03576,2,7,331353.0,5,4,4,13,Champions
C18066,9,4,331320.5,5,2,4,11,Loyal Customers
C16656,75,8,331263.0,3,4,4,11,Loyal Customers
C13307,3,6,331255.0,5,3,4,12,Loyal Customers
C19849,134,11,331226.5,2,5,4,11,Loyal Customers
C14593,67,5,331221.0,3,3,4,10,Loyal Customers
C01195,55,5,331212.5,3,3,4,10,Loyal Customers
C14264,12,5,331183.5,5,3,4,12,Loyal Customers
C12960,47,5,331118.0,3,3,4,10,Loyal Customers
C06827,44,3,331114.0,3,1,4,8,Potential Customers
C04209,59,6,331113.5,3,3,4,10,Loyal Customers
C19165,8,8,331110.0,5,4,4,13,Champions
C15631,14,5,331106.5,5,3,4,12,Loyal Customers
C14603,5,5,331103.0,5,3,4,12,Loyal Customers
C15192,51,6,331081.5,3,3,4,10,Loyal Customers
C18549,2,8,331071.0,5,4,4,13,Champions
C16700,27,8,331015.5,4,4,4,12,Loyal Customers
C13868,50,5,330985.0,3,3,4,10,Loyal Customers
C19550,21,5,330956.5,4,3,4,11,Loyal Customers
C06017,8,3,330934.0,5,1,4,10,Loyal Customers
C05164,23,4,330905.0,4,2,4,10,Loyal Customers
C05394,8,8,330889.0,5,4,4,13,Champions
C07729,332,4,330846.0,1,2,4,7,Potential Customers
C11036,47,6,330797.0,3,3,4,10,Loyal Customers
C15525,46,7,330784.0,3,4,4,11,Loyal Customers
C00424,198,3,330759.0,1,1,4,6,At Risk
C02738,184,3,330692.5,1,1,4,6,At Risk
C12983,32,6,330673.5,4,3,4,11,Loyal Customers
C16454,42,5,330656.5,3,3,4,10,Loyal Customers
C01125,17,6,330654.0,5,3,4,12,Loyal Customers
C10987,6,4,330572.0,5,2,4,11,Loyal Customers
C03154,89,4,330506.0,2,2,4,8,Potential Customers
C04757,25,7,330486.0,4,4,4,12,Loyal Customers
C19577,277,3,330458.0,1,1,4,6,At Risk
C02490,9,5,330446.0,5,3,4,12,Loyal Customers
C16036,49,8,330418.0,3,4,4,11,Loyal Customers
C02390,9,5,330375.0,5,3,4,12,Loyal Customers
C14497,2,8,330352.5,5,4,4,13,Champions
C04144,92,4,330330.0,2,2,4,8,Potential Customers
C18663,29,7,330246.0,4,4,4,12,Loyal Customers
C12226,21,5,330226.0,4,3,4,11,Loyal Customers
C04021,247,7,330169.0,1,4,4,9,Potential Customers
C18600,59,7,330167.5,3,4,4,11,Loyal Customers
C09625,171,2,330165.5,2,1,4,7,Potential Customers
C18383,10,7,330160.5,5,4,4,13,Champions
C04727,52,6,330145.5,3,3,4,10,Loyal Customers
C12391,11,4,330122.5,5,2,4,11,Loyal Customers
C09416,130,8,330102.0,2,4,4,10,Loyal Customers
C15784,12,7,330069.5,5,4,4,13,Champions
C10953,58,8,330046.0,3,4,4,11,Loyal Customers
C11884,22,3,329983.0,4,1,4,9,Potential Customers
C02186,90,4,329925.5,2,2,4,8,Potential Customers
C00955,154,7,329913.0,2,4,4,10,Loyal Customers
C19084,117,3,329817.0,2,1,4,7,Potential Customers
C05906,121,8,329783.5,2,4,4,10,Loyal Customers
C07790,21,6,329681.0,4,3,4,11,Loyal Customers
C10939,13,4,329652.0,5,2,4,11,Loyal Customers
C16197,5,7,329647.0,5,4,4,13,Champions
C13844,39,8,329626.5,4,4,4,12,Loyal Customers
C11091,72,6,329626.0,3,3,4,10,Loyal Customers
C02277,98,3,329605.0,2,1,4,7,Potential Customers
C03544,69,4,329584.5,3,2,4,9,Potential Customers
C03942,3,5,329516.0,5,3,4,12,Loyal Customers
C00162,81,7,329512.0,2,4,4,10,Loyal Customers
C00615,59,7,329471.0,3,4,4,11,Loyal Customers
C09628,64,9,329461.5,3,5,4,12,Loyal Customers
C10172,97,9,329432.5,2,5,4,11,Loyal Customers
C08436,2,7,329403.5,5,4,4,13,Champions
C10688,28,7,329398.0,4,4,4,12,Loyal Customers
C03940,10,8,329387.0,5,4,4,13,Champions
C13219,223,4,329355.0,1,2,4,7,Potential Customers
C11249,87,6,329302.0,2,3,4,9,Potential Customers
C17292,44,6,329300.5,3,3,4,10,Loyal Customers
C14477,11,5,329288.5,5,3,4,12,Loyal Customers
C01688,4,7,329278.5,5,4,4,13,Champions
C14771,2,5,329258.5,5,3,4,12,Loyal Customers
C10325,241,5,329256.5,1,3,4,8,Potential Customers
C19071,1,5,329238.0,5,3,4,12,Loyal Customers
C01064,151,4,329228.0,2,2,4,8,Potential Customers
C01959,5,5,329215.5,5,3,4,12,Loyal Customers
C09569,171,9,329166.0,2,5,4,11,Loyal Customers
C13900,25,6,329106.5,4,3,4,11,Loyal Customers
C13451,100,9,329101.5,2,5,4,11,Loyal Customers
C13556,36,6,329097.0,4,3,4,11,Loyal Customers
C15446,30,6,329087.0,4,3,4,11,Loyal Customers
C11670,1,7,329058.5,5,4,4,13,Champions
C14581,225,5,329014.5,1,3,4,8,Potential Customers
C10203,1,7,329010.0,5,4,4,13,Champions
C01513,77,4,328962.5,3,2,4,9,Potential Customers
C14812,158,5,328953.5,2,3,4,9,Potential Customers
C10485,71,6,328950.5,3,3,4,10,Loyal Customers
C00425,62,7,328926.0,3,4,4,11,Loyal Customers
C14485,19,7,328874.5,4,4,4,12,Loyal Customers
C06021,14,7,328868.0,5,4,4,13,Champions
C14032,9,6,328829.5,5,3,4,12,Loyal Customers
C00320,166,6,328827.0,2,3,4,9,Potential Customers
C01322,36,8,328780.5,4,4,4,12,Loyal Customers
C12097,89,6,328766.5,2,3,4,9,Potential Customers
C02745,15,5,328754.0,5,3,4,12,Loyal Customers
C03455,54,5,328739.0,3,3,4,10,Loyal Customers
C04888,17,6,328711.5,5,3,4,12,Loyal Customers
C05036,289,2,328598.0,1,1,4,6,At Risk
C07291,226,6,328557.0,1,3,4,8,Potential Customers
C02035,11,6,328514.0,5,3,4,12,Loyal Customers
C05412,22,4,328493.5,4,2,4,10,Loyal Customers
C19237,1,8,328439.5,5,4,4,13,Champions
C07449,19,8,328430.5,4,4,4,12,Loyal Customers
C06568,8,5,328430.0,5,3,4,12,Loyal Customers
C12999,9,8,328418.0,5,4,4,13,Champions
C09543,289,5,328384.0,1,3,4,8,Potential Customers
C16250,68,5,328360.0,3,3,4,10,Loyal Customers
C19643,37,8,328353.0,4,4,4,12,Loyal Customers
C01861,3,9,328305.0,5,5,4,14,Champions
C05851,145,4,328286.0,2,2,4,8,Potential Customers
C00155,26,4,328283.0,4,2,4,10,Loyal Customers
C08272,182,6,328239.5,1,3,4,8,Potential Customers
C10320,10,8,328232.0,5,4,4,13,Champions
C18896,62,6,328167.5,3,3,4,10,Loyal Customers
C19354,55,4,328164.0,3,2,4,9,Potential Customers
C06107,32,6,328092.0,4,3,4,11,Loyal Customers
C02913,533,3,328090.0,1,1,4,6,At Risk
C18630,2,6,328056.0,5,3,4,12,Loyal Customers
C02850,13,7,328041.5,5,4,4,13,Champions
C12322,12,8,327975.5,5,4,4,13,Champions
C06804,99,6,327882.0,2,3,4,9,Potential Customers
C05607,25,10,327854.5,4,5,4,13,Champions
C15755,7,7,327839.0,5,4,4,13,Champions
C11935,124,6,327836.5,2,3,4,9,Potential Customers
C03089,33,7,327806.5,4,4,4,12,Loyal Customers
C05397,29,3,327804.5,4,1,4,9,Potential Customers
C11553,75,6,327795.5,3,3,4,10,Loyal Customers
C05994,10,5,327786.0,5,3,4,12,Loyal Customers
C19641,54,6,327736.5,3,3,4,10,Loyal Customers
C12831,22,7,327734.0,4,4,4,12,Loyal Customers
C10735,12,5,327724.0,5,3,4,12,Loyal Customers
C17527,35,6,327722.5,4,3,4,11,Loyal Customers
C15484,26,4,327711.0,4,2,4,10,Loyal Customers
C11874,72,5,327679.0,3,3,4,10,Loyal Customers
C01343,44,5,327670.0,3,3,4,10,Loyal Customers
C11346,21,5,327668.5,4,3,4,11,Loyal Customers
C10608,35,6,327663.0,4,3,4,11,Loyal Customers
C02693,22,3,327642.5,4,1,4,9,Potential Customers
C12773,68,5,327566.5,3,3,4,10,Loyal Customers
C08845,83,5,327555.0,2,3,4,9,Potential Customers
C05690,4,3,327547.5,5,1,4,10,Loyal Customers
C09389,95,6,327470.5,2,3,4,9,Potential Customers
C14741,16,6,327449.0,5,3,4,12,Loyal Customers
C08991,210,7,327410.0,1,4,4,9,Potential Customers
C05069,25,4,327349.5,4,2,4,10,Loyal Customers
C10560,54,7,327313.0,3,4,4,11,Loyal Customers
C13934,98,3,327301.0,2,1,4,7,Potential Customers
C17024,133,6,327279.0,2,3,4,9,Potential Customers
C15865,14,5,327237.0,5,3,4,12,Loyal Customers
C19952,12,8,327216.5,5,4,4,13,Champions
C13752,11,7,327169.5,5,4,4,13,Champions
C17775,347,3,327124.0,1,1,4,6,At Risk
C07884,70,5,327075.0,3,3,4,10,Loyal Customers
C02107,35,5,326988.0,4,3,4,11,Loyal Customers
C05377,16,7,326853.5,5,4,4,13,Champions
C00523,8,6,326833.0,5,3,4,12,Loyal Customers
C18289,37,6,326806.5,4,3,4,11,Loyal Customers
C03271,12,5,326792.5,5,3,4,12,Loyal Customers
C08904,26,7,326744.5,4,4,4,12,Loyal Customers
C05423,81,4,326724.5,2,2,4,8,Potential Customers
C01029,21,9,326708.0,4,5,4,13,Champions
C05386,4,4,326698.0,5,2,4,11,Loyal Customers
C18440,4,4,326664.0,5,2,4,11,Loyal Customers
C13573,11,5,326643.5,5,3,4,12,Loyal Customers
C09757,18,6,326587.0,4,3,4,11,Loyal Customers
C18324,57,7,326557.0,3,4,4,11,Loyal Customers
C08038,56,8,326421.5,3,4,4,11,Loyal Customers
C15477,27,9,326394.0,4,5,4,13,Champions
C04649,103,6,326393.5,2,3,4,9,Potential Customers
C00979,140,5,326329.5,2,3,4,9,Potential Customers
C09634,20,7,326318.5,4,4,4,12,Loyal Customers
C02557,190,2,326271.5,1,1,4,6,At Risk
C18004,15,7,326222.5,5,4,4,13,Champions
C00960,5,6,326148.0,5,3,4,12,Loyal Customers
C18541,51,5,326125.0,3,3,4,10,Loyal Customers
C12294,90,5,326118.0,2,3,4,9,Potential Customers
C17725,1,6,326093.5,5,3,4,12,Loyal Customers
C06496,32,5,326088.0,4,3,4,11,Loyal Customers
C10923,241,7,326063.5,1,4,4,9,Potential Customers
C05892,20,5,325934.5,4,3,4,11,Loyal Customers
C04360,38,4,325872.0,4,2,4,10,Loyal Customers
C02204,5,7,325854.0,5,4,4,13,Champions
C15705,58,4,325813.5,3,2,4,9,Potential Customers
C13692,3,6,325806.5,5,3,4,12,Loyal Customers
C00873,260,5,325806.0,1,3,4,8,Potential Customers
C08091,10,7,325751.5,5,4,4,13,Champions
C00632,138,5,325751.5,2,3,4,9,Potential Customers
C04234,94,5,325612.5,2,3,4,9,Potential Customers
C08902,25,5,325507.5,4,3,4,11,Loyal Customers
C09800,10,8,325444.5,5,4,4,13,Champions
C04623,7,4,325422.5,5,2,4,11,Loyal Customers
C16496,96,7,325404.0,2,4,4,10,Loyal Customers
C19766,4,8,325385.5,5,4,4,13,Champions
C09503,41,5,325364.0,3,3,4,10,Loyal Customers
C15338,25,9,325358.0,4,5,4,13,Champions
C02124,55,7,325268.5,3,4,4,11,Loyal Customers
C00827,21,7,325148.0,4,4,4,12,Loyal Customers
C07343,74,4,325097.0,3,2,4,9,Potential Customers
C15708,8,7,325080.5,5,4,4,13,Champions
C14194,2,5,325072.5,5,3,4,12,Loyal Customers
C18216,2,4,325071.0,5,2,4,11,Loyal Customers
C05063,72,8,325029.5,3,4,4,11,Loyal Customers
C10516,57,4,325028.0,3,2,4,9,Potential Customers
C08209,5,5,325002.5,5,3,4,12,Loyal Customers
C02376,25,6,324946.5,4,3,4,11,Loyal Customers
C08659,3,5,324884.5,5,3,4,12,Loyal Customers
C00061,26,5,324857.5,4,3,4,11,Loyal Customers
C15585,225,5,324819.5,1,3,4,8,Potential Customers
C06084,1,8,324812.0,5,4,4,13,Champions
C13360,1,5,324758.5,5,3,4,12,Loyal Customers
C01661,153,5,324747.5,2,3,4,9,Potential Customers
C00529,76,6,324716.5,3,3,4,10,Loyal Customers
C18904,9,5,324698.5,5,3,4,12,Loyal Customers
C00191,55,7,324640.0,3,4,4,11,Loyal Customers
C01578,110,5,324543.5,2,3,4,9,Potential Customers
C12207,95,5,324480.5,2,3,4,9,Potential Customers
C11923,14,5,324469.5,5,3,4,12,Loyal Customers
C13011,39,4,324444.5,4,2,4,10,Loyal Customers
C01112,25,6,324443.5,4,3,4,11,Loyal Customers
C13650,98,4,324384.5,2,2,4,8,Potential Customers
C06618,29,6,324379.0,4,3,4,11,Loyal Customers
C07205,20,4,324366.0,4,2,4,10,Loyal Customers
C17703,38,10,324355.0,4,5,4,13,Champions
C16130,32,8,324324.0,4,4,4,12,Loyal Customers
C09253,1,4,324258.0,5,2,4,11,Loyal Customers
C18295,82,4,324244.0,2,2,4,8,Potential Customers
C15536,22,5,324228.0,4,3,4,11,Loyal Customers
C12042,2,5,324202.0,5,3,4,12,Loyal Customers
C11583,6,9,324161.5,5,5,4,14,Champions
C05232,10,7,324146.5,5,4,4,13,Champions
C08422,156,5,324140.5,2,3,4,9,Potential Customers
C01691,23,8,324076.0,4,4,4,12,Loyal Customers
C01998,21,4,324068.5,4,2,4,10,Loyal Customers
C06402,293,3,324051.5,1,1,4,6,At Risk
C00838,9,5,324010.0,5,3,4,12,Loyal Customers
C07029,127,5,323958.5,2,3,4,9,Potential Customers
C10630,48,10,323922.0,3,5,4,12,Loyal Customers
C09747,112,5,323901.0,2,3,4,9,Potential Customers
C07347,36,7,323895.0,4,4,4,12,Loyal Customers
C12007,13,6,323852.5,5,3,4,12,Loyal Customers
C01760,5,4,323810.0,5,2,4,11,Loyal Customers
C08130,233,5,323806.5,1,3,4,8,Potential Customers
C18134,28,7,323684.5,4,4,4,12,Loyal Customers
C16274,103,5,323638.0,2,3,4,9,Potential Customers
C19668,13,6,323632.0,5,3,4,12,Loyal Customers
C04825,15,6,323623.0,5,3,4,12,Loyal Customers
C17649,79,4,323607.5,3,2,4,9,Potential Customers
C07660,34,6,323587.0,4,3,4,11,Loyal Customers
C12980,141,7,323540.5,2,4,4,10,Loyal Customers
C03876,52,6,323526.5,3,3,4,10,Loyal Customers
C05145,45,7,323491.5,3,4,4,11,Loyal Customers
C07525,3,8,323411.5,5,4,4,13,Champions
C12232,146,7,323372.0,2,4,4,10,Loyal Customers
C08822,3,8,323347.0,5,4,4,13,Champions
C19722,154,6,323332.5,2,3,4,9,Potential Customers
C04864,190,3,323314.5,1,1,4,6,At Risk
C00515,8,5,323298.5,5,3,4,12,Loyal Customers
C07894,29,5,323298.0,4,3,4,11,Loyal Customers
C00654,17,4,323263.0,5,2,4,11,Loyal Customers
C10569,32,5,323225.5,4,3,4,11,Loyal Customers
C17817,77,4,323209.5,3,2,4,9,Potential Customers
C10920,261,8,323209.0,1,4,4,9,Potential Customers
C03148,6,6,323192.0,5,3,4,12,Loyal Customers
C18241,134,3,323172.5,2,1,4,7,Potential Customers
C15177,14,3,323172.5,5,1,4,10,Loyal Customers
C01655,63,7,323152.0,3,4,4,11,Loyal Customers
C10193,20,6,323141.5,4,3,4,11,Loyal Customers
C12350,244,2,323135.5,1,1,4,6,At Risk
C11140,66,4,323116.0,3,2,4,9,Potential Customers
C12050,10,8,323078.5,5,4,4,13,Champions
C01190,93,5,322973.5,2,3,4,9,Potential Customers
C05329,2,5,322966.0,5,3,4,12,Loyal Customers
C15757,113,9,322961.5,2,5,4,11,Loyal Customers
C03283,38,7,322959.5,4,4,4,12,Loyal Customers
C18804,135,5,322957.0,2,3,4,9,Potential Customers
C03743,75,7,322948.0,3,4,4,11,Loyal Customers
C10819,4,7,322870.0,5,4,4,13,Champions
C19034,81,5,322822.5,2,3,4,9,Potential Customers
C14586,4,7,322778.5,5,4,4,13,Champions
C19411,20,6,322769.0,4,3,4,11,Loyal Customers
C04513,221,4,322762.0,1,2,4,7,Potential Customers
C02755,10,6,322668.0,5,3,4,12,Loyal Customers
C09565,1,4,322648.5,5,2,4,11,Loyal Customers
C08060,11,7,322618.0,5,4,4,13,Champions
C11200,13,10,322572.0,5,5,4,14,Champions
C14941,27,5,322528.0,4,3,4,11,Loyal Customers
C04783,34,6,322512.5,4,3,4,11,Loyal Customers
C17549,94,5,322485.5,2,3,4,9,Potential Customers
C15379,32,8,322484.5,4,4,4,12,Loyal Customers
C16447,41,5,322478.5,3,3,4,10,Loyal Customers
C15046,5,8,322453.0,5,4,4,13,Champions
C14482,96,5,322443.0,2,3,4,9,Potential Customers
C02459,42,6,322436.0,3,3,4,10,Loyal Customers
C11208,47,8,322372.0,3,4,4,11,Loyal Customers
C14532,72,6,322302.0,3,3,4,10,Loyal Customers
C01267,53,7,322273.5,3,4,4,11,Loyal Customers
C05853,67,6,322234.0,3,3,4,10,Loyal Customers
C01901,72,5,322194.0,3,3,4,10,Loyal Customers
C09080,1,6,322135.0,5,3,4,12,Loyal Customers
C14899,31,6,322126.5,4,3,4,11,Loyal Customers
C13077,115,10,322110.5,2,5,4,11,Loyal Customers
C14440,52,9,322090.5,3,5,4,12,Loyal Customers
C07993,12,5,322086.0,5,3,4,12,Loyal Customers
C14496,13,7,321964.5,5,4,4,13,Champions
C09314,14,7,321959.0,5,4,4,13,Champions
C13278,7,8,321945.5,5,4,4,13,Champions
C15305,8,6,321940.5,5,3,4,12,Loyal Customers
C08958,10,7,321927.0,5,4,4,13,Champions
C18570,69,4,321918.5,3,2,4,9,Potential Customers
C03801,34,8,321904.0,4,4,4,12,Loyal Customers
C17387,26,5,321850.0,4,3,4,11,Loyal Customers
C17448,20,6,321846.0,4,3,4,11,Loyal Customers
C01575,79,5,321826.5,3,3,4,10,Loyal Customers
C08600,68,5,321803.0,3,3,4,10,Loyal Customers
C05728,17,8,321765.0,5,4,4,13,Champions
C07171,31,3,321737.0,4,1,4,9,Potential Customers
C14817,13,6,321711.0,5,3,4,12,Loyal Customers
C10924,50,4,321670.0,3,2,4,9,Potential Customers
C00403,18,7,321623.0,4,4,4,12,Loyal Customers
C18916,35,4,321575.0,4,2,4,10,Loyal Customers
C16252,14,6,321568.0,5,3,4,12,Loyal Customers
C09134,86,4,321525.5,2,2,4,8,Potential Customers
C00706,1,9,321505.5,5,5,4,14,Champions
C08553,3,5,321449.0,5,3,4,12,Loyal Customers
C18833,99,6,321425.5,2,3,4,9,Potential Customers
C13214,14,5,321403.0,5,3,4,12,Loyal Customers
C01216,32,6,321399.5,4,3,4,11,Loyal Customers
C01558,13,5,321394.5,5,3,4,12,Loyal Customers
C17228,25,5,321372.5,4,3,4,11,Loyal Customers
C03894,192,4,321353.0,1,2,4,7,Potential Customers
C10021,140,6,321330.0,2,3,4,9,Potential Customers
C09472,7,6,321313.0,5,3,4,12,Loyal Customers
C07017,7,6,321260.5,5,3,4,12,Loyal Customers
C03010,1,5,321230.0,5,3,4,12,Loyal Customers
C01340,51,6,321096.5,3,3,4,10,Loyal Customers
C15518,4,8,321091.0,5,4,4,13,Champions
C14219,156,8,321058.5,2,4,4,10,Loyal Customers
C18379,35,6,321012.0,4,3,4,11,Loyal Customers
C01057,40,4,321006.0,3,2,4,9,Potential Customers
C03046,7,7,320998.0,5,4,4,13,Champions
C15733,41,8,320982.0,3,4,4,11,Loyal Customers
C17574,103,6,320951.5,2,3,4,9,Potential Customers
C19481,3,7,320897.0,5,4,4,13,Champions
C18171,25,7,320885.5,4,4,4,12,Loyal Customers
C17092,1,7,320871.5,5,4,4,13,Champions
C16804,18,10,320843.5,4,5,4,13,Champions
C01206,32,5,320784.5,4,3,4,11,Loyal Customers
C13806,49,7,320770.5,3,4,4,11,Loyal Customers
C15896,39,6,320764.0,4,3,4,11,Loyal Customers
C02094,79,7,320756.0,3,4,4,11,Loyal Customers
C03388,30,5,320719.5,4,3,4,11,Loyal Customers
C05524,53,9,320701.5,3,5,4,12,Loyal Customers
C15922,10,5,320696.0,5,3,4,12,Loyal Customers
C11542,4,9,320694.5,5,5,4,14,Champions
C11952,17,5,320679.5,5,3,4,12,Loyal Customers
C18706,81,4,320660.0,2,2,4,8,Potential Customers
C03706,82,7,320616.5,2,4,4,10,Loyal Customers
C11552,13,4,320613.0,5,2,4,11,Loyal Customers
C03518,86,5,320605.5,2,3,4,9,Potential Customers
C19694,7,4,320541.0,5,2,4,11,Loyal Customers
C18606,5,4,320504.0,5,2,4,11,Loyal Customers
C09056,24,7,320395.5,4,4,4,12,Loyal Customers
C00064,78,6,320312.5,3,3,4,10,Loyal Customers
C00961,9,6,320296.0,5,3,4,12,Loyal Customers
C14633,57,6,320293.0,3,3,4,10,Loyal Customers
C13408,13,3,320286.0,5,1,4,10,Loyal Customers
C11011,116,6,320285.5,2,3,4,9,Potential Customers
C11111,1,10,320270.5,5,5,4,14,Champions
C09226,9,7,320259.5,5,4,4,13,Champions
C04312,91,6,320232.5,2,3,4,9,Potential Customers
C09563,19,8,320215.0,4,4,4,12,Loyal Customers
C05939,16,6,320209.5,5,3,4,12,Loyal Customers
C00427,39,6,320199.5,4,3,4,11,Loyal Customers
C14084,99,6,320176.0,2,3,4,9,Potential Customers
C02359,19,8,320170.5,4,4,4,12,Loyal Customers
C01036,273,7,320165.0,1,4,4,9,Potential Customers
C15596,25,9,320165.0,4,5,4,13,Champions
C09572,35,5,320120.0,4,3,4,11,Loyal Customers
C15466,12,6,320099.5,5,3,4,12,Loyal Customers
C18808,145,3,320040.5,2,1,4,7,Potential Customers
C07155,70,7,320035.5,3,4,4,11,Loyal Customers
C17744,17,10,319999.5,5,5,4,14,Champions
C19970,13,6,319980.0,5,3,4,12,Loyal Customers
C10296,10,4,319959.5,5,2,4,11,Loyal Customers
C19353,103,3,319933.5,2,1,4,7,Potential Customers
C08934,12,6,319864.5,5,3,4,12,Loyal Customers
C15360,38,6,319826.0,4,3,4,11,Loyal Customers
C04634,20,4,319779.5,4,2,4,10,Loyal Customers
C13450,166,6,319704.5,2,3,4,9,Potential Customers
C05795,294,5,319693.5,1,3,4,8,Potential Customers
C10013,32,9,319632.5,4,5,4,13,Champions
C18671,28,7,319595.0,4,4,4,12,Loyal Customers
C09771,129,4,319586.5,2,2,4,8,Potential Customers
C17958,77,7,319581.5,3,4,4,11,Loyal Customers
C05763,245,4,319535.0,1,2,4,7,Potential Customers
C06951,63,7,319485.0,3,4,4,11,Loyal Customers
C13969,37,6,319470.0,4,3,4,11,Loyal Customers
C13157,15,6,319459.5,5,3,4,12,Loyal Customers
C03304,41,6,319405.0,3,3,4,10,Loyal Customers
C17391,1,7,319395.0,5,4,4,13,Champions
C15354,152,6,319384.5,2,3,4,9,Potential Customers
C05210,89,5,319356.0,2,3,4,9,Potential Customers
C17433,13,10,319306.0,5,5,4,14,Champions
C14403,11,9,319297.5,5,5,4,14,Champions
C17327,120,7,319297.0,2,4,4,10,Loyal Customers
C04715,75,6,319275.0,3,3,4,10,Loyal Customers
C14215,33,5,319262.5,4,3,4,11,Loyal Customers
C01039,35,8,319256.0,4,4,4,12,Loyal Customers
C18150,12,8,319242.0,5,4,4,13,Champions
C04410,11,5,319206.5,5,3,4,12,Loyal Customers
C18114,92,4,319194.0,2,2,4,8,Potential Customers
C07551,14,5,319184.0,5,3,4,12,Loyal Customers
C16287,2,8,319170.5,5,4,4,13,Champions
C06371,10,7,319111.5,5,4,4,13,Champions
C17807,1,6,319101.0,5,3,4,12,Loyal Customers
C13474,28,8,319074.0,4,4,4,12,Loyal Customers
C19020,45,8,318988.5,3,4,4,11,Loyal Customers
C04461,41,5,318930.5,3,3,4,10,Loyal Customers
C18863,21,5,318907.5,4,3,4,11,Loyal Customers
C10807,403,3,318854.5,1,1,4,6,At Risk
C00220,18,4,318829.0,4,2,4,10,Loyal Customers
C08124,23,6,318718.5,4,3,4,11,Loyal Customers
C07008,177,6,318712.0,2,3,4,9,Potential Customers
C13149,10,6,318658.0,5,3,4,12,Loyal Customers
C18519,46,6,318645.5,3,3,4,10,Loyal Customers
C16141,150,5,318634.0,2,3,4,9,Potential Customers
C15992,55,5,318593.0,3,3,4,10,Loyal Customers
C09603,35,7,318582.5,4,4,4,12,Loyal Customers
C05956,132,6,318573.5,2,3,4,9,Potential Customers
C16175,3,9,318569.5,5,5,4,14,Champions
C05440,39,5,318533.5,4,3,4,11,Loyal Customers
C08559,23,7,318533.0,4,4,4,12,Loyal Customers
C16975,5,5,318525.0,5,3,4,12,Loyal Customers
C18272,118,5,318466.0,2,3,4,9,Potential Customers
C13253,53,9,318456.5,3,5,4,12,Loyal Customers
C10487,10,5,318453.0,5,3,4,12,Loyal Customers
C00891,44,6,318404.5,3,3,4,10,Loyal Customers
C06388,33,8,318380.0,4,4,4,12,Loyal Customers
C08828,1,4,318366.5,5,2,4,11,Loyal Customers
C09259,239,6,318338.0,1,3,4,8,Potential Customers
C12864,8,5,318313.5,5,3,4,12,Loyal Customers
C08193,136,7,318297.5,2,4,4,10,Loyal Customers
C07991,6,7,318239.5,5,4,4,13,Champions
C19796,121,7,318196.5,2,4,4,10,Loyal Customers
C09244,34,3,318171.5,4,1,4,9,Potential Customers
C19056,2,6,318129.0,5,3,4,12,Loyal Customers
C05496,39,9,318095.0,4,5,4,13,Champions
C07001,29,7,318080.0,4,4,4,12,Loyal Customers
C15595,11,3,317989.5,5,1,4,10,Loyal Customers
C19436,4,8,317929.0,5,4,4,13,Champions
C03344,68,8,317894.5,3,4,3,10,Loyal Customers
C11595,7,4,317894.0,5,2,3,10,Loyal Customers
C04606,15,9,317884.5,5,5,3,13,Champions
C09497,350,6,317878.0,1,3,3,7,Potential Customers
C12695,127,4,317834.0,2,2,3,7,Potential Customers
C05839,18,9,317705.0,4,5,3,12,Loyal Customers
C14570,24,8,317684.5,4,4,3,11,Loyal Customers
C03031,7,8,317621.0,5,4,3,12,Loyal Customers
C02940,87,5,317606.0,2,3,3,8,Potential Customers
C10426,18,7,317557.5,4,4,3,11,Loyal Customers
C13090,21,7,317555.5,4,4,3,11,Loyal Customers
C19159,44,6,317551.0,3,3,3,9,Potential Customers
C10072,226,7,317537.5,1,4,3,8,Potential Customers
C02501,32,11,317526.5,4,5,3,12,Loyal Customers
C10345,18,5,317523.0,4,3,3,10,Loyal Customers
C03318,3,7,317497.5,5,4,3,12,Loyal Customers
C17384,28,7,317496.0,4,4,3,11,Loyal Customers
C13633,14,4,317403.0,5,2,3,10,Loyal Customers
C01978,90,5,317394.0,2,3,3,8,Potential Customers
C10136,6,5,317342.0,5,3,3,11,Loyal Customers
C03929,3,5,317313.0,5,3,3,11,Loyal Customers
C16867,104,4,317299.0,2,2,3,7,Potential Customers
C02127,58,7,317274.0,3,4,3,10,Loyal Customers
C03440,2,9,317240.5,5,5,3,13,Champions
C00983,38,4,317184.5,4,2,3,9,Potential Customers
C17472,18,6,317166.0,4,3,3,10,Loyal Customers
C13585,29,7,317154.5,4,4,3,11,Loyal Customers
C12849,2,4,317140.5,5,2,3,10,Loyal Customers
C07337,70,3,317137.5,3,1,3,7,Potential Customers
C07387,141,6,317132.0,2,3,3,8,Potential Customers
C16769,18,6,317121.5,4,3,3,10,Loyal Customers
C03196,198,4,317071.5,1,2,3,6,At Risk
C14054,90,5,317049.0,2,3,3,8,Potential Customers
C01837,183,3,317013.5,1,1,3,5,At Risk
C13328,3,6,317004.5,5,3,3,11,Loyal Customers
C02519,18,3,316995.5,4,1,3,8,Potential Customers
C09343,8,7,316964.0,5,4,3,12,Loyal Customers
C07363,20,7,316908.5,4,4,3,11,Loyal Customers
C13594,32,4,316881.5,4,2,3,9,Potential Customers
C17336,42,2,316860.5,3,1,3,7,Potential Customers
C01096,2,6,316851.0,5,3,3,11,Loyal Customers
C00238,233,5,316749.5,1,3,3,7,Potential Customers
C12536,50,8,316713.5,3,4,3,10,Loyal Customers
C07267,2,8,316685.5,5,4,3,12,Loyal Customers
C03540,99,4,316637.5,2,2,3,7,Potential Customers
C07911,85,5,316626.0,2,3,3,8,Potential Customers
C09721,19,8,316615.5,4,4,3,11,Loyal Customers
C13535,290,3,316574.5,1,1,3,5,At Risk
C04577,24,7,316547.0,4,4,3,11,Loyal Customers
C19049,30,9,316534.0,4,5,3,12,Loyal Customers
C00417,168,3,316508.5,2,1,3,6,At Risk
C00153,1,8,316478.0,5,4,3,12,Loyal Customers
C14613,15,8,316456.0,5,4,3,12,Loyal Customers
C07004,45,7,316456.0,3,4,3,10,Loyal Customers
C03628,1,5,316439.0,5,3,3,11,Loyal Customers
C08287,5,6,316419.5,5,3,3,11,Loyal Customers
C12432,100,5,316376.5,2,3,3,8,Potential Customers
C10679,75,6,316352.5,3,3,3,9,Potential Customers
C13529,32,5,316337.0,4,3,3,10,Loyal Customers
C19062,9,8,316254.5,5,4,3,12,Loyal Customers
C13284,78,3,316251.0,3,1,3,7,Potential Customers
C19196,19,6,316229.5,4,3,3,10,Loyal Customers
C19324,195,2,316217.0,1,1,3,5,At Risk
C16293,132,6,316211.0,2,3,3,8,Potential Customers
C00945,93,7,316126.0,2,4,3,9,Potential Customers
C15721,2,3,316101.5,5,1,3,9,Potential Customers
C02342,2,8,316054.5,5,4,3,12,Loyal Customers
C06533,11,8,316001.5,5,4,3,12,Loyal Customers
C09592,322,2,315993.0,1,1,3,5,At Risk
C12868,40,7,315993.0,3,4,3,10,Loyal Customers
C16381,69,9,315971.0,3,5,3,11,Loyal Customers
C17367,76,7,315956.0,3,4,3,10,Loyal Customers
C15224,2,8,315928.0,5,4,3,12,Loyal Customers
C01973,124,5,315912.5,2,3,3,8,Potential Customers
C14049,116,5,315834.0,2,3,3,8,Potential Customers
C17766,41,4,315814.5,3,2,3,8,Potential Customers
C10007,201,3,315762.0,1,1,3,5,At Risk
C14205,87,6,315758.0,2,3,3,8,Potential Customers
C00910,127,4,315741.0,2,2,3,7,Potential Customers
C11554,1,6,315706.0,5,3,3,11,Loyal Customers
C03809,3,5,315697.5,5,3,3,11,Loyal Customers
C10651,2,7,315651.5,5,4,3,12,Loyal Customers
C03240,212,4,315592.0,1,2,3,6,At Risk
C09644,5,5,315569.5,5,3,3,11,Loyal Customers
C18967,11,7,315539.0,5,4,3,12,Loyal Customers
C13232,31,6,315513.5,4,3,3,10,Loyal Customers
C05572,17,3,315509.0,5,1,3,9,Potential Customers
C04121,106,5,315498.5,2,3,3,8,Potential Customers
C13150,52,7,315473.5,3,4,3,10,Loyal Customers
C12193,62,4,315419.5,3,2,3,8,Potential Customers
C17612,3,4,315413.0,5,2,3,10,Loyal Customers
C09357,20,8,315412.5,4,4,3,11,Loyal Customers
C13039,364,6,315351.0,1,3,3,7,Potential Customers
C19267,21,7,315334.0,4,4,3,11,Loyal Customers
C19829,21,2,315311.5,4,1,3,8,Potential Customers
C07824,99,5,315294.0,2,3,3,8,Potential Customers
C10066,19,8,315220.0,4,4,3,11,Loyal Customers
C12742,66,6,315195.5,3,3,3,9,Potential Customers
C13479,26,6,315142.5,4,3,3,10,Loyal Customers
C11198,108,4,315133.0,2,2,3,7,Potential Customers
C01718,18,8,315117.5,4,4,3,11,Loyal Customers
C14428,172,5,315077.0,2,3,3,8,Potential Customers
C09161,55,5,315050.0,3,3,3,9,Potential Customers
C06723,40,5,315044.5,3,3,3,9,Potential Customers
C13437,223,3,315003.0,1,1,3,5,At Risk
C07603,124,6,314963.5,2,3,3,8,Potential Customers
C08984,30,7,314955.0,4,4,3,11,Loyal Customers
C02671,269,5,314920.0,1,3,3,7,Potential Customers
C01680,2,4,314888.5,5,2,3,10,Loyal Customers
C10668,23,8,314835.5,4,4,3,11,Loyal Customers
C04775,2,6,314817.0,5,3,3,11,Loyal Customers
C18812,4,6,314799.5,5,3,3,11,Loyal Customers
C04978,16,6,314778.0,5,3,3,11,Loyal Customers
C09235,111,6,314732.5,2,3,3,8,Potential Customers
C15238,149,3,314709.5,2,1,3,6,At Risk
C17692,3,9,314698.0,5,5,3,13,Champions
C19551,5,7,314688.5,5,4,3,12,Loyal Customers
C09559,11,8,314686.0,5,4,3,12,Loyal Customers
C09509,7,11,314683.0,5,5,3,13,Champions
C07957,32,5,314670.0,4,3,3,10,Loyal Customers
C04341,304,3,314615.5,1,1,3,5,At Risk
C08051,40,5,314509.0,3,3,3,9,Potential Customers
C19247,3,6,314504.0,5,3,3,11,Loyal Customers
C03198,65,6,314479.0,3,3,3,9,Potential Customers
C04215,33,5,314410.5,4,3,3,10,Loyal Customers
C04939,38,7,314345.5,4,4,3,11,Loyal Customers
C00537,299,5,314344.0,1,3,3,7,Potential Customers
C03892,2,8,314310.5,5,4,3,12,Loyal Customers
C04366,5,5,314218.0,5,3,3,11,Loyal Customers
C13952,205,5,314171.5,1,3,3,7,Potential Customers
C07234,27,6,314154.0,4,3,3,10,Loyal Customers
C15003,218,4,314124.5,1,2,3,6,At Risk
C15476,41,9,314111.5,3,5,3,11,Loyal Customers
C00176,204,8,314076.0,1,4,3,8,Potential Customers
C14471,2,7,314027.5,5,4,3,12,Loyal Customers
C14140,39,5,313994.5,4,3,3,10,Loyal Customers
C08162,43,6,313976.5,3,3,3,9,Potential Customers
C02267,5,4,313964.0,5,2,3,10,Loyal Customers
C03899,6,4,313935.5,5,2,3,10,Loyal Customers
C12617,65,6,313931.0,3,3,3,9,Potential Customers
C10108,26,4,313898.5,4,2,3,9,Potential Customers
C01448,62,6,313897.0,3,3,3,9,Potential Customers
C17984,3,5,313896.0,5,3,3,11,Loyal Customers
C14439,40,5,313854.5,3,3,3,9,Potential Customers
C19392,62,8,313764.5,3,4,3,10,Loyal Customers
C05196,1,7,313744.5,5,4,3,12,Loyal Customers
C18628,69,8,313742.0,3,4,3,10,Loyal Customers
C12372,4,7,313738.5,5,4,3,12,Loyal Customers
C11537,6,9,313688.5,5,5,3,13,Champions
C04350,8,5,313686.0,5,3,3,11,Loyal Customers
C07245,27,6,313675.0,4,3,3,10,Loyal Customers
C17096,24,9,313604.0,4,5,3,12,Loyal Customers
C02403,32,6,313601.5,4,3,3,10,Loyal Customers
C07427,19,5,313596.5,4,3,3,10,Loyal Customers
C09444,3,3,313573.0,5,1,3,9,Potential Customers
C11535,80,4,313536.5,2,2,3,7,Potential Customers
C16267,7,6,313520.5,5,3,3,11,Loyal Customers
C11302,22,8,313496.0,4,4,3,11,Loyal Customers
C08335,58,3,313450.5,3,1,3,7,Potential Customers
C18308,53,6,313439.0,3,3,3,9,Potential Customers
C07570,134,7,313426.0,2,4,3,9,Potential Customers
C06158,41,4,313416.5,3,2,3,8,Potential Customers
C05109,13,6,313390.0,5,3,3,11,Loyal Customers
C11671,114,6,313389.0,2,3,3,8,Potential Customers
C07432,3,6,313379.5,5,3,3,11,Loyal Customers
C08409,36,6,313372.5,4,3,3,10,Loyal Customers
C06745,22,5,313336.5,4,3,3,10,Loyal Customers
C07070,42,3,313222.0,3,1,3,7,Potential Customers
C16859,242,6,313143.0,1,3,3,7,Potential Customers
C10282,89,5,313133.5,2,3,3,8,Potential Customers
C08168,30,6,313119.5,4,3,3,10,Loyal Customers
C09069,102,3,313105.5,2,1,3,6,At Risk
C11628,30,5,313092.5,4,3,3,10,Loyal Customers
C08644,3,8,312951.5,5,4,3,12,Loyal Customers
C09264,82,4,312936.0,2,2,3,7,Potential Customers
C15602,11,5,312925.0,5,3,3,11,Loyal Customers
C03074,44,8,312886.5,3,4,3,10,Loyal Customers
C18559,18,3,312800.5,4,1,3,8,Potential Customers
C07388,18,6,312766.0,4,3,3,10,Loyal Customers
C15109,34,7,312727.5,4,4,3,11,Loyal Customers
C08788,13,7,312702.5,5,4,3,12,Loyal Customers
C17648,103,3,312698.5,2,1,3,6,At Risk
C14947,15,6,312691.0,5,3,3,11,Loyal Customers
C19308,8,7,312670.0,5,4,3,12,Loyal Customers
C09839,2,7,312659.5,5,4,3,12,Loyal Customers
C14278,220,5,312657.5,1,3,3,7,Potential Customers
C06998,18,5,312651.0,4,3,3,10,Loyal Customers
C07843,103,6,312599.5,2,3,3,8,Potential Customers
C14585,121,6,312574.0,2,3,3,8,Potential Customers
C08136,86,4,312560.0,2,2,3,7,Potential Customers
C06299,78,8,312503.5,3,4,3,10,Loyal Customers
C02427,105,6,312503.5,2,3,3,8,Potential Customers
C19831,14,6,312498.0,5,3,3,11,Loyal Customers
C12146,78,9,312429.0,3,5,3,11,Loyal Customers
C08779,33,3,312407.5,4,1,3,8,Potential Customers
C16178,40,5,312400.5,3,3,3,9,Potential Customers
C11358,34,8,312399.0,4,4,3,11,Loyal Customers
C05936,211,5,312362.0,1,3,3,7,Potential Customers
C18627,1,6,312331.5,5,3,3,11,Loyal Customers
C02258,359,5,312320.5,1,3,3,7,Potential Customers
C01567,4,11,312310.5,5,5,3,13,Champions
C14655,54,5,312304.0,3,3,3,9,Potential Customers
C19670,30,5,312272.0,4,3,3,10,Loyal Customers
C17344,113,7,312261.5,2,4,3,9,Potential Customers
C01063,54,7,312253.0,3,4,3,10,Loyal Customers
C17540,119,6,312251.0,2,3,3,8,Potential Customers
C08522,2,4,312249.0,5,2,3,10,Loyal Customers
C18143,44,6,312236.5,3,3,3,9,Potential Customers
C09249,3,7,312203.5,5,4,3,12,Loyal Customers
C01254,62,6,312193.5,3,3,3,9,Potential Customers
C03638,23,5,312178.5,4,3,3,10,Loyal Customers
C18148,29,3,312143.0,4,1,3,8,Potential Customers
C03335,87,7,312098.0,2,4,3,9,Potential Customers
C10631,14,6,312094.5,5,3,3,11,Loyal Customers
C08166,19,6,312091.5,4,3,3,10,Loyal Customers
C17959,11,7,312069.0,5,4,3,12,Loyal Customers
C13196,7,5,312052.0,5,3,3,11,Loyal Customers
C04787,94,6,312042.5,2,3,3,8,Potential Customers
C19786,60,4,312041.5,3,2,3,8,Potential Customers
C14106,25,5,312022.5,4,3,3,10,Loyal Customers
C14269,30,6,312000.0,4,3,3,10,Loyal Customers
C03909,32,5,311940.0,4,3,3,10,Loyal Customers
C13577,20,11,311912.5,4,5,3,12,Loyal Customers
C13025,1,7,311848.0,5,4,3,12,Loyal Customers
C12132,31,8,311827.0,4,4,3,11,Loyal Customers
C03398,21,6,311793.0,4,3,3,10,Loyal Customers
C17806,20,6,311762.5,4,3,3,10,Loyal Customers
C02497,168,4,311759.0,2,2,3,7,Potential Customers
C10862,5,4,311706.0,5,2,3,10,Loyal Customers
C08641,88,7,311698.0,2,4,3,9,Potential Customers
C09853,171,5,311678.5,2,3,3,8,Potential Customers
C08503,14,3,311651.0,5,1,3,9,Potential Customers
C16621,7,4,311636.5,5,2,3,10,Loyal Customers
C19902,22,7,311629.0,4,4,3,11,Loyal Customers
C05658,47,6,311598.5,3,3,3,9,Potential Customers
C01313,473,4,311565.5,1,2,3,6,At Risk
C09145,4,5,311557.5,5,3,3,11,Loyal Customers
C15715,109,6,311534.0,2,3,3,8,Potential Customers
C17900,143,5,311465.0,2,3,3,8,Potential Customers
C07130,44,6,311448.0,3,3,3,9,Potential Customers
C16900,39,7,311432.0,4,4,3,11,Loyal Customers
C03340,10,9,311407.5,5,5,3,13,Champions
C14671,26,4,311387.0,4,2,3,9,Potential Customers
C11993,34,3,311381.5,4,1,3,8,Potential Customers
C05721,85,6,311375.5,2,3,3,8,Potential Customers
C02192,2,9,311371.0,5,5,3,13,Champions
C00339,93,4,311333.0,2,2,3,7,Potential Customers
C15204,53,4,311324.0,3,2,3,8,Potential Customers
C00750,3,7,311318.5,5,4,3,12,Loyal Customers
C04870,168,6,311222.0,2,3,3,8,Potential Customers
C14800,78,3,311202.0,3,1,3,7,Potential Customers
C09898,2,5,311172.0,5,3,3,11,Loyal Customers
C03246,82,6,311136.5,2,3,3,8,Potential Customers
C04419,46,7,311133.5,3,4,3,10,Loyal Customers
C14739,6,5,311031.5,5,3,3,11,Loyal Customers
C17815,21,6,310998.5,4,3,3,10,Loyal Customers
C08495,66,7,310982.0,3,4,3,10,Loyal Customers
C06746,92,5,310949.5,2,3,3,8,Potential Customers
C15634,107,2,310920.0,2,1,3,6,At Risk
C09857,3,7,310917.5,5,4,3,12,Loyal Customers
C04028,18,6,310888.0,4,3,3,10,Loyal Customers
C13207,192,6,310824.0,1,3,3,7,Potential Customers
C07780,23,8,310815.5,4,4,3,11,Loyal Customers
C14212,81,5,310798.5,2,3,3,8,Potential Customers
C03420,6,6,310782.0,5,3,3,11,Loyal Customers
C13397,41,5,310774.0,3,3,3,9,Potential Customers
C00055,97,5,310719.0,2,3,3,8,Potential Customers
C02677,3,5,310693.0,5,3,3,11,Loyal Customers
C17529,118,6,310635.5,2,3,3,8,Potential Customers
C10542,56,7,310620.5,3,4,3,10,Loyal Customers
C16865,47,5,310610.5,3,3,3,9,Potential Customers
C17385,21,7,310573.0,4,4,3,11,Loyal Customers
C00110,44,8,310542.5,3,4,3,10,Loyal Customers
C06217,53,8,310491.5,3,4,3,10,Loyal Customers
C16007,1,7,310464.0,5,4,3,12,Loyal Customers
C16189,49,7,310415.5,3,4,3,10,Loyal Customers
C09802,261,5,310365.5,1,3,3,7,Potential Customers
C18889,145,5,310360.0,2,3,3,8,Potential Customers
C18395,98,8,310347.5,2,4,3,9,Potential Customers
C16733,37,9,310311.0,4,5,3,12,Loyal Customers
C00231,3,4,310265.0,5,2,3,10,Loyal Customers
C07319,7,8,310044.5,5,4,3,12,Loyal Customers
C02005,53,5,310028.5,3,3,3,9,Potential Customers
C15055,5,5,309992.5,5,3,3,11,Loyal Customers
C14297,66,7,309979.0,3,4,3,10,Loyal Customers
C08574,31,6,309969.0,4,3,3,10,Loyal Customers
C02330,72,3,309939.5,3,1,3,7,Potential Customers
C11924,38,6,309923.0,4,3,3,10,Loyal Customers
C17158,39,5,309872.0,4,3,3,10,Loyal Customers
C08117,69,3,309853.0,3,1,3,7,Potential Customers
C15598,3,6,309846.5,5,3,3,11,Loyal Customers
C07618,21,5,309840.5,4,3,3,10,Loyal Customers
C10214,2,5,309783.5,5,3,3,11,Loyal Customers
C17273,31,6,309771.0,4,3,3,10,Loyal Customers
C17456,10,8,309744.0,5,4,3,12,Loyal Customers
C04890,5,7,309741.5,5,4,3,12,Loyal Customers
C16651,2,6,309723.5,5,3,3,11,Loyal Customers
C15260,99,4,309694.0,2,2,3,7,Potential Customers
C07610,218,6,309664.5,1,3,3,7,Potential Customers
C08660,85,5,309601.0,2,3,3,8,Potential Customers
C00072,108,5,309586.0,2,3,3,8,Potential Customers
C17310,20,5,309567.0,4,3,3,10,Loyal Customers
C04420,39,3,309558.0,4,1,3,8,Potential Customers
C08279,2,5,309553.5,5,3,3,11,Loyal Customers
C09388,14,6,309461.5,5,3,3,11,Loyal Customers
C07489,16,9,309452.5,5,5,3,13,Champions
C15479,38,5,309451.0,4,3,3,10,Loyal Customers
C04838,41,4,309433.0,3,2,3,8,Potential Customers
C15126,36,5,309428.5,4,3,3,10,Loyal Customers
C16779,72,5,309413.0,3,3,3,9,Potential Customers
C15318,34,7,309404.0,4,4,3,11,Loyal Customers
C03400,67,8,309382.0,3,4,3,10,Loyal Customers
C11539,82,6,309358.0,2,3,3,8,Potential Customers
C17968,153,7,309354.5,2,4,3,9,Potential Customers
C07446,94,7,309337.5,2,4,3,9,Potential Customers
C17019,38,6,309325.0,4,3,3,10,Loyal Customers
C02217,28,6,309284.5,4,3,3,10,Loyal Customers
C08473,22,4,309264.0,4,2,3,9,Potential Customers
C02183,7,8,309184.5,5,4,3,12,Loyal Customers
C19750,50,10,309168.5,3,5,3,11,Loyal Customers
C18076,1,6,309165.0,5,3,3,11,Loyal Customers
C03458,20,6,309161.5,4,3,3,10,Loyal Customers
C01026,22,4,309091.5,4,2,3,9,Potential Customers
C12537,1,8,309078.0,5,4,3,12,Loyal Customers
C19283,109,6,309046.0,2,3,3,8,Potential Customers
C12984,2,5,309037.0,5,3,3,11,Loyal Customers
C10599,80,6,309032.0,2,3,3,8,Potential Customers
C08154,83,7,309015.5,2,4,3,9,Potential Customers
C01043,5,8,308994.5,5,4,3,12,Loyal Customers
C04423,6,4,308938.0,5,2,3,10,Loyal Customers
C17556,53,4,308909.0,3,2,3,8,Potential Customers
C03034,17,6,308897.0,5,3,3,11,Loyal Customers
C01674,10,8,308868.0,5,4,3,12,Loyal Customers
C19013,12,7,308867.5,5,4,3,12,Loyal Customers
C14842,48,7,308839.0,3,4,3,10,Loyal Customers
C13910,40,8,308830.5,3,4,3,10,Loyal Customers
C17269,146,4,308826.5,2,2,3,7,Potential Customers
C01437,340,4,308811.0,1,2,3,6,At Risk
C19640,34,6,308770.5,4,3,3,10,Loyal Customers
C15475,43,4,308763.5,3,2,3,8,Potential Customers
C11057,25,6,308744.5,4,3,3,10,Loyal Customers
C01143,207,7,308744.0,1,4,3,8,Potential Customers
C16853,73,6,308708.0,3,3,3,9,Potential Customers
C10971,5,7,308706.5,5,4,3,12,Loyal Customers
C13908,72,4,308621.5,3,2,3,8,Potential Customers
C16299,82,4,308601.5,2,2,3,7,Potential Customers
C17779,37,3,308526.0,4,1,3,8,Potential Customers
C07221,6,7,308444.5,5,4,3,12,Loyal Customers
C10809,1,4,308436.0,5,2,3,10,Loyal Customers
C16567,42,8,308435.0,3,4,3,10,Loyal Customers
C08544,29,5,308426.0,4,3,3,10,Loyal Customers
C09120,41,5,308346.5,3,3,3,9,Potential Customers
C04622,84,7,308333.5,2,4,3,9,Potential Customers
C13296,25,3,308309.5,4,1,3,8,Potential Customers
C15533,10,6,308290.0,5,3,3,11,Loyal Customers
C07383,31,7,308218.0,4,4,3,11,Loyal Customers
C07858,2,8,308173.0,5,4,3,12,Loyal Customers
C06879,1,4,308145.5,5,2,3,10,Loyal Customers
C03611,8,7,308102.5,5,4,3,12,Loyal Customers
C13082,10,5,308100.5,5,3,3,11,Loyal Customers
C03859,45,5,308075.5,3,3,3,9,Potential Customers
C13804,5,8,308066.5,5,4,3,12,Loyal Customers
C11253,104,6,308044.0,2,3,3,8,Potential Customers
C01013,12,7,308016.0,5,4,3,12,Loyal Customers
C00248,85,4,308014.0,2,2,3,7,Potential Customers
C14676,25,6,307979.5,4,3,3,10,Loyal Customers
C03181,11,7,307977.0,5,4,3,12,Loyal Customers
C08267,29,5,307921.0,4,3,3,10,Loyal Customers
C01417,261,5,307905.0,1,3,3,7,Potential Customers
C02302,34,5,307883.0,4,3,3,10,Loyal Customers
C08759,16,8,307841.0,5,4,3,12,Loyal Customers
C16576,83,4,307823.5,2,2,3,7,Potential Customers
C00676,126,7,307821.5,2,4,3,9,Potential Customers
C17077,25,5,307821.0,4,3,3,10,Loyal Customers
C07834,69,4,307804.5,3,2,3,8,Potential Customers
C11460,130,4,307693.0,2,2,3,7,Potential Customers
C02028,187,7,307641.5,1,4,3,8,Potential Customers
C17587,58,5,307633.0,3,3,3,9,Potential Customers
C00890,1,8,307576.0,5,4,3,12,Loyal Customers
C15400,14,5,307569.5,5,3,3,11,Loyal Customers
C04484,93,3,307559.5,2,1,3,6,At Risk
C11500,29,3,307559.0,4,1,3,8,Potential Customers
C01675,128,6,307543.5,2,3,3,8,Potential Customers
C11332,108,5,307526.0,2,3,3,8,Potential Customers
C17061,42,7,307515.5,3,4,3,10,Loyal Customers
C17239,107,4,307513.0,2,2,3,7,Potential Customers
C01803,41,3,307503.0,3,1,3,7,Potential Customers
C06758,23,5,307489.0,4,3,3,10,Loyal Customers
C17462,91,8,307486.0,2,4,3,9,Potential Customers
C02191,5,6,307475.5,5,3,3,11,Loyal Customers
C03055,103,7,307433.5,2,4,3,9,Potential Customers
C18982,4,6,307413.0,5,3,3,11,Loyal Customers
C04723,35,5,307400.5,4,3,3,10,Loyal Customers
C11794,13,8,307377.5,5,4,3,12,Loyal Customers
C00256,161,6,307333.5,2,3,3,8,Potential Customers
C14869,6,8,307321.5,5,4,3,12,Loyal Customers
C13099,3,8,307266.5,5,4,3,12,Loyal Customers
C18354,20,7,307247.5,4,4,3,11,Loyal Customers
C15087,160,8,307237.5,2,4,3,9,Potential Customers
C14498,161,4,307182.0,2,2,3,7,Potential Customers
C17679,2,9,307163.5,5,5,3,13,Champions
C05947,19,6,307132.5,4,3,3,10,Loyal Customers
C11970,9,6,307118.5,5,3,3,11,Loyal Customers
C02778,9,7,307088.0,5,4,3,12,Loyal Customers
C10010,130,4,307078.5,2,2,3,7,Potential Customers
C12431,13,6,307069.0,5,3,3,11,Loyal Customers
C12162,1,7,307045.5,5,4,3,12,Loyal Customers
C07552,127,6,306988.5,2,3,3,8,Potential Customers
C16159,45,6,306950.5,3,3,3,9,Potential Customers
C06845,223,5,306949.5,1,3,3,7,Potential Customers
C07556,77,5,306928.0,3,3,3,9,Potential Customers
C05774,131,5,306925.0,2,3,3,8,Potential Customers
C02923,15,5,306896.5,5,3,3,11,Loyal Customers
C17171,6,4,306872.5,5,2,3,10,Loyal Customers
C17192,26,5,306845.0,4,3,3,10,Loyal Customers
C16263,25,3,306767.0,4,1,3,8,Potential Customers
C07262,23,6,306685.0,4,3,3,10,Loyal Customers
C12635,1,6,306608.5,5,3,3,11,Loyal Customers
C12415,49,3,306539.0,3,1,3,7,Potential Customers
C01622,50,7,306461.5,3,4,3,10,Loyal Customers
C02499,10,4,306445.5,5,2,3,10,Loyal Customers
C04136,77,3,306441.0,3,1,3,7,Potential Customers
C03030,1,7,306440.0,5,4,3,12,Loyal Customers
C08775,35,6,306422.5,4,3,3,10,Loyal Customers
C06860,10,5,306416.5,5,3,3,11,Loyal Customers
C05571,160,6,306350.5,2,3,3,8,Potential Customers
C17058,209,5,306297.0,1,3,3,7,Potential Customers
C04855,14,5,306248.0,5,3,3,11,Loyal Customers
C07905,29,7,306234.5,4,4,3,11,Loyal Customers
C04862,55,8,306198.0,3,4,3,10,Loyal Customers
C02536,19,4,306193.0,4,2,3,9,Potential Customers
C09248,48,5,306185.5,3,3,3,9,Potential Customers
C11775,2,5,306177.0,5,3,3,11,Loyal Customers
C00496,1,6,306106.0,5,3,3,11,Loyal Customers
C05628,44,7,306074.5,3,4,3,10,Loyal Customers
C17562,74,7,306064.5,3,4,3,10,Loyal Customers
C16061,83,4,306040.0,2,2,3,7,Potential Customers
C08618,104,4,306001.0,2,2,3,7,Potential Customers
C06327,143,7,305986.5,2,4,3,9,Potential Customers
C03961,48,7,305956.5,3,4,3,10,Loyal Customers
C16643,17,7,305924.0,5,4,3,12,Loyal Customers
C01467,8,6,305918.0,5,3,3,11,Loyal Customers
C14141,51,7,305869.0,3,4,3,10,Loyal Customers
C08224,12,6,305856.5,5,3,3,11,Loyal Customers
C18803,28,5,305851.0,4,3,3,10,Loyal Customers
C14967,1,6,305834.0,5,3,3,11,Loyal Customers
C08988,76,8,305796.5,3,4,3,10,Loyal Customers
C13267,4,6,305739.0,5,3,3,11,Loyal Customers
C08097,4,8,305724.5,5,4,3,12,Loyal Customers
C04732,29,7,305700.0,4,4,3,11,Loyal Customers
C05216,19,7,305698.5,4,4,3,11,Loyal Customers
C11184,57,3,305663.0,3,1,3,7,Potential Customers
C17535,10,7,305611.0,5,4,3,12,Loyal Customers
C04494,3,7,305606.0,5,4,3,12,Loyal Customers
C11843,20,3,305565.0,4,1,3,8,Potential Customers
C12959,1,7,305562.0,5,4,3,12,Loyal Customers
C10726,36,6,305551.5,4,3,3,10,Loyal Customers
C09036,44,8,305513.0,3,4,3,10,Loyal Customers
C14666,14,4,305491.0,5,2,3,10,Loyal Customers
C11767,40,4,305480.0,3,2,3,8,Potential Customers
C16053,6,6,305453.0,5,3,3,11,Loyal Customers
C07236,19,5,305452.5,4,3,3,10,Loyal Customers
C01794,94,3,305452.5,2,1,3,6,At Risk
C01213,111,6,305386.5,2,3,3,8,Potential Customers
C09730,85,5,305282.5,2,3,3,8,Potential Customers
C08493,1,1,305276.5,5,1,3,9,Potential Customers
C10048,52,6,305269.0,3,3,3,9,Potential Customers
C15673,15,7,305268.0,5,4,3,12,Loyal Customers
C08055,3,6,305267.5,5,3,3,11,Loyal Customers
C06019,58,8,305239.5,3,4,3,10,Loyal Customers
C07390,233,4,305192.0,1,2,3,6,At Risk
C16490,103,5,305190.5,2,3,3,8,Potential Customers
C10079,28,8,305175.0,4,4,3,11,Loyal Customers
C03003,9,5,305163.0,5,3,3,11,Loyal Customers
C01098,4,5,305118.0,5,3,3,11,Loyal Customers
C14357,1,5,305117.0,5,3,3,11,Loyal Customers
C19094,220,5,305107.5,1,3,3,7,Potential Customers
C01348,116,2,305067.0,2,1,3,6,At Risk
C04224,87,5,305055.0,2,3,3,8,Potential Customers
C15077,185,4,305040.0,1,2,3,6,At Risk
C13076,88,5,304951.5,2,3,3,8,Potential Customers
C13841,164,6,304890.5,2,3,3,8,Potential Customers
C18872,149,6,304867.5,2,3,3,8,Potential Customers
C17800,169,5,304865.5,2,3,3,8,Potential Customers
C04033,88,6,304815.0,2,3,3,8,Potential Customers
C08639,18,6,304811.5,4,3,3,10,Loyal Customers
C06063,41,6,304799.0,3,3,3,9,Potential Customers
C05204,24,4,304795.5,4,2,3,9,Potential Customers
C05907,137,3,304736.0,2,1,3,6,At Risk
C03956,59,5,304716.5,3,3,3,9,Potential Customers
C16827,134,7,304683.5,2,4,3,9,Potential Customers
C14802,13,6,304673.5,5,3,3,11,Loyal Customers
C02959,11,6,304642.5,5,3,3,11,Loyal Customers
C00817,26,6,304626.5,4,3,3,10,Loyal Customers
C15635,7,8,304620.5,5,4,3,12,Loyal Customers
C05608,84,5,304614.5,2,3,3,8,Potential Customers
C05226,161,7,304607.5,2,4,3,9,Potential Customers
C13329,43,6,304533.5,3,3,3,9,Potential Customers
C08751,5,7,304517.5,5,4,3,12,Loyal Customers
C12688,141,9,304444.5,2,5,3,10,Loyal Customers
C04943,83,7,304404.5,2,4,3,9,Potential Customers
C11950,9,12,304398.5,5,5,3,13,Champions
C13366,31,3,304388.0,4,1,3,8,Potential Customers
C15567,59,5,304384.0,3,3,3,9,Potential Customers
C05913,2,8,304339.0,5,4,3,12,Loyal Customers
C17465,93,6,304258.5,2,3,3,8,Potential Customers
C00905,5,7,304254.0,5,4,3,12,Loyal Customers
C08451,147,4,304178.5,2,2,3,7,Potential Customers
C08461,2,8,304145.5,5,4,3,12,Loyal Customers
C11369,253,4,304031.5,1,2,3,6,At Risk
C04895,13,4,303981.0,5,2,3,10,Loyal Customers
C14805,27,7,303955.0,4,4,3,11,Loyal Customers
C13466,23,3,303937.5,4,1,3,8,Potential Customers
C03757,57,6,303929.5,3,3,3,9,Potential Customers
C11516,64,4,303907.5,3,2,3,8,Potential Customers
C13673,29,4,303905.5,4,2,3,9,Potential Customers
C03828,40,3,303879.0,3,1,3,7,Potential Customers
C13031,3,4,303872.5,5,2,3,10,Loyal Customers
C01530,106,4,303863.5,2,2,3,7,Potential Customers
C19789,8,5,303855.0,5,3,3,11,Loyal Customers
C18564,41,6,303778.5,3,3,3,9,Potential Customers
C18673,47,4,303747.5,3,2,3,8,Potential Customers
C03352,55,3,303708.5,3,1,3,7,Potential Customers
C13393,18,3,303596.0,4,1,3,8,Potential Customers
C01770,5,10,303572.0,5,5,3,13,Champions
C00198,153,6,303452.0,2,3,3,8,Potential Customers
C16314,57,6,303432.5,3,3,3,9,Potential Customers
C12315,292,5,303431.0,1,3,3,7,Potential Customers
C17338,13,10,303394.5,5,5,3,13,Champions
C18742,2,6,303393.0,5,3,3,11,Loyal Customers
C02308,114,5,303387.0,2,3,3,8,Potential Customers
C04038,72,7,303363.5,3,4,3,10,Loyal Customers
C09846,55,7,303343.5,3,4,3,10,Loyal Customers
C17009,272,4,303300.5,1,2,3,6,At Risk
C12597,135,6,303281.0,2,3,3,8,Potential Customers
C12249,71,5,303233.0,3,3,3,9,Potential Customers
C06116,32,9,303210.0,4,5,3,12,Loyal Customers
C12301,20,8,303185.5,4,4,3,11,Loyal Customers
C09158,100,5,303177.5,2,3,3,8,Potential Customers
C00503,95,6,303172.5,2,3,3,8,Potential Customers
C19814,16,8,303097.5,5,4,3,12,Loyal Customers
C16826,3,7,303080.5,5,4,3,12,Loyal Customers
C02460,209,6,303067.0,1,3,3,7,Potential Customers
C17741,9,6,303045.5,5,3,3,11,Loyal Customers
C13186,1,5,303039.0,5,3,3,11,Loyal Customers
C05049,157,5,303018.0,2,3,3,8,Potential Customers
C14423,14,6,302972.0,5,3,3,11,Loyal Customers
C10609,108,6,302938.0,2,3,3,8,Potential Customers
C08001,153,3,302924.5,2,1,3,6,At Risk
C11998,3,5,302877.5,5,3,3,11,Loyal Customers
C01345,27,11,302862.0,4,5,3,12,Loyal Customers
C18940,61,6,302818.0,3,3,3,9,Potential Customers
C04647,64,7,302806.0,3,4,3,10,Loyal Customers
C18795,30,6,302792.0,4,3,3,10,Loyal Customers
C02670,21,5,302781.0,4,3,3,10,Loyal Customers
C09451,90,6,302778.0,2,3,3,8,Potential Customers
C13302,97,7,302769.5,2,4,3,9,Potential Customers
C08760,8,6,302754.0,5,3,3,11,Loyal Customers
C00887,35,4,302728.5,4,2,3,9,Potential Customers
C01757,23,8,302717.5,4,4,3,11,Loyal Customers
C03222,30,3,302706.0,4,1,3,8,Potential Customers
C08593,105,5,302647.5,2,3,3,8,Potential Customers
C15565,72,7,302611.0,3,4,3,10,Loyal Customers
C01860,17,9,302584.5,5,5,3,13,Champions
C09607,25,7,302576.0,4,4,3,11,Loyal Customers
C18941,10,6,302563.0,5,3,3,11,Loyal Customers
C06331,37,6,302526.0,4,3,3,10,Loyal Customers
C11943,135,3,302501.5,2,1,3,6,At Risk
C08869,5,4,302487.0,5,2,3,10,Loyal Customers
C07846,17,10,302383.5,5,5,3,13,Champions
C11643,79,6,302376.5,3,3,3,9,Potential Customers
C04792,20,4,302367.5,4,2,3,9,Potential Customers
C10696,37,6,302353.0,4,3,3,10,Loyal Customers
C07701,6,4,302337.5,5,2,3,10,Loyal Customers
C05560,23,3,302314.0,4,1,3,8,Potential Customers
C16295,14,5,302293.0,5,3,3,11,Loyal Customers
C13758,1,7,302291.0,5,4,3,12,Loyal Customers
C08048,193,5,302253.5,1,3,3,7,Potential Customers
C15156,106,7,302213.5,2,4,3,9,Potential Customers
C13817,39,4,302210.0,4,2,3,9,Potential Customers
C14829,9,5,302204.5,5,3,3,11,Loyal Customers
C09256,130,5,302183.5,2,3,3,8,Potential Customers
C01242,33,7,302183.5,4,4,3,11,Loyal Customers
C09002,1,5,302173.5,5,3,3,11,Loyal Customers
C08031,114,7,302159.0,2,4,3,9,Potential Customers
C18255,30,6,302134.5,4,3,3,10,Loyal Customers
C16325,357,5,302134.0,1,3,3,7,Potential Customers
C07011,23,7,302075.0,4,4,3,11,Loyal Customers
C02017,50,6,302060.5,3,3,3,9,Potential Customers
C03523,25,7,302013.0,4,4,3,11,Loyal Customers
C05805,170,5,301999.0,2,3,3,8,Potential Customers
C13882,57,5,301985.5,3,3,3,9,Potential Customers
C06316,10,5,301954.5,5,3,3,11,Loyal Customers
C13584,13,6,301918.5,5,3,3,11,Loyal Customers
C16395,34,7,301863.0,4,4,3,11,Loyal Customers
C15681,2,9,301829.0,5,5,3,13,Champions
C04730,4,8,301824.0,5,4,3,12,Loyal Customers
C03877,9,4,301778.0,5,2,3,10,Loyal Customers
C01236,90,2,301658.0,2,1,3,6,At Risk
C09991,174,2,301655.5,2,1,3,6,At Risk
C13305,55,6,301634.0,3,3,3,9,Potential Customers
C01199,29,6,301574.5,4,3,3,10,Loyal Customers
C13268,17,8,301533.0,5,4,3,12,Loyal Customers
C12811,14,8,301503.5,5,4,3,12,Loyal Customers
C13085,55,5,301501.5,3,3,3,9,Potential Customers
C15365,101,7,301460.5,2,4,3,9,Potential Customers
C10575,11,6,301405.0,5,3,3,11,Loyal Customers
C10207,228,5,301402.0,1,3,3,7,Potential Customers
C04693,149,5,301367.5,2,3,3,8,Potential Customers
C01269,2,7,301341.5,5,4,3,12,Loyal Customers
C00219,29,7,301316.5,4,4,3,11,Loyal Customers
C14798,2,7,301310.5,5,4,3,12,Loyal Customers
C05919,6,7,301309.5,5,4,3,12,Loyal Customers
C16374,43,6,301257.5,3,3,3,9,Potential Customers
C15970,25,3,301223.5,4,1,3,8,Potential Customers
C05707,59,3,301221.5,3,1,3,7,Potential Customers
C11713,61,5,301215.5,3,3,3,9,Potential Customers
C05055,65,7,301211.5,3,4,3,10,Loyal Customers
C19559,139,6,301205.0,2,3,3,8,Potential Customers
C02586,54,6,301202.5,3,3,3,9,Potential Customers
C03218,102,8,301197.5,2,4,3,9,Potential Customers
C15153,72,5,301189.0,3,3,3,9,Potential Customers
C12675,50,4,301164.5,3,2,3,8,Potential Customers
C06338,3,7,301110.0,5,4,3,12,Loyal Customers
C01699,18,9,301049.0,4,5,3,12,Loyal Customers
C00670,6,4,301004.5,5,2,3,10,Loyal Customers
C05990,1,5,300988.0,5,3,3,11,Loyal Customers
C08319,2,5,300981.5,5,3,3,11,Loyal Customers
C01830,5,6,300960.0,5,3,3,11,Loyal Customers
C18749,40,6,300924.5,3,3,3,9,Potential Customers
C03468,32,9,300919.0,4,5,3,12,Loyal Customers
C07531,17,5,300905.0,5,3,3,11,Loyal Customers
C15361,193,4,300888.0,1,2,3,6,At Risk
C13776,65,4,300880.0,3,2,3,8,Potential Customers
C01496,183,6,300823.0,1,3,3,7,Potential Customers
C02798,11,8,300815.5,5,4,3,12,Loyal Customers
C13097,192,6,300774.0,1,3,3,7,Potential Customers
C13389,20,6,300764.0,4,3,3,10,Loyal Customers
C02686,30,4,300722.0,4,2,3,9,Potential Customers
C08983,11,4,300711.0,5,2,3,10,Loyal Customers
C12443,11,5,300640.0,5,3,3,11,Loyal Customers
C06707,9,6,300628.5,5,3,3,11,Loyal Customers
C05525,18,5,300625.0,4,3,3,10,Loyal Customers
C15407,66,5,300620.5,3,3,3,9,Potential Customers
C01403,34,10,300619.0,4,5,3,12,Loyal Customers
C14206,4,5,300487.0,5,3,3,11,Loyal Customers
C06183,6,3,300434.0,5,1,3,9,Potential Customers
C00674,2,3,300432.0,5,1,3,9,Potential Customers
C01436,32,4,300412.0,4,2,3,9,Potential Customers
C05722,13,7,300383.5,5,4,3,12,Loyal Customers
C06340,70,6,300342.0,3,3,3,9,Potential Customers
C15806,70,9,300267.0,3,5,3,11,Loyal Customers
C00365,48,5,300229.0,3,3,3,9,Potential Customers
C04749,30,4,300212.0,4,2,3,9,Potential Customers
C17220,59,9,300191.5,3,5,3,11,Loyal Customers
C07167,101,4,300183.5,2,2,3,7,Potential Customers
C00689,44,9,300124.0,3,5,3,11,Loyal Customers
C07091,130,8,300111.0,2,4,3,9,Potential Customers
C19101,9,3,300106.5,5,1,3,9,Potential Customers
C09396,4,4,300079.0,5,2,3,10,Loyal Customers
C04989,11,13,300034.5,5,5,3,13,Champions
C01042,20,3,300009.0,4,1,3,8,Potential Customers
C13173,245,5,299993.0,1,3,3,7,Potential Customers
C11653,18,6,299990.5,4,3,3,10,Loyal Customers
C15456,24,3,299919.0,4,1,3,8,Potential Customers
C08987,57,7,299863.5,3,4,3,10,Loyal Customers
C12838,138,4,299808.0,2,2,3,7,Potential Customers
C18037,2,6,299800.5,5,3,3,11,Loyal Customers
C00949,18,8,299772.0,4,4,3,11,Loyal Customers
C05462,72,4,299768.0,3,2,3,8,Potential Customers
C09068,6,10,299768.0,5,5,3,13,Champions
C15826,1,6,299716.0,5,3,3,11,Loyal Customers
C19505,133,12,299710.5,2,5,3,10,Loyal Customers
C17816,42,7,299707.0,3,4,3,10,Loyal Customers
C19349,3,3,299649.5,5,1,3,9,Potential Customers
C01947,1,5,299640.0,5,3,3,11,Loyal Customers
C06732,177,4,299622.0,2,2,3,7,Potential Customers
C05118,10,8,299611.5,5,4,3,12,Loyal Customers
C11799,27,5,299598.5,4,3,3,10,Loyal Customers
C09020,27,7,299592.0,4,4,3,11,Loyal Customers
C11412,16,8,299572.5,5,4,3,12,Loyal Customers
C09422,7,6,299490.0,5,3,3,11,Loyal Customers
C17637,114,6,299340.5,2,3,3,8,Potential Customers
C06647,33,7,299338.5,4,4,3,11,Loyal Customers
C09943,27,10,299332.5,4,5,3,12,Loyal Customers
C02584,76,5,299331.0,3,3,3,9,Potential Customers
C11876,42,7,299293.0,3,4,3,10,Loyal Customers
C09346,3,5,299282.0,5,3,3,11,Loyal Customers
C03428,3,7,299255.5,5,4,3,12,Loyal Customers
C02506,83,7,299250.0,2,4,3,9,Potential Customers
C01787,5,4,299179.5,5,2,3,10,Loyal Customers
C17137,5,7,299118.5,5,4,3,12,Loyal Customers
C14507,149,3,299039.0,2,1,3,6,At Risk
C11395,1,3,299036.5,5,1,3,9,Potential Customers
C05206,19,4,299009.0,4,2,3,9,Potential Customers
C19113,6,5,298992.0,5,3,3,11,Loyal Customers
C03857,4,6,298947.0,5,3,3,11,Loyal Customers
C18210,2,7,298863.5,5,4,3,12,Loyal Customers
C01976,89,7,298844.5,2,4,3,9,Potential Customers
C18807,11,5,298822.5,5,3,3,11,Loyal Customers
C07746,34,7,298810.0,4,4,3,11,Loyal Customers
C00753,8,5,298793.0,5,3,3,11,Loyal Customers
C12100,77,5,298769.0,3,3,3,9,Potential Customers
C04818,10,8,298707.0,5,4,3,12,Loyal Customers
C06081,7,3,298700.0,5,1,3,9,Potential Customers
C00076,99,5,298609.5,2,3,3,8,Potential Customers
C02736,98,5,298603.0,2,3,3,8,Potential Customers
C04743,4,4,298533.5,5,2,3,10,Loyal Customers
C09172,16,7,298522.5,5,4,3,12,Loyal Customers
C04079,34,9,298506.0,4,5,3,12,Loyal Customers
C16967,1,8,298481.0,5,4,3,12,Loyal Customers
C11313,7,4,298470.0,5,2,3,10,Loyal Customers
C08104,41,7,298448.0,3,4,3,10,Loyal Customers
C08284,77,4,298432.5,3,2,3,8,Potential Customers
C00693,11,8,298422.0,5,4,3,12,Loyal Customers
C19784,9,7,298412.5,5,4,3,12,Loyal Customers
C11112,15,5,298407.5,5,3,3,11,Loyal Customers
C19780,55,6,298378.5,3,3,3,9,Potential Customers
C07097,141,4,298373.5,2,2,3,7,Potential Customers
C13902,11,6,298305.0,5,3,3,11,Loyal Customers
C10016,39,6,298267.5,4,3,3,10,Loyal Customers
C17694,16,3,298262.0,5,1,3,9,Potential Customers
C12445,1,9,298262.0,5,5,3,13,Champions
C03773,9,10,298245.0,5,5,3,13,Champions
C19281,125,6,298227.0,2,3,3,8,Potential Customers
C19917,36,6,298095.0,4,3,3,10,Loyal Customers
C10733,147,6,298049.0,2,3,3,8,Potential Customers
C11922,30,6,298041.0,4,3,3,10,Loyal Customers
C11803,19,7,298010.0,4,4,3,11,Loyal Customers
C05070,201,5,298003.0,1,3,3,7,Potential Customers
C13501,53,5,298000.0,3,3,3,9,Potential Customers
C08241,71,6,297943.5,3,3,3,9,Potential Customers
C17191,89,5,297938.0,2,3,3,8,Potential Customers
C04313,10,6,297922.0,5,3,3,11,Loyal Customers
C15557,142,5,297910.0,2,3,3,8,Potential Customers
C06699,96,5,297908.5,2,3,3,8,Potential Customers
C14682,191,7,297894.5,1,4,3,8,Potential Customers
C06053,13,3,297876.5,5,1,3,9,Potential Customers
C03085,25,2,297832.0,4,1,3,8,Potential Customers
C11545,19,6,297814.0,4,3,3,10,Loyal Customers
C03221,34,7,297793.0,4,4,3,11,Loyal Customers
C17463,103,7,297760.0,2,4,3,9,Potential Customers
C19935,14,5,297690.5,5,3,3,11,Loyal Customers
C02313,14,6,297684.0,5,3,3,11,Loyal Customers
C17740,96,9,297684.0,2,5,3,10,Loyal Customers
C13364,68,6,297684.0,3,3,3,9,Potential Customers
C17378,91,6,297683.5,2,3,3,8,Potential Customers
C12419,21,5,297673.5,4,3,3,10,Loyal Customers
C06944,6,5,297655.0,5,3,3,11,Loyal Customers
C01469,43,6,297645.5,3,3,3,9,Potential Customers
C16761,105,9,297626.5,2,5,3,10,Loyal Customers
C08518,1,5,297617.5,5,3,3,11,Loyal Customers
C01217,17,6,297608.5,5,3,3,11,Loyal Customers
C08694,101,7,297603.5,2,4,3,9,Potential Customers
C12910,16,6,297556.0,5,3,3,11,Loyal Customers
C01629,194,3,297496.0,1,1,3,5,At Risk
C15649,102,3,297479.0,2,1,3,6,At Risk
C15034,44,5,297473.0,3,3,3,9,Potential Customers
C04012,121,5,297471.0,2,3,3,8,Potential Customers
C12722,34,6,297451.0,4,3,3,10,Loyal Customers
C09828,64,7,297425.5,3,4,3,10,Loyal Customers
C09431,23,7,297393.5,4,4,3,11,Loyal Customers
C08309,259,5,297374.0,1,3,3,7,Potential Customers
C03382,35,7,297372.0,4,4,3,11,Loyal Customers
C01083,212,6,297323.0,1,3,3,7,Potential Customers
C00864,128,7,297314.5,2,4,3,9,Potential Customers
C17728,5,7,297309.5,5,4,3,12,Loyal Customers
C13491,65,6,297293.0,3,3,3,9,Potential Customers
C10327,22,5,297275.5,4,3,3,10,Loyal Customers
C11961,11,6,297271.5,5,3,3,11,Loyal Customers
C04480,46,8,297265.0,3,4,3,10,Loyal Customers
C12402,157,5,297244.0,2,3,3,8,Potential Customers
C11751,57,5,297237.5,3,3,3,9,Potential Customers
C08164,99,3,297166.5,2,1,3,6,At Risk
C13599,512,3,297164.0,1,1,3,5,At Risk
C17538,100,7,297146.5,2,4,3,9,Potential Customers
C14080,9,4,297140.0,5,2,3,10,Loyal Customers
C13515,8,4,297091.5,5,2,3,10,Loyal Customers
C08085,8,5,297059.5,5,3,3,11,Loyal Customers
C17554,66,6,297046.5,3,3,3,9,Potential Customers
C13316,66,5,297030.0,3,3,3,9,Potential Customers
C07870,12,7,296992.0,5,4,3,12,Loyal Customers
C00354,26,11,296893.5,4,5,3,12,Loyal Customers
C03845,76,3,296876.0,3,1,3,7,Potential Customers
C06785,43,6,296842.5,3,3,3,9,Potential Customers
C13213,52,5,296781.5,3,3,3,9,Potential Customers
C11840,13,5,296781.0,5,3,3,11,Loyal Customers
C13578,11,7,296728.0,5,4,3,12,Loyal Customers
C10349,21,9,296721.5,4,5,3,12,Loyal Customers
C11401,54,8,296679.0,3,4,3,10,Loyal Customers
C16996,226,5,296657.5,1,3,3,7,Potential Customers
C11153,141,4,296645.5,2,2,3,7,Potential Customers
C07900,25,7,296624.0,4,4,3,11,Loyal Customers
C09965,16,4,296615.5,5,2,3,10,Loyal Customers
C04840,6,7,296587.5,5,4,3,12,Loyal Customers
C03889,5,7,296526.0,5,4,3,12,Loyal Customers
C01874,57,7,296504.5,3,4,3,10,Loyal Customers
C16519,100,7,296484.5,2,4,3,9,Potential Customers
C00069,127,4,296449.5,2,2,3,7,Potential Customers
C17251,8,6,296352.0,5,3,3,11,Loyal Customers
C14131,117,7,296331.0,2,4,3,9,Potential Customers
C09684,167,6,296310.0,2,3,3,8,Potential Customers
C03437,31,6,296298.5,4,3,3,10,Loyal Customers
C11983,1,7,296294.5,5,4,3,12,Loyal Customers
C04602,27,5,296271.5,4,3,3,10,Loyal Customers
C18359,74,6,296262.5,3,3,3,9,Potential Customers
C01615,39,6,296217.0,4,3,3,10,Loyal Customers
C01673,4,4,296210.0,5,2,3,10,Loyal Customers
C09664,11,4,296206.0,5,2,3,10,Loyal Customers
C05526,47,7,296205.0,3,4,3,10,Loyal Customers
C09273,16,4,296184.5,5,2,3,10,Loyal Customers
C08246,26,3,296167.5,4,1,3,8,Potential Customers
C13677,56,4,296166.5,3,2,3,8,Potential Customers
C15803,32,7,296166.5,4,4,3,11,Loyal Customers
C05305,19,4,296127.0,4,2,3,9,Potential Customers
C08440,94,6,296121.0,2,3,3,8,Potential Customers
C10009,328,4,296101.0,1,2,3,6,At Risk
C11600,57,6,296062.0,3,3,3,9,Potential Customers
C12158,70,3,295997.0,3,1,3,7,Potential Customers
C04177,161,4,295953.0,2,2,3,7,Potential Customers
C12296,114,4,295944.0,2,2,3,7,Potential Customers
C18478,104,3,295914.5,2,1,3,6,At Risk
C11835,53,7,295885.5,3,4,3,10,Loyal Customers
C15508,19,9,295866.0,4,5,3,12,Loyal Customers
C17810,15,6,295855.0,5,3,3,11,Loyal Customers
C07338,4,4,295844.0,5,2,3,10,Loyal Customers
C08126,240,6,295834.0,1,3,3,7,Potential Customers
C19662,86,4,295824.0,2,2,3,7,Potential Customers
C01498,14,7,295754.5,5,4,3,12,Loyal Customers
C10234,13,7,295747.0,5,4,3,12,Loyal Customers
C18580,35,4,295726.5,4,2,3,9,Potential Customers
C05738,45,8,295633.5,3,4,3,10,Loyal Customers
C10253,24,6,295595.0,4,3,3,10,Loyal Customers
C09693,58,5,295593.0,3,3,3,9,Potential Customers
C13672,6,4,295581.5,5,2,3,10,Loyal Customers
C00989,19,5,295540.0,4,3,3,10,Loyal Customers
C18806,4,7,295518.5,5,4,3,12,Loyal Customers
C17565,24,6,295503.5,4,3,3,10,Loyal Customers
C10518,32,9,295487.5,4,5,3,12,Loyal Customers
C04655,10,9,295477.0,5,5,3,13,Champions
C07038,120,5,295460.0,2,3,3,8,Potential Customers
C03885,57,6,295438.5,3,3,3,9,Potential Customers
C14872,8,10,295418.0,5,5,3,13,Champions
C14760,40,6,295404.0,3,3,3,9,Potential Customers
C06355,6,4,295375.0,5,2,3,10,Loyal Customers
C12798,21,11,295371.5,4,5,3,12,Loyal Customers
C18934,13,5,295325.5,5,3,3,11,Loyal Customers
C02231,94,5,295325.0,2,3,3,8,Potential Customers
C05814,8,8,295301.0,5,4,3,12,Loyal Customers
C08365,105,6,295279.0,2,3,3,8,Potential Customers
C05755,6,5,295188.0,5,3,3,11,Loyal Customers
C12337,65,3,295184.0,3,1,3,7,Potential Customers
C19210,52,6,295175.5,3,3,3,9,Potential Customers
C12815,3,5,295175.0,5,3,3,11,Loyal Customers
C00384,40,5,295157.0,3,3,3,9,Potential Customers
C02194,47,6,295139.0,3,3,3,9,Potential Customers
C01361,71,4,295134.0,3,2,3,8,Potential Customers
C11969,40,5,295093.0,3,3,3,9,Potential Customers
C07334,83,5,295092.0,2,3,3,8,Potential Customers
C10419,4,7,295066.0,5,4,3,12,Loyal Customers
C07573,95,3,294960.5,2,1,3,6,At Risk
C03351,65,5,294943.5,3,3,3,9,Potential Customers
C02209,73,5,294919.5,3,3,3,9,Potential Customers
C17915,112,8,294795.5,2,4,3,9,Potential Customers
C01867,88,8,294778.0,2,4,3,9,Potential Customers
C17432,35,5,294775.0,4,3,3,10,Loyal Customers
C19793,34,3,294770.5,4,1,3,8,Potential Customers
C06059,69,7,294697.5,3,4,3,10,Loyal Customers
C19031,84,5,294686.0,2,3,3,8,Potential Customers
C06443,59,6,294673.5,3,3,3,9,Potential Customers
C00381,114,5,294644.0,2,3,3,8,Potential Customers
C12197,75,6,294640.0,3,3,3,9,Potential Customers
C11102,30,4,294634.0,4,2,3,9,Potential Customers
C19570,102,2,294594.0,2,1,3,6,At Risk
C00285,56,7,294558.5,3,4,3,10,Loyal Customers
C03597,6,6,294503.5,5,3,3,11,Loyal Customers
C11851,46,6,294478.5,3,3,3,9,Potential Customers
C19010,12,5,294440.5,5,3,3,11,Loyal Customers
C03688,32,4,294403.0,4,2,3,9,Potential Customers
C07119,75,10,294353.5,3,5,3,11,Loyal Customers
C10707,3,8,294337.0,5,4,3,12,Loyal Customers
C17415,19,6,294326.0,4,3,3,10,Loyal Customers
C14909,60,4,294316.5,3,2,3,8,Potential Customers
C06415,45,5,294281.5,3,3,3,9,Potential Customers
C17295,141,7,294258.5,2,4,3,9,Potential Customers
C04066,1,3,294258.5,5,1,3,9,Potential Customers
C10321,9,5,294250.5,5,3,3,11,Loyal Customers
C02783,18,4,294231.5,4,2,3,9,Potential Customers
C17670,27,7,294229.5,4,4,3,11,Loyal Customers
C19256,75,4,294214.0,3,2,3,8,Potential Customers
C02547,147,4,294200.0,2,2,3,7,Potential Customers
C02447,70,4,294150.0,3,2,3,8,Potential Customers
C00160,275,4,294131.5,1,2,3,6,At Risk
C05983,44,7,294114.0,3,4,3,10,Loyal Customers
C16491,192,4,294105.5,1,2,3,6,At Risk
C06501,87,5,294089.0,2,3,3,8,Potential Customers
C06481,7,5,294084.0,5,3,3,11,Loyal Customers
C19629,8,10,294037.0,5,5,3,13,Champions
C01796,85,7,294030.0,2,4,3,9,Potential Customers
C02866,11,7,294018.5,5,4,3,12,Loyal Customers
C03199,75,4,294015.0,3,2,3,8,Potential Customers
C08502,3,6,294011.5,5,3,3,11,Loyal Customers
C01359,44,7,294004.0,3,4,3,10,Loyal Customers
C19427,55,5,293962.5,3,3,3,9,Potential Customers
C19566,214,6,293955.5,1,3,3,7,Potential Customers
C08022,8,7,293937.5,5,4,3,12,Loyal Customers
C16423,39,6,293926.0,4,3,3,10,Loyal Customers
C07998,149,5,293879.5,2,3,3,8,Potential Customers
C15014,28,7,293878.5,4,4,3,11,Loyal Customers
C09571,3,5,293821.0,5,3,3,11,Loyal Customers
C15462,76,3,293796.5,3,1,3,7,Potential Customers
C16587,8,8,293794.5,5,4,3,12,Loyal Customers
C17920,133,6,293656.5,2,3,3,8,Potential Customers
C15292,6,5,293646.5,5,3,3,11,Loyal Customers
C06644,10,5,293620.0,5,3,3,11,Loyal Customers
C08980,19,7,293585.0,4,4,3,11,Loyal Customers
C19416,71,6,293571.5,3,3,3,9,Potential Customers
C02360,16,7,293468.5,5,4,3,12,Loyal Customers
C04155,71,5,293467.5,3,3,3,9,Potential Customers
C03342,68,5,293465.5,3,3,3,9,Potential Customers
C01625,35,5,293464.5,4,3,3,10,Loyal Customers
C06494,178,4,293381.0,2,2,3,7,Potential Customers
C19922,21,4,293378.0,4,2,3,9,Potential Customers
C12411,64,6,293374.0,3,3,3,9,Potential Customers
C04975,15,8,293369.5,5,4,3,12,Loyal Customers
C17362,1,8,293357.0,5,4,3,12,Loyal Customers
C15569,122,5,293258.5,2,3,3,8,Potential Customers
C04449,57,7,293202.5,3,4,3,10,Loyal Customers
C15989,93,4,293170.0,2,2,3,7,Potential Customers
C15380,154,6,293150.0,2,3,3,8,Potential Customers
C05179,9,8,293150.0,5,4,3,12,Loyal Customers
C10197,11,7,293104.5,5,4,3,12,Loyal Customers
C05779,182,5,293100.5,1,3,3,7,Potential Customers
C18656,242,6,293084.0,1,3,3,7,Potential Customers
C08735,10,6,293073.5,5,3,3,11,Loyal Customers
C17516,177,5,293070.0,2,3,3,8,Potential Customers
C03881,6,7,293064.0,5,4,3,12,Loyal Customers
C09869,3,7,293014.0,5,4,3,12,Loyal Customers
C03808,142,3,292979.5,2,1,3,6,At Risk
C16343,47,7,292966.5,3,4,3,10,Loyal Customers
C06245,2,10,292952.0,5,5,3,13,Champions
C06016,18,12,292912.5,4,5,3,12,Loyal Customers
C08293,10,7,292907.5,5,4,3,12,Loyal Customers
C19491,33,7,292864.5,4,4,3,11,Loyal Customers
C06555,72,6,292799.5,3,3,3,9,Potential Customers
C17572,42,7,292798.0,3,4,3,10,Loyal Customers
C08909,1,9,292785.5,5,5,3,13,Champions
C19434,36,6,292759.0,4,3,3,10,Loyal Customers
C03737,4,7,292748.5,5,4,3,12,Loyal Customers
C03310,171,3,292743.0,2,1,3,6,At Risk
C18508,3,5,292730.0,5,3,3,11,Loyal Customers
C19936,55,8,292724.5,3,4,3,10,Loyal Customers
C04090,74,4,292700.0,3,2,3,8,Potential Customers
C12908,81,4,292673.0,2,2,3,7,Potential Customers
C07125,9,5,292673.0,5,3,3,11,Loyal Customers
C03300,28,4,292671.0,4,2,3,9,Potential Customers
C11772,62,4,292636.0,3,2,3,8,Potential Customers
C02897,2,8,292619.5,5,4,3,12,Loyal Customers
C06302,210,3,292580.5,1,1,3,5,At Risk
C01278,6,6,292542.0,5,3,3,11,Loyal Customers
C03724,94,8,292501.5,2,4,3,9,Potential Customers
C06918,7,5,292482.0,5,3,3,11,Loyal Customers
C03044,10,6,292465.0,5,3,3,11,Loyal Customers
C00745,36,4,292445.0,4,2,3,9,Potential Customers
C09979,17,8,292401.5,5,4,3,12,Loyal Customers
C15685,60,6,292389.5,3,3,3,9,Potential Customers
C04677,6,7,292341.0,5,4,3,12,Loyal Customers
C13200,100,6,292321.5,2,3,3,8,Potential Customers
C11335,212,6,292320.5,1,3,3,7,Potential Customers
C15053,110,4,292283.0,2,2,3,7,Potential Customers
C16824,199,5,292272.0,1,3,3,7,Potential Customers
C16164,36,7,292252.0,4,4,3,11,Loyal Customers
C01991,14,5,292235.5,5,3,3,11,Loyal Customers
C16708,56,5,292219.0,3,3,3,9,Potential Customers
C08103,65,8,292200.0,3,4,3,10,Loyal Customers
C08888,12,4,292199.0,5,2,3,10,Loyal Customers
C19211,58,5,292193.0,3,3,3,9,Potential Customers
C04499,59,5,292155.5,3,3,3,9,Potential Customers
C06812,5,7,292130.0,5,4,3,12,Loyal Customers
C13269,43,4,292118.0,3,2,3,8,Potential Customers
C15483,27,4,292116.0,4,2,3,9,Potential Customers
C07189,238,4,292061.0,1,2,3,6,At Risk
C05586,17,7,292038.0,5,4,3,12,Loyal Customers
C00366,24,5,292036.0,4,3,3,10,Loyal Customers
C11053,25,10,292018.5,4,5,3,12,Loyal Customers
C10535,16,6,292014.0,5,3,3,11,Loyal Customers
C15853,14,7,291949.5,5,4,3,12,Loyal Customers
C08312,83,7,291948.0,2,4,3,9,Potential Customers
C19699,7,10,291946.0,5,5,3,13,Champions
C18024,8,5,291931.0,5,3,3,11,Loyal Customers
C09039,14,6,291861.0,5,3,3,11,Loyal Customers
C08340,17,7,291841.0,5,4,3,12,Loyal Customers
C12604,176,6,291821.5,2,3,3,8,Potential Customers
C17509,45,5,291812.5,3,3,3,9,Potential Customers
C16436,31,4,291718.0,4,2,3,9,Potential Customers
C05186,25,7,291680.5,4,4,3,11,Loyal Customers
C16689,19,6,291675.5,4,3,3,10,Loyal Customers
C09959,16,8,291645.5,5,4,3,12,Loyal Customers
C05245,45,6,291630.5,3,3,3,9,Potential Customers
C16205,3,7,291596.5,5,4,3,12,Loyal Customers
C12199,24,8,291588.0,4,4,3,11,Loyal Customers
C07818,3,9,291535.0,5,5,3,13,Champions
C00029,30,6,291529.0,4,3,3,10,Loyal Customers
C05495,12,6,291519.0,5,3,3,11,Loyal Customers
C14592,141,7,291516.0,2,4,3,9,Potential Customers
C10111,1,7,291511.0,5,4,3,12,Loyal Customers
C11084,7,6,291485.5,5,3,3,11,Loyal Customers
C03252,3,7,291464.5,5,4,3,12,Loyal Customers
C19933,3,5,291444.0,5,3,3,11,Loyal Customers
C19400,39,4,291415.0,4,2,3,9,Potential Customers
C07916,25,4,291390.0,4,2,3,9,Potential Customers
C15881,6,2,291338.0,5,1,3,9,Potential Customers
C08714,48,9,291332.0,3,5,3,11,Loyal Customers
C14839,14,7,291321.5,5,4,3,12,Loyal Customers
C13901,45,6,291318.0,3,3,3,9,Potential Customers
C04635,175,6,291316.5,2,3,3,8,Potential Customers
C13399,69,5,291295.0,3,3,3,9,Potential Customers
C17395,8,5,291283.5,5,3,3,11,Loyal Customers
C12270,95,5,291275.5,2,3,3,8,Potential Customers
C02224,65,5,291271.0,3,3,3,9,Potential Customers
C10015,13,7,291256.0,5,4,3,12,Loyal Customers
C11957,108,5,291211.0,2,3,3,8,Potential Customers
C05080,39,5,291172.5,4,3,3,10,Loyal Customers
C08918,20,3,291134.0,4,1,3,8,Potential Customers
C16294,1,5,291126.5,5,3,3,11,Loyal Customers
C16958,43,7,291094.0,3,4,3,10,Loyal Customers
C18643,74,5,291085.5,3,3,3,9,Potential Customers
C04455,70,8,291084.0,3,4,3,10,Loyal Customers
C18740,2,5,291080.5,5,3,3,11,Loyal Customers
C17480,46,9,291073.5,3,5,3,11,Loyal Customers
C14801,37,3,291063.5,4,1,3,8,Potential Customers
C10037,189,3,291014.5,1,1,3,5,At Risk
C08584,2,7,291010.5,5,4,3,12,Loyal Customers
C05711,127,8,290998.5,2,4,3,9,Potential Customers
C00263,60,6,290990.0,3,3,3,9,Potential Customers
C00401,13,7,290972.5,5,4,3,12,Loyal Customers
C02725,180,5,290972.0,2,3,3,8,Potential Customers
C02561,9,7,290936.5,5,4,3,12,Loyal Customers
C06606,24,4,290866.0,4,2,3,9,Potential Customers
C18338,87,6,290855.5,2,3,3,8,Potential Customers
C11572,54,6,290849.5,3,3,3,9,Potential Customers
C16169,8,5,290820.0,5,3,3,11,Loyal Customers
C13438,99,7,290772.5,2,4,3,9,Potential Customers
C17577,57,7,290706.0,3,4,3,10,Loyal Customers
C00614,85,5,290691.0,2,3,3,8,Potential Customers
C13889,24,6,290596.0,4,3,3,10,Loyal Customers
C11603,9,7,290575.0,5,4,3,12,Loyal Customers
C17553,18,5,290563.5,4,3,3,10,Loyal Customers
C12950,18,5,290555.0,4,3,3,10,Loyal Customers
C18516,134,5,290523.0,2,3,3,8,Potential Customers
C19127,14,7,290513.5,5,4,3,12,Loyal Customers
C00899,11,4,290449.0,5,2,3,10,Loyal Customers
C04709,3,11,290423.0,5,5,3,13,Champions
C04262,4,8,290397.5,5,4,3,12,Loyal Customers
C09755,10,3,290380.0,5,1,3,9,Potential Customers
C15242,60,5,290337.5,3,3,3,9,Potential Customers
C12845,14,6,290323.0,5,3,3,11,Loyal Customers
C01122,5,9,290302.0,5,5,3,13,Champions
C05528,13,5,290287.0,5,3,3,11,Loyal Customers
C02208,15,5,290271.5,5,3,3,11,Loyal Customers
C13047,100,7,290262.0,2,4,3,9,Potential Customers
C17820,70,4,290219.5,3,2,3,8,Potential Customers
C01619,57,5,290185.0,3,3,3,9,Potential Customers
C13553,1,4,290163.5,5,2,3,10,Loyal Customers
C06194,118,5,290109.0,2,3,3,8,Potential Customers
C01255,29,5,290102.0,4,3,3,10,Loyal Customers
C05793,115,5,290091.0,2,3,3,8,Potential Customers
C19889,29,7,290091.0,4,4,3,11,Loyal Customers
C09501,51,5,290077.0,3,3,3,9,Potential Customers
C13005,4,7,290056.5,5,4,3,12,Loyal Customers
C01840,59,6,290053.0,3,3,3,9,Potential Customers
C16302,10,8,290027.0,5,4,3,12,Loyal Customers
C10559,7,7,290023.5,5,4,3,12,Loyal Customers
C18509,36,6,290009.5,4,3,3,10,Loyal Customers
C05963,3,5,290003.5,5,3,3,11,Loyal Customers
C16068,1,5,289918.5,5,3,3,11,Loyal Customers
C01368,92,3,289833.5,2,1,3,6,At Risk
C00901,122,6,289809.0,2,3,3,8,Potential Customers
C10533,27,6,289787.5,4,3,3,10,Loyal Customers
C19465,23,2,289755.5,4,1,3,8,Potential Customers
C11385,174,6,289754.5,2,3,3,8,Potential Customers
C05583,101,5,289680.0,2,3,3,8,Potential Customers
C18154,143,5,289648.0,2,3,3,8,Potential Customers
C13312,7,8,289623.5,5,4,3,12,Loyal Customers
C15819,9,6,289591.5,5,3,3,11,Loyal Customers
C07662,74,6,289578.5,3,3,3,9,Potential Customers
C08978,85,4,289566.5,2,2,3,7,Potential Customers
C04657,29,5,289523.5,4,3,3,10,Loyal Customers
C08693,170,6,289510.0,2,3,3,8,Potential Customers
C17618,94,5,289482.0,2,3,3,8,Potential Customers
C17793,1,4,289443.0,5,2,3,10,Loyal Customers
C09348,13,5,289429.0,5,3,3,11,Loyal Customers
C17217,48,5,289395.0,3,3,3,9,Potential Customers
C03602,33,5,289386.0,4,3,3,10,Loyal Customers
C18358,27,5,289338.0,4,3,3,10,Loyal Customers
C06013,37,7,289325.5,4,4,3,11,Loyal Customers
C02006,33,5,289275.0,4,3,3,10,Loyal Customers
C14379,19,4,289240.0,4,2,3,9,Potential Customers
C11330,44,7,289235.5,3,4,3,10,Loyal Customers
C03991,35,9,289124.5,4,5,3,12,Loyal Customers
C12715,28,5,289105.5,4,3,3,10,Loyal Customers
C10975,84,8,289010.0,2,4,3,9,Potential Customers
C19099,1,8,288949.5,5,4,3,12,Loyal Customers
C08666,45,4,288944.5,3,2,3,8,Potential Customers
C16495,39,8,288940.0,4,4,3,11,Loyal Customers
C02099,84,8,288900.0,2,4,3,9,Potential Customers
C13484,37,7,288876.5,4,4,3,11,Loyal Customers
C05533,310,5,288817.5,1,3,3,7,Potential Customers
C01166,1,6,288806.5,5,3,3,11,Loyal Customers
C07157,11,6,288797.5,5,3,3,11,Loyal Customers
C13245,34,10,288756.5,4,5,3,12,Loyal Customers
C18550,29,7,288738.0,4,4,3,11,Loyal Customers
C08445,2,6,288728.0,5,3,3,11,Loyal Customers
C13110,1,5,288715.5,5,3,3,11,Loyal Customers
C11811,52,5,288563.0,3,3,3,9,Potential Customers
C06324,137,6,288531.0,2,3,3,8,Potential Customers
C05567,106,6,288465.0,2,3,3,8,Potential Customers
C16140,6,3,288464.0,5,1,3,9,Potential Customers
C11716,2,8,288380.0,5,4,3,12,Loyal Customers
C16604,2,5,288374.0,5,3,3,11,Loyal Customers
C01877,326,4,288354.5,1,2,3,6,At Risk
C17749,12,6,288335.0,5,3,3,11,Loyal Customers
C00167,9,5,288335.0,5,3,3,11,Loyal Customers
C15386,182,7,288312.5,1,4,3,8,Potential Customers
C11428,38,6,288308.5,4,3,3,10,Loyal Customers
C19660,43,4,288255.0,3,2,3,8,Potential Customers
C16629,64,5,288247.0,3,3,3,9,Potential Customers
C18488,35,7,288245.0,4,4,3,11,Loyal Customers
C08384,24,8,288205.0,4,4,3,11,Loyal Customers
C05899,10,3,288139.0,5,1,3,9,Potential Customers
C02126,41,8,288114.5,3,4,3,10,Loyal Customers
C07292,12,4,288111.5,5,2,3,10,Loyal Customers
C05296,25,6,288101.0,4,3,3,10,Loyal Customers
C19575,159,6,288029.5,2,3,3,8,Potential Customers
C14404,136,1,288015.0,2,1,3,6,At Risk
C11519,19,3,287984.5,4,1,3,8,Potential Customers
C07839,91,6,287968.5,2,3,3,8,Potential Customers
C13113,2,5,287953.0,5,3,3,11,Loyal Customers
C13297,47,6,287924.0,3,3,3,9,Potential Customers
C04501,238,6,287893.5,1,3,3,7,Potential Customers
C03752,99,8,287881.0,2,4,3,9,Potential Customers
C03020,135,6,287875.5,2,3,3,8,Potential Customers
C15627,14,5,287863.0,5,3,3,11,Loyal Customers
C14025,17,7,287857.0,5,4,3,12,Loyal Customers
C04163,169,4,287849.5,2,2,3,7,Potential Customers
C18844,2,5,287834.5,5,3,3,11,Loyal Customers
C12029,59,4,287805.5,3,2,3,8,Potential Customers
C13201,30,4,287767.5,4,2,3,9,Potential Customers
C03075,12,6,287744.0,5,3,3,11,Loyal Customers
C04721,67,4,287737.5,3,2,3,8,Potential Customers
C07518,39,8,287721.0,4,4,3,11,Loyal Customers
C10456,166,4,287690.5,2,2,3,7,Potential Customers
C15971,122,5,287667.0,2,3,3,8,Potential Customers
C06808,15,6,287623.5,5,3,3,11,Loyal Customers
C14245,12,8,287610.0,5,4,3,12,Loyal Customers
C09845,10,3,287603.5,5,1,3,9,Potential Customers
C12410,49,3,287598.0,3,1,3,7,Potential Customers
C04782,5,10,287588.0,5,5,3,13,Champions
C10461,38,6,287567.0,4,3,3,10,Loyal Customers
C10732,9,6,287555.0,5,3,3,11,Loyal Customers
C06803,43,3,287547.5,3,1,3,7,Potential Customers
C01953,6,5,287523.5,5,3,3,11,Loyal Customers
C08411,30,4,287504.5,4,2,3,9,Potential Customers
C02227,61,6,287495.5,3,3,3,9,Potential Customers
C19672,83,5,287456.5,2,3,3,8,Potential Customers
C12648,20,3,287455.0,4,1,3,8,Potential Customers
C12615,14,5,287444.0,5,3,3,11,Loyal Customers
C00986,88,5,287402.5,2,3,3,8,Potential Customers
C17304,122,7,287385.0,2,4,3,9,Potential Customers
C09581,134,6,287384.5,2,3,3,8,Potential Customers
C06780,4,5,287375.5,5,3,3,11,Loyal Customers
C00447,3,6,287371.0,5,3,3,11,Loyal Customers
C15671,54,1,287350.5,3,1,3,7,Potential Customers
C03613,49,9,287338.5,3,5,3,11,Loyal Customers
C05458,30,3,287316.0,4,1,3,8,Potential Customers
C06779,251,5,287301.0,1,3,3,7,Potential Customers
C13177,139,4,287299.5,2,2,3,7,Potential Customers
C05140,6,4,287293.0,5,2,3,10,Loyal Customers
C13140,62,4,287244.0,3,2,3,8,Potential Customers
C02247,16,6,287221.5,5,3,3,11,Loyal Customers
C04656,1,7,287215.5,5,4,3,12,Loyal Customers
C16211,25,5,287192.5,4,3,3,10,Loyal Customers
C02445,33,5,287178.5,4,3,3,10,Loyal Customers
C05545,94,5,287145.5,2,3,3,8,Potential Customers
C17557,7,5,287125.0,5,3,3,11,Loyal Customers
C12220,13,7,287084.0,5,4,3,12,Loyal Customers
C14638,14,4,287057.5,5,2,3,10,Loyal Customers
C13949,120,7,287003.5,2,4,3,9,Potential Customers
C18428,46,5,286981.0,3,3,3,9,Potential Customers
C03101,5,8,286964.0,5,4,3,12,Loyal Customers
C04273,4,6,286933.5,5,3,3,11,Loyal Customers
C18587,1,8,286916.5,5,4,3,12,Loyal Customers
C04336,82,9,286879.5,2,5,3,10,Loyal Customers
C17441,55,9,286866.5,3,5,3,11,Loyal Customers
C06991,3,5,286820.5,5,3,3,11,Loyal Customers
C11128,16,4,286812.5,5,2,3,10,Loyal Customers
C08233,138,8,286766.0,2,4,3,9,Potential Customers
C17348,25,8,286749.0,4,4,3,11,Loyal Customers
C17531,26,5,286734.0,4,3,3,10,Loyal Customers
C06904,286,4,286688.5,1,2,3,6,At Risk
C03262,72,6,286678.0,3,3,3,9,Potential Customers
C13037,4,9,286655.5,5,5,3,13,Champions
C06901,76,5,286651.0,3,3,3,9,Potential Customers
C17063,123,4,286587.0,2,2,3,7,Potential Customers
C18256,409,6,286552.0,1,3,3,7,Potential Customers
C01543,101,2,286520.0,2,1,3,6,At Risk
C01859,3,5,286474.5,5,3,3,11,Loyal Customers
C05066,20,6,286469.0,4,3,3,10,Loyal Customers
C15001,23,6,286450.5,4,3,3,10,Loyal Customers
C12933,12,6,286425.0,5,3,3,11,Loyal Customers
C00249,22,8,286412.5,4,4,3,11,Loyal Customers
C05263,22,4,286411.5,4,2,3,9,Potential Customers
C03476,8,6,286395.0,5,3,3,11,Loyal Customers
C05765,43,5,286377.0,3,3,3,9,Potential Customers
C01423,40,5,286261.0,3,3,3,9,Potential Customers
C11393,231,6,286238.5,1,3,3,7,Potential Customers
C11017,75,5,286158.0,3,3,3,9,Potential Customers
C14016,96,6,286155.0,2,3,3,8,Potential Customers
C02316,50,6,286144.5,3,3,3,9,Potential Customers
C16467,76,7,286114.0,3,4,3,10,Loyal Customers
C14793,3,3,286083.0,5,1,3,9,Potential Customers
C00050,1,7,286060.5,5,4,3,12,Loyal Customers
C10073,106,5,286019.0,2,3,3,8,Potential Customers
C05678,47,6,285982.5,3,3,3,9,Potential Customers
C00120,20,8,285978.0,4,4,3,11,Loyal Customers
C13640,3,5,285970.5,5,3,3,11,Loyal Customers
C08795,107,6,285953.0,2,3,3,8,Potential Customers
C18091,48,5,285907.0,3,3,3,9,Potential Customers
C00486,19,7,285896.0,4,4,3,11,Loyal Customers
C16636,14,7,285766.5,5,4,3,12,Loyal Customers
C04652,5,7,285759.0,5,4,3,12,Loyal Customers
C17722,324,6,285722.5,1,3,3,7,Potential Customers
C07055,87,5,285708.5,2,3,3,8,Potential Customers
C18834,281,5,285701.5,1,3,3,7,Potential Customers
C13560,18,6,285688.0,4,3,3,10,Loyal Customers
C01553,66,5,285676.5,3,3,3,9,Potential Customers
C05273,2,7,285667.0,5,4,3,12,Loyal Customers
C04270,65,4,285658.0,3,2,3,8,Potential Customers
C07815,16,6,285653.0,5,3,3,11,Loyal Customers
C04947,21,6,285626.0,4,3,3,10,Loyal Customers
C06170,1,6,285601.5,5,3,3,11,Loyal Customers
C19968,76,6,285591.5,3,3,3,9,Potential Customers
C18369,1,5,285571.5,5,3,3,11,Loyal Customers
C05383,14,7,285568.5,5,4,3,12,Loyal Customers
C08299,1,6,285548.5,5,3,3,11,Loyal Customers
C00054,16,7,285497.0,5,4,3,12,Loyal Customers
C08929,288,3,285492.5,1,1,3,5,At Risk
C05585,70,3,285475.5,3,1,3,7,Potential Customers
C03490,5,6,285473.5,5,3,3,11,Loyal Customers
C12330,4,7,285456.0,5,4,3,12,Loyal Customers
C18439,10,7,285426.5,5,4,3,12,Loyal Customers
C16251,91,3,285415.0,2,1,3,6,At Risk
C04395,31,4,285414.5,4,2,3,9,Potential Customers
C19230,25,6,285407.5,4,3,3,10,Loyal Customers
C15430,7,6,285404.0,5,3,3,11,Loyal Customers
C19562,112,6,285400.0,2,3,3,8,Potential Customers
C07730,3,5,285375.0,5,3,3,11,Loyal Customers
C03512,50,7,285360.5,3,4,3,10,Loyal Customers
C14295,15,6,285331.5,5,3,3,11,Loyal Customers
C18978,16,5,285283.5,5,3,3,11,Loyal Customers
C19546,19,8,285238.0,4,4,3,11,Loyal Customers
C11364,44,7,285200.0,3,4,3,10,Loyal Customers
C10548,17,4,285117.5,5,2,3,10,Loyal Customers
C14157,201,6,285113.5,1,3,3,7,Potential Customers
C13230,91,6,285084.5,2,3,3,8,Potential Customers
C01711,13,7,285084.5,5,4,3,12,Loyal Customers
C13744,46,8,285062.0,3,4,3,10,Loyal Customers
C08715,5,8,285041.0,5,4,3,12,Loyal Customers
C05742,39,5,284981.0,4,3,3,10,Loyal Customers
C09766,14,5,284977.0,5,3,3,11,Loyal Customers
C00662,26,3,284914.0,4,1,3,8,Potential Customers
C09814,79,4,284898.5,3,2,3,8,Potential Customers
C12491,98,4,284840.5,2,2,3,7,Potential Customers
C09456,1,5,284824.0,5,3,3,11,Loyal Customers
C14572,171,6,284780.5,2,3,3,8,Potential Customers
C03320,115,6,284740.5,2,3,3,8,Potential Customers
C15720,10,6,284718.0,5,3,3,11,Loyal Customers
C18288,8,4,284695.0,5,2,3,10,Loyal Customers
C05018,2,7,284687.5,5,4,3,12,Loyal Customers
C12523,42,7,284644.5,3,4,3,10,Loyal Customers
C15071,37,5,284620.5,4,3,3,10,Loyal Customers
C15434,4,5,284610.0,5,3,3,11,Loyal Customers
C17586,88,7,284559.5,2,4,3,9,Potential Customers
C11129,12,4,284557.0,5,2,3,10,Loyal Customers
C09066,83,6,284537.5,2,3,3,8,Potential Customers
C00757,61,3,284441.5,3,1,3,7,Potential Customers
C19197,17,5,284435.5,5,3,3,11,Loyal Customers
C05059,54,2,284404.5,3,1,3,7,Potential Customers
C02921,311,4,284394.5,1,2,3,6,At Risk
C16190,98,5,284371.0,2,3,3,8,Potential Customers
C08830,64,5,284370.5,3,3,3,9,Potential Customers
C05876,189,4,284268.0,1,2,3,6,At Risk
C07773,165,6,284264.0,2,3,3,8,Potential Customers
C13497,44,6,284263.0,3,3,3,9,Potential Customers
C08331,15,5,284210.5,5,3,3,11,Loyal Customers
C05250,1,4,284175.0,5,2,3,10,Loyal Customers
C06362,91,4,284162.0,2,2,3,7,Potential Customers
C04011,126,5,284135.0,2,3,3,8,Potential Customers
C09705,14,6,284122.0,5,3,3,11,Loyal Customers
C01116,46,8,284055.0,3,4,3,10,Loyal Customers
C15246,12,6,283983.0,5,3,3,11,Loyal Customers
C05905,13,6,283965.5,5,3,3,11,Loyal Customers
C05457,4,4,283885.5,5,2,3,10,Loyal Customers
C07832,3,8,283865.0,5,4,3,12,Loyal Customers
C07380,338,5,283849.0,1,3,3,7,Potential Customers
C15059,20,4,283798.5,4,2,3,9,Potential Customers
C03173,8,4,283797.0,5,2,3,10,Loyal Customers
C01106,9,4,283754.0,5,2,3,10,Loyal Customers
C00776,12,7,283743.5,5,4,3,12,Loyal Customers
C09706,185,5,283739.5,1,3,3,7,Potential Customers
C09212,89,3,283720.5,2,1,3,6,At Risk
C05542,91,2,283630.5,2,1,3,6,At Risk
C16535,45,5,283615.5,3,3,3,9,Potential Customers
C06097,40,9,283599.0,3,5,3,11,Loyal Customers
C01050,110,5,283596.5,2,3,3,8,Potential Customers
C04772,72,6,283588.5,3,3,3,9,Potential Customers
C13310,56,4,283574.0,3,2,3,8,Potential Customers
C14567,101,5,283570.0,2,3,3,8,Potential Customers
C17935,1,3,283566.5,5,1,3,9,Potential Customers
C15900,17,5,283525.5,5,3,3,11,Loyal Customers
C11077,148,4,283486.0,2,2,3,7,Potential Customers
C06486,98,8,283460.5,2,4,3,9,Potential Customers
C15458,213,4,283375.5,1,2,3,6,At Risk
C04412,79,6,283351.0,3,3,3,9,Potential Customers
C07792,33,4,283339.5,4,2,3,9,Potential Customers
C09728,19,6,283324.0,4,3,3,10,Loyal Customers
C14953,1,8,283293.5,5,4,3,12,Loyal Customers
C14848,158,7,283236.5,2,4,3,9,Potential Customers
C00836,6,7,283222.5,5,4,3,12,Loyal Customers
C02310,7,3,283153.0,5,1,3,9,Potential Customers
C00251,174,5,283133.5,2,3,3,8,Potential Customers
C05461,134,5,283101.0,2,3,3,8,Potential Customers
C04588,7,7,283048.5,5,4,3,12,Loyal Customers
C19282,97,5,283039.0,2,3,3,8,Potential Customers
C05171,11,5,283025.5,5,3,3,11,Loyal Customers
C01123,3,5,283008.0,5,3,3,11,Loyal Customers
C01977,31,6,282972.0,4,3,3,10,Loyal Customers
C01560,145,6,282957.5,2,3,3,8,Potential Customers
C01685,73,5,282957.5,3,3,3,9,Potential Customers
C03097,18,7,282957.0,4,4,3,11,Loyal Customers
C03070,6,5,282951.5,5,3,3,11,Loyal Customers
C08648,19,5,282945.0,4,3,3,10,Loyal Customers
C06552,3,4,282916.0,5,2,3,10,Loyal Customers
C12932,10,6,282868.0,5,3,3,11,Loyal Customers
C00463,3,4,282839.5,5,2,3,10,Loyal Customers
C03435,92,8,282789.0,2,4,3,9,Potential Customers
C07359,103,4,282748.5,2,2,3,7,Potential Customers
C13363,27,6,282737.5,4,3,3,10,Loyal Customers
C17812,10,4,282734.5,5,2,3,10,Loyal Customers
C10943,28,6,282728.0,4,3,3,10,Loyal Customers
C13358,4,5,282653.0,5,3,3,11,Loyal Customers
C16002,51,6,282621.0,3,3,3,9,Potential Customers
C11471,119,4,282603.5,2,2,3,7,Potential Customers
C10240,133,5,282587.0,2,3,3,8,Potential Customers
C01801,20,4,282503.5,4,2,3,9,Potential Customers
C06523,7,4,282474.5,5,2,3,10,Loyal Customers
C08115,4,6,282466.0,5,3,3,11,Loyal Customers
C11133,197,5,282402.5,1,3,3,7,Potential Customers
C11193,153,3,282362.0,2,1,3,6,At Risk
C16551,26,4,282339.5,4,2,3,9,Potential Customers
C07804,46,4,282320.0,3,2,3,8,Potential Customers
C10022,58,5,282313.0,3,3,3,9,Potential Customers
C18146,57,6,282297.5,3,3,3,9,Potential Customers
C05402,2,6,282278.5,5,3,3,11,Loyal Customers
C10074,81,5,282260.0,2,3,3,8,Potential Customers
C17202,8,6,282249.5,5,3,3,11,Loyal Customers
C04966,25,3,282244.0,4,1,3,8,Potential Customers
C06266,27,5,282234.5,4,3,3,10,Loyal Customers
C03250,251,4,282134.5,1,2,3,6,At Risk
C00150,6,7,282089.0,5,4,3,12,Loyal Customers
C09519,72,5,282042.5,3,3,3,9,Potential Customers
C05904,75,5,282014.0,3,3,3,9,Potential Customers
C13704,156,8,281994.0,2,4,3,9,Potential Customers
C04994,11,4,281992.0,5,2,3,10,Loyal Customers
C03658,64,5,281965.0,3,3,3,9,Potential Customers
C16009,151,6,281948.0,2,3,3,8,Potential Customers
C04789,31,6,281904.0,4,3,3,10,Loyal Customers
C12518,129,5,281891.5,2,3,3,8,Potential Customers
C08326,11,7,281889.5,5,4,3,12,Loyal Customers
C16933,130,2,281876.0,2,1,3,6,At Risk
C18035,28,3,281839.0,4,1,3,8,Potential Customers
C00133,56,5,281828.0,3,3,3,9,Potential Customers
C04241,28,5,281824.0,4,3,3,10,Loyal Customers
C18497,9,3,281815.5,5,1,3,9,Potential Customers
C05656,7,7,281812.0,5,4,3,12,Loyal Customers
C03543,36,4,281706.5,4,2,3,9,Potential Customers
C15840,165,4,281686.0,2,2,3,7,Potential Customers
C16334,8,7,281671.0,5,4,3,12,Loyal Customers
C05735,18,8,281667.5,4,4,3,11,Loyal Customers
C01154,7,3,281663.5,5,1,3,9,Potential Customers
C19533,9,4,281656.5,5,2,3,10,Loyal Customers
C13530,1,8,281620.0,5,4,3,12,Loyal Customers
C05724,23,10,281585.5,4,5,3,12,Loyal Customers
C17406,22,3,281571.5,4,1,3,8,Potential Customers
C09144,19,7,281559.5,4,4,3,11,Loyal Customers
C16210,38,5,281549.0,4,3,3,10,Loyal Customers
C12962,55,3,281529.5,3,1,3,7,Potential Customers
C12429,69,9,281496.5,3,5,3,11,Loyal Customers
C10822,6,6,281473.0,5,3,3,11,Loyal Customers
C01425,1,4,281428.0,5,2,3,10,Loyal Customers
C15996,4,5,281423.5,5,3,3,11,Loyal Customers
C17899,53,5,281393.0,3,3,3,9,Potential Customers
C06645,318,4,281374.0,1,2,3,6,At Risk
C13412,21,6,281353.0,4,3,3,10,Loyal Customers
C15734,57,5,281350.0,3,3,3,9,Potential Customers
C07516,3,9,281345.0,5,5,3,13,Champions
C06268,167,4,281315.0,2,2,3,7,Potential Customers
C03712,9,6,281261.5,5,3,3,11,Loyal Customers
C11367,25,4,281259.5,4,2,3,9,Potential Customers
C07235,70,6,281244.0,3,3,3,9,Potential Customers
C06629,64,5,281242.0,3,3,3,9,Potential Customers
C02773,1,4,281184.0,5,2,3,10,Loyal Customers
C08507,35,7,281180.5,4,4,3,11,Loyal Customers
C11550,37,6,281109.0,4,3,3,10,Loyal Customers
C16430,154,2,281087.5,2,1,3,6,At Risk
C13883,22,3,281074.0,4,1,3,8,Potential Customers
C15870,70,8,281062.5,3,4,3,10,Loyal Customers
C01790,81,6,281056.0,2,3,3,8,Potential Customers
C00789,51,5,281048.0,3,3,3,9,Potential Customers
C13976,2,9,281026.5,5,5,3,13,Champions
C19133,150,4,280970.5,2,2,3,7,Potential Customers
C05048,108,9,280944.0,2,5,3,10,Loyal Customers
C18417,160,5,280931.0,2,3,3,8,Potential Customers
C08142,2,8,280930.0,5,4,3,12,Loyal Customers
C14943,109,6,280925.0,2,3,3,8,Potential Customers
C11098,16,5,280919.5,5,3,3,11,Loyal Customers
C13454,52,7,280919.0,3,4,3,10,Loyal Customers
C11288,14,3,280919.0,5,1,3,9,Potential Customers
C13257,3,6,280916.5,5,3,3,11,Loyal Customers
C01350,51,3,280915.0,3,1,3,7,Potential Customers
C12252,13,6,280849.0,5,3,3,11,Loyal Customers
C15951,283,5,280837.0,1,3,3,7,Potential Customers
C04158,12,8,280748.0,5,4,3,12,Loyal Customers
C08388,34,2,280740.0,4,1,3,8,Potential Customers
C02843,80,6,280714.5,2,3,3,8,Potential Customers
C06365,11,8,280709.5,5,4,3,12,Loyal Customers
C03653,12,6,280707.5,5,3,3,11,Loyal Customers
C04981,18,8,280656.0,4,4,3,11,Loyal Customers
C12685,147,4,280653.0,2,2,3,7,Potential Customers
C00987,61,9,280636.0,3,5,3,11,Loyal Customers
C10981,357,4,280634.0,1,2,3,6,At Risk
C18465,160,5,280516.5,2,3,3,8,Potential Customers
C10855,33,5,280508.0,4,3,3,10,Loyal Customers
C09921,67,7,280505.5,3,4,3,10,Loyal Customers
C01890,169,3,280465.0,2,1,3,6,At Risk
C10854,26,8,280462.5,4,4,3,11,Loyal Customers
C06538,290,4,280462.0,1,2,3,6,At Risk
C12393,17,3,280454.0,5,1,3,9,Potential Customers
C06204,55,4,280424.0,3,2,3,8,Potential Customers
C15927,161,5,280406.5,2,3,3,8,Potential Customers
C02946,22,6,280388.0,4,3,3,10,Loyal Customers
C15787,11,6,280388.0,5,3,3,11,Loyal Customers
C05610,1,7,280380.5,5,4,3,12,Loyal Customers
C05088,87,5,280364.0,2,3,3,8,Potential Customers
C15656,11,8,280343.5,5,4,3,12,Loyal Customers
C14614,60,5,280295.5,3,3,3,9,Potential Customers
C13112,47,5,280232.0,3,3,3,9,Potential Customers
C00734,137,7,280217.5,2,4,3,9,Potential Customers
C05776,21,5,280206.5,4,3,3,10,Loyal Customers
C11494,55,8,280198.5,3,4,3,10,Loyal Customers
C10008,86,4,280185.5,2,2,3,7,Potential Customers
C02434,40,7,280117.0,3,4,3,10,Loyal Customers
C10637,57,7,280096.5,3,4,3,10,Loyal Customers
C09698,6,9,280096.5,5,5,3,13,Champions
C15283,24,10,280014.5,4,5,3,12,Loyal Customers
C00939,99,7,279965.0,2,4,3,9,Potential Customers
C00350,57,8,279932.0,3,4,3,10,Loyal Customers
C01876,19,3,279920.5,4,1,3,8,Potential Customers
C15327,3,7,279916.0,5,4,3,12,Loyal Customers
C06395,62,7,279907.0,3,4,3,10,Loyal Customers
C13445,59,7,279888.0,3,4,3,10,Loyal Customers
C17130,51,6,279887.5,3,3,3,9,Potential Customers
C03337,74,7,279849.5,3,4,3,10,Loyal Customers
C07803,143,6,279839.5,2,3,3,8,Potential Customers
C07018,314,1,279834.0,1,1,3,5,At Risk
C10479,25,5,279819.5,4,3,3,10,Loyal Customers
C15337,2,6,279786.5,5,3,3,11,Loyal Customers
C12589,24,6,279776.5,4,3,3,10,Loyal Customers
C19918,10,7,279761.0,5,4,3,12,Loyal Customers
C10137,6,6,279740.5,5,3,3,11,Loyal Customers
C10168,104,7,279728.5,2,4,3,9,Potential Customers
C11762,19,6,279723.5,4,3,3,10,Loyal Customers
C07321,2,7,279699.5,5,4,3,12,Loyal Customers
C12855,95,7,279655.5,2,4,3,9,Potential Customers
C12661,59,6,279655.5,3,3,3,9,Potential Customers
C00659,139,6,279638.5,2,3,3,8,Potential Customers
C10446,157,3,279597.5,2,1,3,6,At Risk
C05863,47,7,279578.5,3,4,3,10,Loyal Customers
C05565,41,5,279574.5,3,3,3,9,Potential Customers
C15018,1,6,279564.0,5,3,3,11,Loyal Customers
C19871,12,7,279387.0,5,4,3,12,Loyal Customers
C17804,14,5,279292.0,5,3,3,11,Loyal Customers
C09631,4,4,279248.5,5,2,3,10,Loyal Customers
C16006,1,5,279178.5,5,3,3,11,Loyal Customers
C11521,49,3,279155.0,3,1,3,7,Potential Customers
C02688,11,5,279126.5,5,3,3,11,Loyal Customers
C11587,84,6,279119.5,2,3,3,8,Potential Customers
C00646,5,6,279099.0,5,3,3,11,Loyal Customers
C02947,61,5,279087.5,3,3,3,9,Potential Customers
C17528,96,7,279075.5,2,4,3,9,Potential Customers
C15037,92,5,279065.5,2,3,3,8,Potential Customers
C07241,7,4,279048.0,5,2,3,10,Loyal Customers
C14605,218,5,279022.5,1,3,3,7,Potential Customers
C03994,114,4,279011.5,2,2,3,7,Potential Customers
C17008,158,4,278999.0,2,2,3,7,Potential Customers
C18271,9,6,278990.5,5,3,3,11,Loyal Customers
C14628,62,6,278925.0,3,3,3,9,Potential Customers
C07346,37,6,278899.0,4,3,3,10,Loyal Customers
C10904,7,5,278871.5,5,3,3,11,Loyal Customers
C05435,1,5,278848.0,5,3,3,11,Loyal Customers
C04495,97,7,278827.0,2,4,3,9,Potential Customers
C03848,32,4,278816.5,4,2,3,9,Potential Customers
C16830,74,7,278797.0,3,4,3,10,Loyal Customers
C06471,6,4,278760.0,5,2,3,10,Loyal Customers
C09325,21,3,278752.0,4,1,3,8,Potential Customers
C16709,39,5,278720.5,4,3,3,10,Loyal Customers
C05300,69,4,278700.0,3,2,3,8,Potential Customers
C08349,144,7,278691.5,2,4,3,9,Potential Customers
C19609,53,5,278678.0,3,3,3,9,Potential Customers
C19482,9,9,278668.5,5,5,3,13,Champions
C16528,23,6,278641.0,4,3,3,10,Loyal Customers
C12976,127,5,278638.5,2,3,3,8,Potential Customers
C10412,142,2,278610.0,2,1,3,6,At Risk
C18531,1,7,278567.0,5,4,3,12,Loyal Customers
C08231,17,4,278511.5,5,2,3,10,Loyal Customers
C18858,67,6,278431.0,3,3,3,9,Potential Customers
C07771,39,6,278392.0,4,3,3,10,Loyal Customers
C19837,26,5,278364.0,4,3,3,10,Loyal Customers
C11281,131,4,278332.0,2,2,3,7,Potential Customers
C02800,90,5,278328.0,2,3,3,8,Potential Customers
C03308,69,6,278292.0,3,3,3,9,Potential Customers
C00588,12,6,278262.5,5,3,3,11,Loyal Customers
C02984,56,8,278256.0,3,4,3,10,Loyal Customers
C09005,56,7,278242.0,3,4,3,10,Loyal Customers
C11721,297,4,278226.5,1,2,3,6,At Risk
C14990,20,6,278214.5,4,3,3,10,Loyal Customers
C09304,151,5,278213.5,2,3,3,8,Potential Customers
C16813,188,5,278180.0,1,3,3,7,Potential Customers
C10571,2,6,278179.0,5,3,3,11,Loyal Customers
C12760,188,5,278171.5,1,3,3,7,Potential Customers
C16803,161,5,278130.5,2,3,3,8,Potential Customers
C05762,203,6,278128.5,1,3,3,7,Potential Customers
C12071,103,4,278105.0,2,2,3,7,Potential Customers
C06950,19,3,278053.5,4,1,3,8,Potential Customers
C03257,152,2,278051.5,2,1,3,6,At Risk
C03129,37,4,278008.0,4,2,3,9,Potential Customers
C16351,24,3,277961.0,4,1,3,8,Potential Customers
C01628,1,6,277881.5,5,3,3,11,Loyal Customers
C00921,130,7,277851.0,2,4,3,9,Potential Customers
C13600,30,5,277831.0,4,3,3,10,Loyal Customers
C06927,11,5,277807.5,5,3,3,11,Loyal Customers
C07891,130,4,277804.5,2,2,3,7,Potential Customers
C01805,4,6,277804.0,5,3,3,11,Loyal Customers
C19484,24,8,277767.0,4,4,3,11,Loyal Customers
C06522,4,6,277760.5,5,3,3,11,Loyal Customers
C16001,73,6,277754.0,3,3,3,9,Potential Customers
C17654,21,5,277752.5,4,3,3,10,Loyal Customers
C15108,28,5,277736.5,4,3,3,10,Loyal Customers
C07122,32,4,277732.0,4,2,3,9,Potential Customers
C06846,18,4,277728.5,4,2,3,9,Potential Customers
C16610,57,7,277714.5,3,4,3,10,Loyal Customers
C11467,4,5,277694.5,5,3,3,11,Loyal Customers
C10307,72,5,277670.0,3,3,3,9,Potential Customers
C04246,169,7,277655.0,2,4,3,9,Potential Customers
C14808,18,8,277637.5,4,4,3,11,Loyal Customers
C02431,73,4,277616.5,3,2,3,8,Potential Customers
C00593,9,6,277497.5,5,3,3,11,Loyal Customers
C05330,20,5,277463.0,4,3,3,10,Loyal Customers
C05569,30,6,277454.0,4,3,3,10,Loyal Customers
C11474,188,2,277428.0,1,1,3,5,At Risk
C10507,16,8,277427.0,5,4,3,12,Loyal Customers
C04687,26,9,277361.5,4,5,3,12,Loyal Customers
C08452,20,6,277309.5,4,3,3,10,Loyal Customers
C05286,1,5,277294.5,5,3,3,11,Loyal Customers
C17440,42,5,277257.0,3,3,3,9,Potential Customers
C12533,28,1,277245.0,4,1,3,8,Potential Customers
C15821,4,6,277239.5,5,3,3,11,Loyal Customers
C17214,22,10,277178.0,4,5,3,12,Loyal Customers
C12898,126,8,277170.0,2,4,3,9,Potential Customers
C01306,23,5,277158.5,4,3,3,10,Loyal Customers
C18816,28,6,277146.5,4,3,3,10,Loyal Customers
C11971,9,6,277131.5,5,3,3,11,Loyal Customers
C10996,61,4,277114.0,3,2,3,8,Potential Customers
C03699,399,3,277097.0,1,1,3,5,At Risk
C10041,45,5,277086.5,3,3,3,9,Potential Customers
C02495,32,3,277055.5,4,1,3,8,Potential Customers
C09649,13,5,277055.5,5,3,3,11,Loyal Customers
C10191,2,7,276994.0,5,4,3,12,Loyal Customers
C01611,35,4,276990.0,4,2,3,9,Potential Customers
C04208,29,3,276973.5,4,1,3,8,Potential Customers
C12435,18,6,276904.5,4,3,3,10,Loyal Customers
C10286,22,8,276890.5,4,4,3,11,Loyal Customers
C03852,22,7,276881.5,4,4,3,11,Loyal Customers
C14095,43,6,276845.0,3,3,3,9,Potential Customers
C13972,27,7,276811.5,4,4,3,11,Loyal Customers
C09790,120,6,276790.0,2,3,3,8,Potential Customers
C16151,45,6,276785.0,3,3,3,9,Potential Customers
C14873,9,9,276764.0,5,5,3,13,Champions
C04786,25,3,276759.5,4,1,3,8,Potential Customers
C10781,38,6,276754.5,4,3,3,10,Loyal Customers
C08354,240,6,276741.5,1,3,3,7,Potential Customers
C06346,23,7,276734.5,4,4,3,11,Loyal Customers
C02882,38,4,276729.5,4,2,3,9,Potential Customers
C19104,2,6,276729.0,5,3,3,11,Loyal Customers
C08705,1,5,276728.5,5,3,3,11,Loyal Customers
C05396,37,4,276727.0,4,2,3,9,Potential Customers
C18534,47,2,276712.5,3,1,3,7,Potential Customers
C13745,23,4,276696.5,4,2,3,9,Potential Customers
C05874,5,3,276678.5,5,1,3,9,Potential Customers
C02637,25,8,276666.0,4,4,3,11,Loyal Customers
C16262,76,4,276664.0,3,2,3,8,Potential Customers
C06376,34,4,276660.0,4,2,3,9,Potential Customers
C08480,62,5,276642.5,3,3,3,9,Potential Customers
C01540,93,6,276619.0,2,3,3,8,Potential Customers
C11984,42,7,276585.5,3,4,3,10,Loyal Customers
C14121,13,8,276576.5,5,4,3,12,Loyal Customers
C14911,11,7,276571.0,5,4,3,12,Loyal Customers
C07084,26,5,276561.5,4,3,3,10,Loyal Customers
C19998,6,2,276542.0,5,1,3,9,Potential Customers
C12299,5,6,276495.5,5,3,3,11,Loyal Customers
C18410,16,8,276481.0,5,4,3,12,Loyal Customers
C17878,98,6,276477.0,2,3,3,8,Potential Customers
C13991,157,3,276470.0,2,1,3,6,At Risk
C16020,93,7,276469.0,2,4,3,9,Potential Customers
C11014,21,7,276465.5,4,4,3,11,Loyal Customers
C16291,16,5,276447.0,5,3,3,11,Loyal Customers
C03099,25,5,276412.0,4,3,3,10,Loyal Customers
C16237,52,6,276403.0,3,3,3,9,Potential Customers
C00035,36,7,276371.5,4,4,3,11,Loyal Customers
C09737,45,8,276369.5,3,4,3,10,Loyal Customers
C12033,49,6,276364.5,3,3,3,9,Potential Customers
C06892,24,7,276335.5,4,4,3,11,Loyal Customers
C11636,98,7,276324.5,2,4,3,9,Potential Customers
C00327,212,2,276309.5,1,1,3,5,At Risk
C18843,35,8,276287.5,4,4,3,11,Loyal Customers
C08027,129,4,276258.0,2,2,3,7,Potential Customers
C07882,2,7,276240.5,5,4,3,12,Loyal Customers
C10898,5,5,276214.0,5,3,3,11,Loyal Customers
C12854,74,6,276189.5,3,3,3,9,Potential Customers
C01177,89,7,276166.5,2,4,3,9,Potential Customers
C10510,33,6,276162.5,4,3,3,10,Loyal Customers
C18597,66,6,276160.0,3,3,3,9,Potential Customers
C08486,4,4,276155.5,5,2,3,10,Loyal Customers
C01245,167,6,276153.0,2,3,3,8,Potential Customers
C11680,16,8,276129.5,5,4,3,12,Loyal Customers
C17369,53,3,276108.5,3,1,3,7,Potential Customers
C18070,174,5,276092.0,2,3,3,8,Potential Customers
C13778,90,8,276024.0,2,4,3,9,Potential Customers
C19905,19,6,275917.5,4,3,3,10,Loyal Customers
C17075,76,4,275813.5,3,2,3,8,Potential Customers
C13924,17,4,275813.5,5,2,3,10,Loyal Customers
C09306,32,4,275780.0,4,2,3,9,Potential Customers
C12708,99,3,275769.0,2,1,3,6,At Risk
C16088,23,5,275756.5,4,3,3,10,Loyal Customers
C04882,1,5,275709.5,5,3,3,11,Loyal Customers
C19065,15,6,275707.5,5,3,3,11,Loyal Customers
C04239,6,7,275701.5,5,4,3,12,Loyal Customers
C11948,16,7,275689.5,5,4,3,12,Loyal Customers
C01019,49,6,275688.0,3,3,3,9,Potential Customers
C14658,135,5,275634.5,2,3,3,8,Potential Customers
C02172,80,6,275560.5,2,3,3,8,Potential Customers
C14896,43,6,275550.0,3,3,3,9,Potential Customers
C18935,13,12,275546.5,5,5,3,13,Champions
C01046,81,8,275513.0,2,4,3,9,Potential Customers
C00925,10,3,275507.0,5,1,3,9,Potential Customers
C07076,10,4,275486.0,5,2,3,10,Loyal Customers
C15173,58,9,275447.5,3,5,3,11,Loyal Customers
C17117,1,8,275428.5,5,4,3,12,Loyal Customers
C16440,24,7,275420.0,4,4,3,11,Loyal Customers
C11679,11,6,275413.5,5,3,3,11,Loyal Customers
C17261,41,3,275381.5,3,1,3,7,Potential Customers
C09374,84,7,275362.0,2,4,3,9,Potential Customers
C06700,3,9,275329.0,5,5,3,13,Champions
C05704,79,6,275317.0,3,3,3,9,Potential Customers
C18494,70,5,275273.0,3,3,3,9,Potential Customers
C17490,55,5,275249.5,3,3,3,9,Potential Customers
C09245,3,7,275238.0,5,4,3,12,Loyal Customers
C01156,4,6,275236.5,5,3,3,11,Loyal Customers
C19992,96,2,275218.5,2,1,3,6,At Risk
C03846,46,5,275171.5,3,3,3,9,Potential Customers
C02435,39,5,275165.5,4,3,3,10,Loyal Customers
C17502,7,5,275150.0,5,3,3,11,Loyal Customers
C02659,22,5,275071.5,4,3,3,10,Loyal Customers
C01743,4,4,275048.0,5,2,3,10,Loyal Customers
C00222,9,8,275047.0,5,4,3,12,Loyal Customers
C18362,8,6,275039.5,5,3,3,11,Loyal Customers
C14369,153,4,275038.0,2,2,3,7,Potential Customers
C08266,14,3,274982.0,5,1,3,9,Potential Customers
C03606,103,6,274964.5,2,3,3,8,Potential Customers
C05889,134,7,274961.5,2,4,3,9,Potential Customers
C13106,16,6,274927.5,5,3,3,11,Loyal Customers
C03648,63,5,274911.5,3,3,3,9,Potential Customers
C14239,104,4,274908.0,2,2,3,7,Potential Customers
C00844,45,7,274898.5,3,4,3,10,Loyal Customers
C14067,50,4,274847.5,3,2,3,8,Potential Customers
C03067,47,6,274791.5,3,3,3,9,Potential Customers
C12078,117,7,274715.5,2,4,3,9,Potential Customers
C17874,253,6,274707.5,1,3,3,7,Potential Customers
C02639,1,8,274679.0,5,4,3,12,Loyal Customers
C04971,34,5,274665.5,4,3,3,10,Loyal Customers
C19179,17,6,274619.0,5,3,3,11,Loyal Customers
C00656,1,6,274543.0,5,3,3,11,Loyal Customers
C01524,10,8,274509.5,5,4,3,12,Loyal Customers
C15461,22,4,274508.5,4,2,3,9,Potential Customers
C12711,154,4,274500.5,2,2,3,7,Potential Customers
C13199,25,8,274436.5,4,4,3,11,Loyal Customers
C04232,180,4,274407.5,2,2,3,7,Potential Customers
C12499,53,6,274399.5,3,3,3,9,Potential Customers
C04680,13,6,274382.5,5,3,3,11,Loyal Customers
C02810,10,4,274380.0,5,2,3,10,Loyal Customers
C07722,19,5,274359.5,4,3,3,10,Loyal Customers
C10230,8,7,274336.5,5,4,3,12,Loyal Customers
C02253,8,4,274329.5,5,2,3,10,Loyal Customers
C10225,53,4,274325.5,3,2,3,8,Potential Customers
C02185,58,5,274299.5,3,3,3,9,Potential Customers
C02928,21,4,274260.0,4,2,3,9,Potential Customers
C01919,8,6,274257.0,5,3,3,11,Loyal Customers
C01751,69,8,274207.0,3,4,3,10,Loyal Customers
C07955,14,6,274201.5,5,3,3,11,Loyal Customers
C03734,14,8,274189.5,5,4,3,12,Loyal Customers
C11256,30,3,274168.0,4,1,3,8,Potential Customers
C02560,30,5,274095.0,4,3,3,10,Loyal Customers
C13870,140,7,274091.5,2,4,3,9,Potential Customers
C19568,16,7,274090.0,5,4,3,12,Loyal Customers
C13642,9,4,274035.5,5,2,3,10,Loyal Customers
C01239,96,3,274026.0,2,1,3,6,At Risk
C19682,46,7,274008.0,3,4,3,10,Loyal Customers
C11806,44,9,273990.5,3,5,3,11,Loyal Customers
C13627,32,3,273969.0,4,1,3,8,Potential Customers
C03112,26,3,273939.5,4,1,3,8,Potential Customers
C03349,60,3,273897.5,3,1,3,7,Potential Customers
C03817,6,10,273896.0,5,5,3,13,Champions
C00084,125,5,273876.0,2,3,3,8,Potential Customers
C12564,5,6,273862.0,5,3,3,11,Loyal Customers
C17685,90,6,273854.5,2,3,3,8,Potential Customers
C02836,49,4,273841.0,3,2,3,8,Potential Customers
C07755,25,2,273838.5,4,1,3,8,Potential Customers
C01055,443,3,273809.0,1,1,3,5,At Risk
C13974,55,4,273792.5,3,2,3,8,Potential Customers
C04272,180,4,273789.0,2,2,3,7,Potential Customers
C05530,21,7,273779.5,4,4,3,11,Loyal Customers
C17272,71,7,273751.0,3,4,3,10,Loyal Customers
C15194,2,5,273703.5,5,3,3,11,Loyal Customers
C07871,89,6,273700.0,2,3,3,8,Potential Customers
C13586,46,7,273683.5,3,4,3,10,Loyal Customers
C14271,73,4,273670.5,3,2,3,8,Potential Customers
C09556,6,7,273658.0,5,4,3,12,Loyal Customers
C19023,16,7,273651.5,5,4,3,12,Loyal Customers
C08371,44,6,273630.5,3,3,3,9,Potential Customers
C11400,234,4,273594.0,1,2,3,6,At Risk
C16019,10,7,273589.0,5,4,3,12,Loyal Customers
C13160,132,4,273571.5,2,2,3,7,Potential Customers
C08064,13,8,273565.0,5,4,3,12,Loyal Customers
C19121,24,2,273552.5,4,1,3,8,Potential Customers
C19443,131,5,273547.0,2,3,3,8,Potential Customers
C18181,109,8,273530.5,2,4,3,9,Potential Customers
C01027,267,4,273528.5,1,2,3,6,At Risk
C14648,19,6,273526.5,4,3,3,10,Loyal Customers
C09019,120,9,273493.5,2,5,3,10,Loyal Customers
C12542,92,3,273478.5,2,1,3,6,At Risk
C13354,25,5,273460.0,4,3,3,10,Loyal Customers
C04626,118,6,273458.5,2,3,3,8,Potential Customers
C00294,62,5,273418.0,3,3,3,9,Potential Customers
C10604,1,8,273395.0,5,4,3,12,Loyal Customers
C19046,38,4,273382.5,4,2,3,9,Potential Customers
C19896,64,3,273369.5,3,1,3,7,Potential Customers
C11216,104,6,273330.5,2,3,3,8,Potential Customers
C12399,10,6,273329.0,5,3,3,11,Loyal Customers
C02523,6,5,273328.5,5,3,3,11,Loyal Customers
C04751,9,5,273306.5,5,3,3,11,Loyal Customers
C15459,18,5,273292.0,4,3,3,10,Loyal Customers
C06631,3,4,273264.0,5,2,3,10,Loyal Customers
C11247,31,6,273232.5,4,3,3,10,Loyal Customers
C08082,23,4,273209.5,4,2,3,9,Potential Customers
C13984,66,4,273196.5,3,2,3,8,Potential Customers
C13392,27,6,273096.5,4,3,3,10,Loyal Customers
C05693,3,5,273095.5,5,3,3,11,Loyal Customers
C13238,109,6,273060.0,2,3,3,8,Potential Customers
C10454,1,6,273058.5,5,3,3,11,Loyal Customers
C09558,64,5,273050.0,3,3,3,9,Potential Customers
C12939,3,4,273021.5,5,2,3,10,Loyal Customers
C15324,72,6,273001.0,3,3,3,9,Potential Customers
C08742,42,5,272977.5,3,3,3,9,Potential Customers
C19937,8,8,272962.5,5,4,3,12,Loyal Customers
C11578,42,5,272947.5,3,3,3,9,Potential Customers
C06807,30,3,272940.0,4,1,3,8,Potential Customers
C14372,79,5,272844.5,3,3,3,9,Potential Customers
C04365,57,4,272834.0,3,2,3,8,Potential Customers
C07540,118,6,272804.0,2,3,3,8,Potential Customers
C17281,22,5,272788.5,4,3,3,10,Loyal Customers
C08891,30,4,272782.5,4,2,3,9,Potential Customers
C12555,279,3,272776.5,1,1,3,5,At Risk
C10989,222,3,272770.0,1,1,3,5,At Risk
C11164,16,5,272730.0,5,3,3,11,Loyal Customers
C19116,220,3,272677.0,1,1,3,5,At Risk
C14902,30,5,272617.5,4,3,3,10,Loyal Customers
C19218,50,8,272594.0,3,4,3,10,Loyal Customers
C01455,101,5,272582.0,2,3,3,8,Potential Customers
C17765,25,9,272553.5,4,5,3,12,Loyal Customers
C10683,129,6,272546.5,2,3,3,8,Potential Customers
C10374,45,4,272523.5,3,2,3,8,Potential Customers
C13014,2,5,272522.0,5,3,3,11,Loyal Customers
C10063,93,5,272468.5,2,3,3,8,Potential Customers
C15984,72,5,272441.5,3,3,3,9,Potential Customers
C03368,10,5,272405.5,5,3,3,11,Loyal Customers
C01989,51,9,272374.5,3,5,3,11,Loyal Customers
C03953,258,3,272367.0,1,1,3,5,At Risk
C15952,14,7,272350.5,5,4,3,12,Loyal Customers
C18676,75,3,272322.0,3,1,3,7,Potential Customers
C09589,42,4,272254.5,3,2,3,8,Potential Customers
C07102,41,6,272244.0,3,3,3,9,Potential Customers
C05104,133,2,272232.0,2,1,3,6,At Risk
C13905,314,6,272221.5,1,3,3,7,Potential Customers
C13266,12,3,272209.0,5,1,3,9,Potential Customers
C01907,16,7,272207.0,5,4,3,12,Loyal Customers
C01124,160,5,272196.0,2,3,3,8,Potential Customers
C10695,33,5,272176.0,4,3,3,10,Loyal Customers
C06530,16,4,272172.5,5,2,3,10,Loyal Customers
C04526,96,5,272170.5,2,3,3,8,Potential Customers
C15607,46,6,272162.0,3,3,3,9,Potential Customers
C02472,33,7,272141.5,4,4,3,11,Loyal Customers
C13741,31,6,272098.0,4,3,3,10,Loyal Customers
C01961,10,6,272083.5,5,3,3,11,Loyal Customers
C16085,7,5,272050.0,5,3,3,11,Loyal Customers
C05223,38,3,271980.0,4,1,3,8,Potential Customers
C10401,263,4,271944.0,1,2,3,6,At Risk
C06231,8,6,271927.5,5,3,3,11,Loyal Customers
C11269,27,4,271912.5,4,2,3,9,Potential Customers
C08525,128,3,271894.0,2,1,3,6,At Risk
C15724,1,10,271884.0,5,5,3,13,Champions
C11599,126,9,271875.0,2,5,3,10,Loyal Customers
C04403,115,5,271873.5,2,3,3,8,Potential Customers
C09330,2,4,271870.5,5,2,3,10,Loyal Customers
C05514,329,3,271869.0,1,1,3,5,At Risk
C17129,81,7,271808.5,2,4,3,9,Potential Customers
C09168,21,4,271804.5,4,2,3,9,Potential Customers
C00449,113,6,271783.0,2,3,3,8,Potential Customers
C00653,10,3,271723.5,5,1,3,9,Potential Customers
C13662,2,9,271711.0,5,5,3,13,Champions
C10341,23,10,271702.0,4,5,3,12,Loyal Customers
C04261,76,3,271700.5,3,1,3,7,Potential Customers
C11178,65,4,271692.5,3,2,3,8,Potential Customers
C18021,31,9,271689.5,4,5,3,12,Loyal Customers
C15369,59,6,271684.5,3,3,3,9,Potential Customers
C13574,22,5,271672.5,4,3,3,10,Loyal Customers
C03843,4,3,271660.0,5,1,3,9,Potential Customers
C12374,107,4,271644.0,2,2,3,7,Potential Customers
C05671,3,8,271614.0,5,4,3,12,Loyal Customers
C16940,87,5,271608.5,2,3,3,8,Potential Customers
C05764,19,7,271583.0,4,4,3,11,Loyal Customers
C02541,56,9,271529.0,3,5,3,11,Loyal Customers
C04143,141,7,271525.0,2,4,3,9,Potential Customers
C02328,56,4,271521.5,3,2,3,8,Potential Customers
C14117,33,5,271512.5,4,3,3,10,Loyal Customers
C04016,54,6,271511.0,3,3,3,9,Potential Customers
C07378,20,4,271505.5,4,2,3,9,Potential Customers
C06903,40,6,271450.5,3,3,3,9,Potential Customers
C17033,112,4,271434.0,2,2,3,7,Potential Customers
C03772,1,3,271425.5,5,1,3,9,Potential Customers
C04758,84,7,271423.0,2,4,3,9,Potential Customers
C06364,84,6,271413.5,2,3,3,8,Potential Customers
C01666,17,8,271397.5,5,4,3,12,Loyal Customers
C17503,73,8,271395.5,3,4,3,10,Loyal Customers
C04969,11,7,271384.0,5,4,3,12,Loyal Customers
C05830,48,6,271315.5,3,3,3,9,Potential Customers
C19334,147,5,271225.5,2,3,3,8,Potential Customers
C05556,40,2,271203.0,3,1,3,7,Potential Customers
C09521,176,3,271197.0,2,1,3,6,At Risk
C06842,17,4,271196.0,5,2,3,10,Loyal Customers
C07881,1,5,271195.0,5,3,3,11,Loyal Customers
C04418,133,4,271193.5,2,2,3,7,Potential Customers
C12978,10,6,271179.0,5,3,3,11,Loyal Customers
C14504,154,3,271154.0,2,1,3,6,At Risk
C17622,34,6,271048.0,4,3,3,10,Loyal Customers
C02518,52,8,271042.0,3,4,3,10,Loyal Customers
C10570,190,4,271030.0,1,2,3,6,At Risk
C12541,85,7,271020.5,2,4,3,9,Potential Customers
C16820,95,5,271014.5,2,3,3,8,Potential Customers
C13860,286,6,270938.0,1,3,3,7,Potential Customers
C05578,20,7,270921.5,4,4,3,11,Loyal Customers
C17724,63,6,270914.5,3,3,3,9,Potential Customers
C08350,34,5,270889.5,4,3,3,10,Loyal Customers
C07165,30,3,270722.5,4,1,3,8,Potential Customers
C14214,42,3,270701.5,3,1,3,7,Potential Customers
C04873,1,4,270695.0,5,2,3,10,Loyal Customers
C12934,150,3,270679.5,2,1,3,6,At Risk
C12037,30,4,270673.0,4,2,3,9,Potential Customers
C08289,82,8,270665.0,2,4,3,9,Potential Customers
C00768,254,5,270624.0,1,3,3,7,Potential Customers
C01833,273,5,270533.0,1,3,3,7,Potential Customers
C04860,71,6,270514.5,3,3,3,9,Potential Customers
C01690,20,7,270486.0,4,4,3,11,Loyal Customers
C08513,46,5,270469.5,3,3,3,9,Potential Customers
C12462,3,5,270459.5,5,3,3,11,Loyal Customers
C14347,16,6,270455.5,5,3,3,11,Loyal Customers
C09481,1,10,270440.0,5,5,3,13,Champions
C02784,4,6,270410.0,5,3,3,11,Loyal Customers
C04446,48,8,270402.0,3,4,3,10,Loyal Customers
C05813,78,7,270330.0,3,4,3,10,Loyal Customers
C05135,139,5,270317.5,2,3,3,8,Potential Customers
C03019,6,6,270286.0,5,3,3,11,Loyal Customers
C04112,34,3,270279.0,4,1,3,8,Potential Customers
C05225,1,8,270251.5,5,4,3,12,Loyal Customers
C16415,128,5,270250.0,2,3,3,8,Potential Customers
C03430,31,8,270158.0,4,4,3,11,Loyal Customers
C04408,59,8,270149.5,3,4,3,10,Loyal Customers
C19480,47,5,270119.5,3,3,3,9,Potential Customers
C02202,9,8,270093.0,5,4,3,12,Loyal Customers
C09934,15,3,270073.5,5,1,3,9,Potential Customers
C07352,2,3,270071.0,5,1,3,9,Potential Customers
C05563,131,3,270068.0,2,1,3,6,At Risk
C14277,7,7,270052.5,5,4,3,12,Loyal Customers
C15696,157,4,270019.5,2,2,3,7,Potential Customers
C17216,84,8,270001.5,2,4,3,9,Potential Customers
C16438,32,3,269991.0,4,1,3,8,Potential Customers
C11598,23,7,269979.5,4,4,3,11,Loyal Customers
C12115,13,8,269963.5,5,4,3,12,Loyal Customers
C13532,13,6,269921.5,5,3,3,11,Loyal Customers
C14503,24,3,269912.0,4,1,3,8,Potential Customers
C14690,11,8,269901.0,5,4,3,12,Loyal Customers
C04007,18,6,269887.0,4,3,3,10,Loyal Customers
C10538,220,4,269884.5,1,2,3,6,At Risk
C10289,6,2,269884.0,5,1,3,9,Potential Customers
C05122,23,7,269836.5,4,4,3,11,Loyal Customers
C14329,8,6,269806.0,5,3,3,11,Loyal Customers
C08661,15,7,269660.0,5,4,3,12,Loyal Customers
C10827,1,4,269657.0,5,2,3,10,Loyal Customers
C08443,9,6,269622.0,5,3,3,11,Loyal Customers
C10082,8,4,269614.0,5,2,3,10,Loyal Customers
C15157,1,6,269567.0,5,3,3,11,Loyal Customers
C01646,64,7,269509.0,3,4,3,10,Loyal Customers
C01941,112,3,269480.0,2,1,3,6,At Risk
C10262,121,6,269464.5,2,3,3,8,Potential Customers
C17207,78,8,269462.0,3,4,3,10,Loyal Customers
C03558,63,5,269428.5,3,3,3,9,Potential Customers
C11484,83,5,269413.5,2,3,3,8,Potential Customers
C14693,59,7,269378.0,3,4,3,10,Loyal Customers
C15325,135,4,269358.5,2,2,3,7,Potential Customers
C03609,89,4,269309.0,2,2,3,7,Potential Customers
C12771,4,7,269306.5,5,4,3,12,Loyal Customers
C07961,4,4,269296.5,5,2,3,10,Loyal Customers
C05073,91,8,269239.0,2,4,3,9,Potential Customers
C02421,79,5,269237.5,3,3,3,9,Potential Customers
C00540,10,4,269231.5,5,2,3,10,Loyal Customers
C12288,147,6,269224.5,2,3,3,8,Potential Customers
C00871,10,5,269204.5,5,3,3,11,Loyal Customers
C12323,39,6,269203.0,4,3,3,10,Loyal Customers
C15652,18,6,269195.5,4,3,3,10,Loyal Customers
C15114,19,7,269175.0,4,4,3,11,Loyal Customers
C04453,42,5,269150.5,3,3,3,9,Potential Customers
C02556,10,8,269145.5,5,4,3,12,Loyal Customers
C04938,113,4,269098.5,2,2,3,7,Potential Customers
C13542,150,8,269090.0,2,4,3,9,Potential Customers
C09482,41,9,269057.5,3,5,3,11,Loyal Customers
C17389,27,4,269049.0,4,2,3,9,Potential Customers
C16402,41,4,269042.0,3,2,3,8,Potential Customers
C03990,64,5,268969.5,3,3,3,9,Potential Customers
C14299,25,9,268950.0,4,5,3,12,Loyal Customers
C00419,26,6,268930.0,4,3,3,10,Loyal Customers
C08564,3,7,268912.5,5,4,3,12,Loyal Customers
C12945,1,5,268910.0,5,3,3,11,Loyal Customers
C16602,39,2,268882.0,4,1,3,8,Potential Customers
C00338,5,7,268880.0,5,4,3,12,Loyal Customers
C19232,84,6,268867.0,2,3,3,8,Potential Customers
C19520,70,4,268860.5,3,2,3,8,Potential Customers
C11329,11,7,268827.0,5,4,3,12,Loyal Customers
C12995,375,3,268825.5,1,1,3,5,At Risk
C04235,11,7,268795.0,5,4,3,12,Loyal Customers
C03294,32,4,268780.0,4,2,3,9,Potential Customers
C11123,87,6,268756.0,2,3,3,8,Potential Customers
C06233,1,9,268714.5,5,5,3,13,Champions
C19367,22,6,268690.5,4,3,3,10,Loyal Customers
C07974,24,4,268681.5,4,2,3,9,Potential Customers
C17119,114,6,268678.5,2,3,3,8,Potential Customers
C13465,21,4,268628.0,4,2,3,9,Potential Customers
C06285,143,3,268590.5,2,1,3,6,At Risk
C06348,21,9,268583.5,4,5,3,12,Loyal Customers
C13502,119,6,268531.5,2,3,3,8,Potential Customers
C12083,117,8,268504.0,2,4,3,9,Potential Customers
C05267,57,7,268495.5,3,4,3,10,Loyal Customers
C14377,22,4,268491.0,4,2,3,9,Potential Customers
C14071,114,4,268485.0,2,2,3,7,Potential Customers
C06015,63,6,268474.0,3,3,3,9,Potential Customers
C16763,140,3,268299.0,2,1,3,6,At Risk
C18234,164,6,268238.0,2,3,3,8,Potential Customers
C16663,22,2,268237.0,4,1,3,8,Potential Customers
C09287,21,4,268200.0,4,2,3,9,Potential Customers
C17339,18,6,268173.5,4,3,3,10,Loyal Customers
C02419,50,3,268160.5,3,1,3,7,Potential Customers
C16646,83,6,268119.5,2,3,3,8,Potential Customers
C09266,24,4,268113.0,4,2,3,9,Potential Customers
C12238,123,6,268065.5,2,3,3,8,Potential Customers
C00409,5,4,267996.0,5,2,3,10,Loyal Customers
C15794,8,5,267971.5,5,3,3,11,Loyal Customers
C01035,5,4,267965.0,5,2,3,10,Loyal Customers
C18163,7,5,267957.5,5,3,3,11,Loyal Customers
C18452,69,9,267930.0,3,5,3,11,Loyal Customers
C03735,125,5,267915.0,2,3,3,8,Potential Customers
C00356,22,8,267886.0,4,4,3,11,Loyal Customers
C12476,14,5,267880.0,5,3,3,11,Loyal Customers
C05277,6,5,267872.5,5,3,3,11,Loyal Customers
C18313,19,5,267857.5,4,3,3,10,Loyal Customers
C08265,63,5,267799.0,3,3,3,9,Potential Customers
C14751,33,8,267793.5,4,4,3,11,Loyal Customers
C08040,152,3,267789.0,2,1,3,6,At Risk
C14650,35,3,267783.5,4,1,3,8,Potential Customers
C19272,22,5,267755.0,4,3,3,10,Loyal Customers
C11591,49,4,267730.0,3,2,3,8,Potential Customers
C19819,8,6,267727.0,5,3,3,11,Loyal Customers
C12204,1,4,267711.0,5,2,3,10,Loyal Customers
C06960,336,3,267665.5,1,1,3,5,At Risk
C13282,11,7,267663.5,5,4,3,12,Loyal Customers
C07159,80,2,267646.0,2,1,3,6,At Risk
C12264,43,3,267604.0,3,1,3,7,Potential Customers
C16354,4,4,267603.0,5,2,3,10,Loyal Customers
C01687,4,6,267581.0,5,3,3,11,Loyal Customers
C17030,8,2,267580.0,5,1,3,9,Potential Customers
C00477,15,5,267542.5,5,3,3,11,Loyal Customers
C04441,28,4,267533.5,4,2,3,9,Potential Customers
C14960,80,6,267497.0,2,3,3,8,Potential Customers
C08545,103,5,267477.0,2,3,3,8,Potential Customers
C19523,34,5,267446.0,4,3,3,10,Loyal Customers
C13032,92,8,267442.5,2,4,3,9,Potential Customers
C02733,23,6,267411.5,4,3,3,10,Loyal Customers
C10462,1,6,267399.5,5,3,3,11,Loyal Customers
C12664,111,5,267399.5,2,3,3,8,Potential Customers
C06008,121,3,267358.0,2,1,3,6,At Risk
C15629,44,4,267352.5,3,2,3,8,Potential Customers
C16005,2,8,267348.5,5,4,3,12,Loyal Customers
C14394,33,4,267266.5,4,2,3,9,Potential Customers
C09352,23,5,267257.0,4,3,3,10,Loyal Customers
C02111,11,7,267255.0,5,4,3,12,Loyal Customers
C01869,28,7,267223.5,4,4,3,11,Loyal Customers
C04942,122,7,267221.0,2,4,3,9,Potential Customers
C09795,52,4,267164.0,3,2,3,8,Potential Customers
C01479,1,12,267112.5,5,5,3,13,Champions
C17981,13,5,267071.5,5,3,3,11,Loyal Customers
C16566,134,4,267031.5,2,2,3,7,Potential Customers
C03219,1,6,267008.0,5,3,3,11,Loyal Customers
C15047,22,4,266970.5,4,2,3,9,Potential Customers
C08824,79,4,266924.0,3,2,3,8,Potential Customers
C16963,4,8,266908.5,5,4,3,12,Loyal Customers
C11979,17,3,266907.5,5,1,3,9,Potential Customers
C12328,109,7,266893.0,2,4,3,9,Potential Customers
C02014,76,5,266884.5,3,3,3,9,Potential Customers
C02917,117,6,266839.5,2,3,3,8,Potential Customers
C12952,20,5,266831.0,4,3,3,10,Loyal Customers
C16307,135,2,266823.5,2,1,3,6,At Risk
C16674,1,3,266816.0,5,1,3,9,Potential Customers
C07956,201,6,266773.5,1,3,3,7,Potential Customers
C18184,89,3,266771.0,2,1,3,6,At Risk
C15249,26,8,266750.5,4,4,3,11,Loyal Customers
C13494,43,4,266747.5,3,2,3,8,Potential Customers
C11166,140,5,266734.5,2,3,3,8,Potential Customers
C00347,45,4,266666.5,3,2,3,8,Potential Customers
C04839,10,3,266645.0,5,1,3,9,Potential Customers
C04181,250,4,266617.0,1,2,3,6,At Risk
C07358,29,7,266613.5,4,4,3,11,Loyal Customers
C11214,5,5,266586.5,5,3,3,11,Loyal Customers
C15082,118,3,266580.0,2,1,3,6,At Risk
C01610,26,5,266568.0,4,3,3,10,Loyal Customers
C09335,151,3,266564.0,2,1,3,6,At Risk
C11617,5,5,266558.0,5,3,3,11,Loyal Customers
C09433,12,8,266543.5,5,4,3,12,Loyal Customers
C15440,8,4,266517.0,5,2,3,10,Loyal Customers
C06271,30,4,266503.5,4,2,3,9,Potential Customers
C08975,115,3,266491.0,2,1,3,6,At Risk
C01041,28,5,266443.0,4,3,3,10,Loyal Customers
C16703,52,4,266437.5,3,2,3,8,Potential Customers
C09918,1,5,266428.0,5,3,3,11,Loyal Customers
C08583,42,5,266428.0,3,3,3,9,Potential Customers
C05521,108,5,266415.5,2,3,3,8,Potential Customers
C10931,4,4,266407.5,5,2,3,10,Loyal Customers
C09110,154,6,266389.0,2,3,3,8,Potential Customers
C17229,4,6,266294.5,5,3,3,11,Loyal Customers
C03456,47,3,266270.0,3,1,3,7,Potential Customers
C04611,1,4,266269.0,5,2,3,10,Loyal Customers
C17279,8,6,266230.0,5,3,3,11,Loyal Customers
C04490,46,7,266210.5,3,4,3,10,Loyal Customers
C11789,90,5,266189.5,2,3,3,8,Potential Customers
C04704,25,6,266178.5,4,3,3,10,Loyal Customers
C08703,20,4,266173.5,4,2,3,9,Potential Customers
C08375,134,6,266154.0,2,3,3,8,Potential Customers
C06961,14,9,266102.0,5,5,3,13,Champions
C06417,5,8,266091.5,5,4,3,12,Loyal Customers
C18745,85,4,266084.5,2,2,3,7,Potential Customers
C13659,127,3,266061.0,2,1,3,6,At Risk
C02839,59,7,266061.0,3,4,3,10,Loyal Customers
C06475,162,4,266058.5,2,2,3,7,Potential Customers
C13193,11,4,266005.0,5,2,3,10,Loyal Customers
C17283,56,5,265970.5,3,3,3,9,Potential Customers
C18918,28,6,265955.0,4,3,3,10,Loyal Customers
C02525,80,6,265932.0,2,3,3,8,Potential Customers
C16878,97,3,265929.5,2,1,3,6,At Risk
C06336,126,3,265867.0,2,1,3,6,At Risk
C17200,3,5,265854.0,5,3,3,11,Loyal Customers
C03174,233,5,265852.5,1,3,3,7,Potential Customers
C00476,20,5,265834.5,4,3,3,10,Loyal Customers
C04389,88,6,265827.0,2,3,3,8,Potential Customers
C13583,38,5,265817.0,4,3,3,10,Loyal Customers
C16672,24,8,265799.0,4,4,3,11,Loyal Customers
C16058,514,1,265798.5,1,1,3,5,At Risk
C02383,51,8,265793.5,3,4,3,10,Loyal Customers
C13496,68,5,265792.0,3,3,3,9,Potential Customers
C13679,177,4,265786.0,2,2,3,7,Potential Customers
C11340,83,5,265771.0,2,3,3,8,Potential Customers
C15611,120,4,265738.5,2,2,3,7,Potential Customers
C07953,33,4,265730.0,4,2,3,9,Potential Customers
C19953,87,5,265718.0,2,3,3,8,Potential Customers
C10550,39,3,265691.0,4,1,3,8,Potential Customers
C06461,153,5,265594.0,2,3,3,8,Potential Customers
C07140,26,8,265570.5,4,4,3,11,Loyal Customers
C14946,3,7,265562.5,5,4,3,12,Loyal Customers
C15273,6,6,265550.5,5,3,3,11,Loyal Customers
C17039,34,4,265540.0,4,2,3,9,Potential Customers
C14434,31,6,265508.5,4,3,3,10,Loyal Customers
C06367,2,6,265507.0,5,3,3,11,Loyal Customers
C19028,1,7,265499.5,5,4,3,12,Loyal Customers
C01274,3,3,265385.0,5,1,3,9,Potential Customers
C08943,23,10,265365.5,4,5,3,12,Loyal Customers
C12592,4,4,265359.0,5,2,3,10,Loyal Customers
C19432,13,5,265331.0,5,3,3,11,Loyal Customers
C19625,23,2,265311.0,4,1,3,8,Potential Customers
C08359,55,4,265274.5,3,2,3,8,Potential Customers
C05180,469,2,265224.0,1,1,3,5,At Risk
C14461,19,6,265202.0,4,3,3,10,Loyal Customers
C15391,3,8,265125.0,5,4,3,12,Loyal Customers
C01608,41,4,265123.0,3,2,3,8,Potential Customers
C10603,39,5,265084.0,4,3,3,10,Loyal Customers
C02141,112,4,265074.5,2,2,3,7,Potential Customers
C12216,16,7,265049.5,5,4,3,12,Loyal Customers
C12870,16,8,265031.5,5,4,3,12,Loyal Customers
C06159,31,4,265015.5,4,2,3,9,Potential Customers
C08560,46,4,265014.0,3,2,3,8,Potential Customers
C07488,16,7,264989.0,5,4,3,12,Loyal Customers
C04396,4,4,264969.5,5,2,3,10,Loyal Customers
C02646,5,5,264968.0,5,3,3,11,Loyal Customers
C09956,9,4,264945.0,5,2,3,10,Loyal Customers
C11666,1,3,264935.0,5,1,3,9,Potential Customers
C09434,144,5,264928.0,2,3,3,8,Potential Customers
C02649,62,4,264921.0,3,2,3,8,Potential Customers
C03907,48,4,264919.0,3,2,3,8,Potential Customers
C03928,24,2,264916.0,4,1,3,8,Potential Customers
C03840,2,9,264905.5,5,5,3,13,Champions
C16355,251,3,264900.0,1,1,3,5,At Risk
C13184,54,4,264893.5,3,2,3,8,Potential Customers
C17615,15,3,264840.0,5,1,3,9,Potential Customers
C07306,13,9,264805.5,5,5,3,13,Champions
C02250,55,3,264801.5,3,1,3,7,Potential Customers
C07784,40,7,264749.0,3,4,3,10,Loyal Customers
C10115,88,4,264745.5,2,2,3,7,Potential Customers
C15205,1,7,264732.5,5,4,3,12,Loyal Customers
C04753,306,4,264691.5,1,2,3,6,At Risk
C18646,13,7,264650.5,5,4,3,12,Loyal Customers
C08489,139,3,264650.5,2,1,3,6,At Risk
C17888,56,7,264645.5,3,4,3,10,Loyal Customers
C04845,5,4,264644.0,5,2,3,10,Loyal Customers
C13020,8,4,264606.0,5,2,3,10,Loyal Customers
C13185,12,4,264571.5,5,2,3,10,Loyal Customers
C09236,29,8,264566.0,4,4,3,11,Loyal Customers
C05539,1,6,264503.0,5,3,3,11,Loyal Customers
C16071,6,8,264421.5,5,4,3,12,Loyal Customers
C02246,170,4,264414.5,2,2,3,7,Potential Customers
C04051,37,9,264347.5,4,5,3,12,Loyal Customers
C17204,23,3,264265.0,4,1,3,8,Potential Customers
C00728,41,7,264230.5,3,4,3,10,Loyal Customers
C00822,160,5,264225.5,2,3,3,8,Potential Customers
C03645,62,5,264218.0,3,3,3,9,Potential Customers
C17231,68,7,264189.0,3,4,3,10,Loyal Customers
C02170,70,4,264187.5,3,2,3,8,Potential Customers
C04887,70,5,264182.0,3,3,3,9,Potential Customers
C04954,3,4,264142.5,5,2,3,10,Loyal Customers
C09224,4,4,264121.0,5,2,3,10,Loyal Customers
C02716,9,6,264085.0,5,3,3,11,Loyal Customers
C01366,3,6,264052.0,5,3,3,11,Loyal Customers
C02023,8,4,264049.5,5,2,3,10,Loyal Customers
C11771,60,3,264037.0,3,1,3,7,Potential Customers
C19406,2,6,264018.5,5,3,3,11,Loyal Customers
C11327,36,4,263990.5,4,2,3,9,Potential Customers
C05973,18,6,263943.0,4,3,3,10,Loyal Customers
C15397,17,6,263936.0,5,3,3,11,Loyal Customers
C00115,70,5,263933.0,3,3,3,9,Potential Customers
C13206,2,3,263925.5,5,1,3,9,Potential Customers
C04582,1,6,263868.5,5,3,3,11,Loyal Customers
C16345,42,6,263859.5,3,3,3,9,Potential Customers
C05581,38,4,263856.5,4,2,3,9,Potential Customers
C01638,31,6,263847.0,4,3,3,10,Loyal Customers
C14395,5,4,263844.0,5,2,3,10,Loyal Customers
C04286,4,8,263837.0,5,4,3,12,Loyal Customers
C04914,253,4,263820.5,1,2,3,6,At Risk
C10897,37,7,263804.5,4,4,3,11,Loyal Customers
C03108,11,5,263789.0,5,3,3,11,Loyal Customers
C06448,180,3,263778.0,2,1,3,6,At Risk
C15618,4,6,263726.5,5,3,3,11,Loyal Customers
C13439,17,6,263718.5,5,3,3,11,Loyal Customers
C12839,28,6,263690.0,4,3,3,10,Loyal Customers
C16735,12,4,263688.5,5,2,3,10,Loyal Customers
C13926,1,3,263652.5,5,1,3,9,Potential Customers
C05115,93,4,263636.0,2,2,3,7,Potential Customers
C08543,88,6,263632.0,2,3,3,8,Potential Customers
C13040,44,6,263595.0,3,3,3,9,Potential Customers
C15353,2,4,263517.0,5,2,3,10,Loyal Customers
C14388,259,7,263510.0,1,4,3,8,Potential Customers
C12332,166,5,263420.5,2,3,3,8,Potential Customers
C11945,41,4,263400.0,3,2,3,8,Potential Customers
C19488,2,7,263396.5,5,4,3,12,Loyal Customers
C04742,29,6,263384.5,4,3,3,10,Loyal Customers
C05061,23,4,263368.0,4,2,3,9,Potential Customers
C09894,62,6,263358.0,3,3,3,9,Potential Customers
C10496,35,7,263344.0,4,4,3,11,Loyal Customers
C12016,25,7,263339.0,4,4,3,11,Loyal Customers
C08511,102,6,263318.0,2,3,3,8,Potential Customers
C15835,33,5,263302.5,4,3,3,10,Loyal Customers
C13753,9,6,263299.0,5,3,3,11,Loyal Customers
C06261,44,5,263277.5,3,3,3,9,Potential Customers
C06154,78,6,263226.0,3,3,3,9,Potential Customers
C11266,118,8,263165.5,2,4,3,9,Potential Customers
C15310,24,4,263152.0,4,2,3,9,Potential Customers
C19852,53,3,263137.0,3,1,3,7,Potential Customers
C18472,38,6,263124.5,4,3,3,10,Loyal Customers
C13598,11,4,263043.5,5,2,3,10,Loyal Customers
C17134,66,5,262987.0,3,3,3,9,Potential Customers
C12356,77,6,262910.5,3,3,3,9,Potential Customers
C07733,358,3,262895.5,1,1,3,5,At Risk
C04790,21,5,262882.0,4,3,3,10,Loyal Customers
C15833,109,6,262878.5,2,3,3,8,Potential Customers
C15934,101,5,262862.5,2,3,3,8,Potential Customers
C10587,21,2,262854.5,4,1,3,8,Potential Customers
C14028,40,5,262795.5,3,3,3,9,Potential Customers
C01865,6,3,262727.0,5,1,3,9,Potential Customers
C19847,47,7,262675.5,3,4,3,10,Loyal Customers
C11786,40,4,262664.5,3,2,3,8,Potential Customers
C10884,9,8,262632.0,5,4,3,12,Loyal Customers
C03630,280,2,262594.0,1,1,3,5,At Risk
C05290,17,8,262549.5,5,4,3,12,Loyal Customers
C18831,35,7,262545.0,4,4,3,11,Loyal Customers
C04159,48,2,262495.5,3,1,3,7,Potential Customers
C03177,7,6,262480.5,5,3,3,11,Loyal Customers
C14609,3,4,262476.5,5,2,3,10,Loyal Customers
C14345,8,6,262468.0,5,3,3,11,Loyal Customers
C09726,31,7,262459.0,4,4,3,11,Loyal Customers
C09694,8,6,262395.0,5,3,3,11,Loyal Customers
C05582,47,4,262377.5,3,2,3,8,Potential Customers
C03243,57,8,262369.5,3,4,3,10,Loyal Customers
C03739,33,7,262362.5,4,4,3,11,Loyal Customers
C00488,72,11,262359.0,3,5,3,11,Loyal Customers
C06706,132,7,262358.0,2,4,3,9,Potential Customers
C16506,29,5,262250.0,4,3,3,10,Loyal Customers
C18355,21,5,262235.5,4,3,3,10,Loyal Customers
C02275,31,3,262197.0,4,1,3,8,Potential Customers
C00926,27,4,262179.5,4,2,3,9,Potential Customers
C10294,6,4,262173.5,5,2,3,10,Loyal Customers
C08843,34,4,262169.0,4,2,3,9,Potential Customers
C18049,39,8,262164.0,4,4,3,11,Loyal Customers
C11499,26,4,262159.0,4,2,3,9,Potential Customers
C09744,10,5,262139.0,5,3,3,11,Loyal Customers
C11528,35,4,262107.5,4,2,3,9,Potential Customers
C05422,16,8,262048.5,5,4,3,12,Loyal Customers
C10343,4,3,262025.5,5,1,3,9,Potential Customers
C09974,39,8,262015.5,4,4,3,11,Loyal Customers
C06622,168,4,262005.0,2,2,3,7,Potential Customers
C11071,8,5,261993.0,5,3,3,11,Loyal Customers
C05784,164,5,261984.0,2,3,3,8,Potential Customers
C19108,17,5,261932.0,5,3,3,11,Loyal Customers
C14457,33,3,261899.0,4,1,3,8,Potential Customers
C18014,42,4,261870.0,3,2,3,8,Potential Customers
C01605,73,5,261869.0,3,3,3,9,Potential Customers
C11350,70,6,261850.5,3,3,3,9,Potential Customers
C11562,34,4,261843.5,4,2,3,9,Potential Customers
C01582,122,3,261820.0,2,1,3,6,At Risk
C07382,72,2,261811.0,3,1,3,7,Potential Customers
C02694,78,7,261804.0,3,4,3,10,Loyal Customers
C19285,29,4,261777.0,4,2,3,9,Potential Customers
C02691,70,7,261747.0,3,4,3,10,Loyal Customers
C09997,1,6,261740.5,5,3,3,11,Loyal Customers
C10621,165,6,261735.5,2,3,3,8,Potential Customers
C11747,5,5,261723.5,5,3,3,11,Loyal Customers
C05268,29,6,261700.0,4,3,3,10,Loyal Customers
C10452,315,3,261692.0,1,1,3,5,At Risk
C17331,99,6,261684.0,2,3,3,8,Potential Customers
C02318,42,7,261658.0,3,4,3,10,Loyal Customers
C16747,104,5,261652.5,2,3,3,8,Potential Customers
C16831,43,5,261647.5,3,3,3,9,Potential Customers
C13701,67,8,261642.0,3,4,3,10,Loyal Customers
C02582,60,6,261549.0,3,3,3,9,Potential Customers
C15417,24,5,261542.0,4,3,3,10,Loyal Customers
C18975,21,6,261536.5,4,3,3,10,Loyal Customers
C01712,11,7,261514.5,5,4,3,12,Loyal Customers
C02234,32,7,261511.0,4,4,3,11,Loyal Customers
C18372,69,7,261510.0,3,4,3,10,Loyal Customers
C00270,28,5,261431.5,4,3,3,10,Loyal Customers
C06654,67,6,261421.0,3,3,3,9,Potential Customers
C13912,8,4,261417.0,5,2,3,10,Loyal Customers
C08711,173,6,261409.0,2,3,3,8,Potential Customers
C14422,175,8,261388.5,2,4,3,9,Potential Customers
C13407,223,6,261373.5,1,3,3,7,Potential Customers
C15304,59,6,261368.0,3,3,3,9,Potential Customers
C08541,93,5,261314.5,2,3,3,8,Potential Customers
C09597,31,7,261312.5,4,4,3,11,Loyal Customers
C13994,50,8,261289.0,3,4,3,10,Loyal Customers
C00581,53,5,261281.5,3,3,3,9,Potential Customers
C00056,21,3,261281.5,4,1,3,8,Potential Customers
C16673,58,4,261266.0,3,2,3,8,Potential Customers
C02861,6,8,261248.0,5,4,3,12,Loyal Customers
C14734,12,5,261234.0,5,3,3,11,Loyal Customers
C18437,64,5,261230.5,3,3,3,9,Potential Customers
C01172,36,9,261226.0,4,5,3,12,Loyal Customers
C07436,108,6,261162.0,2,3,3,8,Potential Customers
C13761,79,8,261161.5,3,4,3,10,Loyal Customers
C03979,20,4,261149.0,4,2,3,9,Potential Customers
C19835,88,6,261131.0,2,3,3,8,Potential Customers
C14971,275,3,261130.5,1,1,3,5,At Risk
C08412,5,6,261113.0,5,3,3,11,Loyal Customers
C18486,1,4,261097.5,5,2,3,10,Loyal Customers
C05664,6,2,261064.5,5,1,3,9,Potential Customers
C18112,67,4,261042.0,3,2,3,8,Potential Customers
C03646,22,6,260940.0,4,3,3,10,Loyal Customers
C12691,8,8,260939.5,5,4,3,12,Loyal Customers
C07728,21,7,260939.5,4,4,3,11,Loyal Customers
C19199,22,4,260924.5,4,2,3,9,Potential Customers
C05797,57,6,260912.5,3,3,3,9,Potential Customers
C07919,37,5,260881.0,4,3,3,10,Loyal Customers
C06273,119,5,260855.5,2,3,3,8,Potential Customers
C19956,135,4,260844.5,2,2,3,7,Potential Customers
C16524,51,5,260838.0,3,3,3,9,Potential Customers
C09629,18,4,260836.0,4,2,3,9,Potential Customers
C05594,25,4,260812.5,4,2,3,9,Potential Customers
C09046,176,5,260799.5,2,3,3,8,Potential Customers
C07793,15,8,260788.5,5,4,3,12,Loyal Customers
C16340,57,4,260752.0,3,2,3,8,Potential Customers
C09532,166,5,260705.5,2,3,3,8,Potential Customers
C01595,83,3,260684.5,2,1,3,6,At Risk
C07584,1,7,260660.5,5,4,3,12,Loyal Customers
C13689,191,6,260626.0,1,3,3,7,Potential Customers
C00497,11,8,260615.5,5,4,3,12,Loyal Customers
C09843,1,5,260561.0,5,3,3,11,Loyal Customers
C11159,100,5,260550.0,2,3,3,8,Potential Customers
C09203,6,8,260523.0,5,4,3,12,Loyal Customers
C19678,24,8,260516.0,4,4,3,11,Loyal Customers
C11450,1,4,260515.0,5,2,3,10,Loyal Customers
C15707,61,5,260514.5,3,3,3,9,Potential Customers
C10811,62,5,260482.5,3,3,3,9,Potential Customers
C08242,53,4,260480.0,3,2,3,8,Potential Customers
C18710,18,7,260479.5,4,4,3,11,Loyal Customers
C14596,3,5,260475.5,5,3,3,11,Loyal Customers
C15418,14,5,260446.5,5,3,3,11,Loyal Customers
C14458,32,2,260444.0,4,1,3,8,Potential Customers
C04968,13,7,260424.5,5,4,3,12,Loyal Customers
C13709,32,4,260351.5,4,2,3,9,Potential Customers
C08336,57,6,260331.0,3,3,3,9,Potential Customers
C10892,1,6,260319.5,5,3,3,11,Loyal Customers
C10647,49,5,260301.5,3,3,3,9,Potential Customers
C11062,111,4,260272.5,2,2,3,7,Potential Customers
C09385,26,5,260272.0,4,3,3,10,Loyal Customers
C00930,160,5,260272.0,2,3,3,8,Potential Customers
C04885,8,3,260267.5,5,1,3,9,Potential Customers
C14641,53,4,260256.5,3,2,3,8,Potential Customers
C04130,23,6,260195.0,4,3,3,10,Loyal Customers
C17396,34,5,260165.5,4,3,3,10,Loyal Customers
C01247,13,6,260155.5,5,3,3,11,Loyal Customers
C12021,54,4,260155.0,3,2,3,8,Potential Customers
C07340,6,8,260117.0,5,4,3,12,Loyal Customers
C08094,53,4,260079.0,3,2,3,8,Potential Customers
C19587,87,3,260072.5,2,1,3,6,At Risk
C07962,41,4,260066.5,3,2,3,8,Potential Customers
C16906,5,4,260055.5,5,2,3,10,Loyal Customers
C07397,143,4,260021.5,2,2,3,7,Potential Customers
C08874,48,4,259967.0,3,2,3,8,Potential Customers
C18894,73,6,259896.0,3,3,3,9,Potential Customers
C15147,231,3,259880.0,1,1,3,5,At Risk
C14978,155,4,259851.0,2,2,3,7,Potential Customers
C02648,51,6,259848.0,3,3,3,9,Potential Customers
C12940,381,4,259829.5,1,2,3,6,At Risk
C07014,102,4,259766.0,2,2,3,7,Potential Customers
C19119,56,8,259758.0,3,4,3,10,Loyal Customers
C07257,108,3,259736.5,2,1,3,6,At Risk
C02765,39,8,259725.5,4,4,3,11,Loyal Customers
C18613,14,6,259711.5,5,3,3,11,Loyal Customers
C02904,4,6,259711.0,5,3,3,11,Loyal Customers
C17037,79,6,259691.0,3,3,3,9,Potential Customers
C13702,136,7,259688.5,2,4,3,9,Potential Customers
C08855,30,5,259653.0,4,3,3,10,Loyal Customers
C18994,14,4,259651.0,5,2,3,10,Loyal Customers
C12147,2,5,259638.0,5,3,3,11,Loyal Customers
C07461,15,5,259625.0,5,3,3,11,Loyal Customers
C16889,124,5,259618.0,2,3,3,8,Potential Customers
C10625,19,4,259605.5,4,2,3,9,Potential Customers
C02666,25,6,259596.5,4,3,3,10,Loyal Customers
C04948,101,3,259595.0,2,1,3,6,At Risk
C12442,28,7,259594.5,4,4,3,11,Loyal Customers
C02389,7,7,259572.0,5,4,3,12,Loyal Customers
C00650,120,4,259546.0,2,2,3,7,Potential Customers
C03293,168,4,259540.5,2,2,3,7,Potential Customers
C04390,4,5,259468.0,5,3,3,11,Loyal Customers
C05392,19,5,259467.0,4,3,3,10,Loyal Customers
C10420,4,7,259447.0,5,4,3,12,Loyal Customers
C08063,21,10,259436.0,4,5,3,12,Loyal Customers
C08944,5,5,259435.0,5,3,3,11,Loyal Customers
C16044,15,7,259432.5,5,4,3,12,Loyal Customers
C05551,5,5,259426.0,5,3,3,11,Loyal Customers
C11013,1,9,259414.5,5,5,3,13,Champions
C13735,298,5,259374.5,1,3,3,7,Potential Customers
C19204,29,8,259373.0,4,4,3,11,Loyal Customers
C13338,11,7,259328.0,5,4,3,12,Loyal Customers
C06695,263,7,259315.5,1,4,3,8,Potential Customers
C07997,14,7,259289.0,5,4,3,12,Loyal Customers
C19739,20,4,259276.0,4,2,3,9,Potential Customers
C16580,25,5,259254.0,4,3,3,10,Loyal Customers
C06809,81,3,259216.5,2,1,3,6,At Risk
C16564,61,6,259186.5,3,3,3,9,Potential Customers
C11688,59,5,259146.0,3,3,3,9,Potential Customers
C05937,225,2,259141.0,1,1,3,5,At Risk
C07490,201,4,259106.0,1,2,3,6,At Risk
C10689,28,8,259100.5,4,4,3,11,Loyal Customers
C11988,24,8,259082.5,4,4,3,11,Loyal Customers
C14706,136,4,259079.5,2,2,3,7,Potential Customers
C02952,51,4,259065.5,3,2,3,8,Potential Customers
C08994,34,4,259059.5,4,2,3,9,Potential Customers
C07024,29,8,259053.0,4,4,3,11,Loyal Customers
C05246,27,4,259017.0,4,2,3,9,Potential Customers
C13620,106,6,258994.0,2,3,3,8,Potential Customers
C15664,34,3,258973.5,4,1,3,8,Potential Customers
C11652,4,7,258936.5,5,4,3,12,Loyal Customers
C05622,31,4,258932.0,4,2,3,9,Potential Customers
C12246,84,4,258882.5,2,2,3,7,Potential Customers
C01001,3,8,258879.0,5,4,3,12,Loyal Customers
C11160,5,5,258872.5,5,3,3,11,Loyal Customers
C08467,23,7,258805.0,4,4,3,11,Loyal Customers
C17470,80,5,258779.0,2,3,3,8,Potential Customers
C02955,121,5,258772.5,2,3,3,8,Potential Customers
C04126,165,3,258743.0,2,1,3,6,At Risk
C13431,1,5,258723.5,5,3,3,11,Loyal Customers
C01936,25,7,258712.5,4,4,3,11,Loyal Customers
C02833,44,5,258709.0,3,3,3,9,Potential Customers
C12487,63,3,258687.5,3,1,3,7,Potential Customers
C10664,42,7,258635.5,3,4,3,10,Loyal Customers
C14344,11,3,258620.0,5,1,3,9,Potential Customers
C08868,196,4,258607.0,1,2,3,6,At Risk
C06583,121,3,258606.0,2,1,3,6,At Risk
C05958,7,7,258543.5,5,4,3,12,Loyal Customers
C10434,5,6,258539.0,5,3,3,11,Loyal Customers
C11104,3,4,258409.0,5,2,3,10,Loyal Customers
C06078,134,3,258336.5,2,1,3,6,At Risk
C09685,29,6,258325.0,4,3,3,10,Loyal Customers
C00444,71,5,258302.0,3,3,3,9,Potential Customers
C01599,61,4,258245.0,3,2,3,8,Potential Customers
C13346,7,4,258240.0,5,2,3,10,Loyal Customers
C13197,2,7,258212.5,5,4,3,12,Loyal Customers
C03403,91,5,258200.0,2,3,3,8,Potential Customers
C12789,29,6,258165.0,4,3,3,10,Loyal Customers
C12019,164,4,258161.5,2,2,3,7,Potential Customers
C17905,28,6,258161.5,4,3,3,10,Loyal Customers
C09341,38,8,258129.5,4,4,3,11,Loyal Customers
C13919,35,5,258086.0,4,3,3,10,Loyal Customers
C12890,19,5,258048.0,4,3,3,10,Loyal Customers
C07589,446,4,258029.5,1,2,3,6,At Risk
C17397,9,6,258016.0,5,3,3,11,Loyal Customers
C13516,47,3,258015.0,3,1,3,7,Potential Customers
C03736,9,6,258006.0,5,3,3,11,Loyal Customers
C14009,67,5,257996.0,3,3,3,9,Potential Customers
C14166,5,9,257986.0,5,5,3,13,Champions
C12079,41,6,257973.0,3,3,3,9,Potential Customers
C10385,31,3,257925.0,4,1,3,8,Potential Customers
C01948,569,2,257914.5,1,1,3,5,At Risk
C11283,31,6,257853.0,4,3,3,10,Loyal Customers
C15295,4,2,257826.5,5,1,3,9,Potential Customers
C14316,16,4,257796.0,5,2,3,10,Loyal Customers
C06698,71,9,257792.0,3,5,3,11,Loyal Customers
C06588,246,5,257791.0,1,3,3,7,Potential Customers
C01250,117,5,257757.0,2,3,3,8,Potential Customers
C01378,69,4,257755.5,3,2,3,8,Potential Customers
C15878,11,7,257745.5,5,4,3,12,Loyal Customers
C08003,101,6,257645.0,2,3,3,8,Potential Customers
C01587,254,6,257630.5,1,3,3,7,Potential Customers
C19873,146,5,257609.5,2,3,3,8,Potential Customers
C11820,73,4,257605.0,3,2,3,8,Potential Customers
C04283,15,7,257584.5,5,4,3,12,Loyal Customers
C18409,14,6,257561.0,5,3,3,11,Loyal Customers
C18116,5,5,257543.0,5,3,3,11,Loyal Customers
C16379,93,4,257468.0,2,2,3,7,Potential Customers
C04496,72,6,257462.5,3,3,3,9,Potential Customers
C08770,51,3,257457.0,3,1,3,7,Potential Customers
C07592,78,6,257427.5,3,3,3,9,Potential Customers
C03820,1,7,257411.0,5,4,3,12,Loyal Customers
C16814,10,6,257398.0,5,3,3,11,Loyal Customers
C00423,33,6,257365.0,4,3,3,10,Loyal Customers
C14577,61,5,257308.5,3,3,3,9,Potential Customers
C03762,47,7,257271.0,3,4,3,10,Loyal Customers
C13661,45,8,257269.0,3,4,3,10,Loyal Customers
C15626,36,3,257248.5,4,1,3,8,Potential Customers
C07302,5,6,257211.5,5,3,3,11,Loyal Customers
C00919,58,4,257191.0,3,2,3,8,Potential Customers
C06775,2,3,257177.0,5,1,3,9,Potential Customers
C00862,27,8,257174.5,4,4,3,11,Loyal Customers
C03263,131,9,257122.5,2,5,3,10,Loyal Customers
C18398,29,4,257089.0,4,2,3,9,Potential Customers
C02438,27,9,257070.5,4,5,3,12,Loyal Customers
C15125,172,5,257052.0,2,3,3,8,Potential Customers
C05416,144,5,257020.5,2,3,3,8,Potential Customers
C05432,58,7,256979.0,3,4,3,10,Loyal Customers
C05390,13,4,256973.5,5,2,3,10,Loyal Customers
C14885,1,8,256958.5,5,4,3,12,Loyal Customers
C02995,49,5,256907.5,3,3,3,9,Potential Customers
C12286,51,2,256880.0,3,1,3,7,Potential Customers
C07344,21,6,256862.5,4,3,3,10,Loyal Customers
C15118,159,7,256820.0,2,4,3,9,Potential Customers
C03360,68,5,256814.0,3,3,3,9,Potential Customers
C15181,1,2,256793.5,5,1,3,9,Potential Customers
C10135,66,9,256717.5,3,5,3,11,Loyal Customers
C09437,274,6,256679.0,1,3,3,7,Potential Customers
C00652,177,7,256672.0,2,4,3,9,Potential Customers
C10357,33,5,256646.5,4,3,3,10,Loyal Customers
C08814,13,5,256559.5,5,3,3,11,Loyal Customers
C14799,40,5,256552.0,3,3,3,9,Potential Customers
C04097,60,6,256550.0,3,3,3,9,Potential Customers
C04357,12,4,256529.5,5,2,3,10,Loyal Customers
C00629,170,5,256513.0,2,3,3,8,Potential Customers
C15363,26,8,256508.5,4,4,3,11,Loyal Customers
C11315,146,4,256498.0,2,2,3,7,Potential Customers
C13228,75,9,256491.0,3,5,3,11,Loyal Customers
C18720,6,7,256429.0,5,4,3,12,Loyal Customers
C10997,89,3,256405.5,2,1,3,6,At Risk
C01197,425,4,256384.0,1,2,3,6,At Risk
C09077,55,6,256344.5,3,3,3,9,Potential Customers
C03463,216,4,256342.0,1,2,3,6,At Risk
C01821,93,7,256298.0,2,4,3,9,Potential Customers
C17091,6,3,256286.0,5,1,3,9,Potential Customers
C09884,7,7,256281.0,5,4,3,12,Loyal Customers
C06702,78,4,256278.5,3,2,3,8,Potential Customers
C05668,73,5,256234.5,3,3,3,9,Potential Customers
C14319,169,5,256205.0,2,3,3,8,Potential Customers
C19733,46,4,256201.5,3,2,3,8,Potential Customers
C16570,166,5,256196.5,2,3,3,8,Potential Customers
C19555,4,2,256195.0,5,1,3,9,Potential Customers
C04678,66,5,256177.5,3,3,3,9,Potential Customers
C17194,53,8,256169.0,3,4,3,10,Loyal Customers
C00609,26,6,256138.0,4,3,3,10,Loyal Customers
C08118,256,4,256136.0,1,2,3,6,At Risk
C02106,101,4,256085.0,2,2,3,7,Potential Customers
C01357,5,5,256080.5,5,3,3,11,Loyal Customers
C04294,10,4,256050.0,5,2,3,10,Loyal Customers
C11774,171,4,256041.5,2,2,3,7,Potential Customers
C16952,165,5,255932.5,2,3,3,8,Potential Customers
C18964,14,4,255930.0,5,2,3,10,Loyal Customers
C01091,2,5,255900.5,5,3,3,11,Loyal Customers
C00202,3,5,255898.5,5,3,3,11,Loyal Customers
C19886,13,4,255825.5,5,2,3,10,Loyal Customers
C05801,266,4,255797.5,1,2,3,6,At Risk
C19299,27,5,255722.5,4,3,3,10,Loyal Customers
C17375,157,6,255715.5,2,3,3,8,Potential Customers
C19167,128,4,255705.5,2,2,3,7,Potential Customers
C18893,48,6,255691.5,3,3,3,9,Potential Customers
C13727,60,5,255673.0,3,3,3,9,Potential Customers
C16183,78,8,255662.5,3,4,3,10,Loyal Customers
C08187,33,7,255552.5,4,4,3,11,Loyal Customers
C09643,21,5,255525.0,4,3,3,10,Loyal Customers
C07116,70,8,255518.5,3,4,3,10,Loyal Customers
C05887,3,8,255515.0,5,4,3,12,Loyal Customers
C04311,11,5,255504.5,5,3,3,11,Loyal Customers
C16366,87,5,255499.5,2,3,3,8,Potential Customers
C15490,17,4,255493.5,5,2,3,10,Loyal Customers
C04997,19,3,255477.0,4,1,3,8,Potential Customers
C14735,25,6,255410.5,4,3,3,10,Loyal Customers
C01349,24,5,255384.5,4,3,3,10,Loyal Customers
C14544,62,5,255377.0,3,3,3,9,Potential Customers
C08528,63,2,255341.5,3,1,3,7,Potential Customers
C12780,8,5,255327.5,5,3,3,11,Loyal Customers
C18483,16,4,255301.5,5,2,3,10,Loyal Customers
C08789,56,6,255296.5,3,3,3,9,Potential Customers
C01311,34,6,255292.0,4,3,3,10,Loyal Customers
C13881,78,4,255275.5,3,2,3,8,Potential Customers
C19580,20,5,255256.0,4,3,3,10,Loyal Customers
C06978,46,4,255250.5,3,2,3,8,Potential Customers
C04539,85,5,255232.0,2,3,3,8,Potential Customers
C10932,177,7,255228.0,2,4,3,9,Potential Customers
C00775,2,7,255193.5,5,4,3,12,Loyal Customers
C01972,96,4,255189.0,2,2,3,7,Potential Customers
C14774,55,3,255171.0,3,1,3,7,Potential Customers
C10065,28,4,255151.5,4,2,3,9,Potential Customers
C08741,14,4,255114.5,5,2,3,10,Loyal Customers
C13966,112,6,255110.0,2,3,3,8,Potential Customers
C00452,46,6,255084.0,3,3,3,9,Potential Customers
C04962,14,7,255074.0,5,4,3,12,Loyal Customers
C16200,112,7,255068.5,2,4,3,9,Potential Customers
C10040,15,8,255043.0,5,4,3,12,Loyal Customers
C17551,28,7,255035.0,4,4,3,11,Loyal Customers
C01471,25,2,255012.0,4,1,3,8,Potential Customers
C08695,37,9,255005.5,4,5,3,12,Loyal Customers
C17026,296,6,254967.0,1,3,3,7,Potential Customers
C10424,13,5,254963.0,5,3,3,11,Loyal Customers
C02361,251,5,254960.5,1,3,3,7,Potential Customers
C07284,363,6,254957.5,1,3,3,7,Potential Customers
C06490,611,1,254950.0,1,1,3,5,At Risk
C14089,10,6,254948.5,5,3,3,11,Loyal Customers
C07168,1,5,254908.5,5,3,3,11,Loyal Customers
C15491,15,6,254887.0,5,3,3,11,Loyal Customers
C17108,3,6,254878.5,5,3,3,11,Loyal Customers
C02451,176,4,254814.0,2,2,3,7,Potential Customers
C08515,12,5,254794.5,5,3,3,11,Loyal Customers
C10728,12,8,254792.5,5,4,3,12,Loyal Customers
C04329,5,6,254775.5,5,3,3,11,Loyal Customers
C10653,33,5,254654.5,4,3,3,10,Loyal Customers
C00906,115,3,254632.0,2,1,3,6,At Risk
C13631,25,7,254549.5,4,4,3,11,Loyal Customers
C12269,18,4,254548.5,4,2,3,9,Potential Customers
C12229,14,7,254543.0,5,4,3,12,Loyal Customers
C06711,30,7,254504.0,4,4,3,11,Loyal Customers
C04627,467,1,254498.5,1,1,3,5,At Risk
C13641,107,6,254452.5,2,3,3,8,Potential Customers
C09716,45,4,254449.0,3,2,3,8,Potential Customers
C04593,39,6,254403.0,4,3,3,10,Loyal Customers
C10839,14,7,254389.0,5,4,3,12,Loyal Customers
C10396,2,6,254364.0,5,3,3,11,Loyal Customers
C19012,89,6,254345.0,2,3,3,8,Potential Customers
C16885,7,4,254309.0,5,2,3,10,Loyal Customers
C10699,24,3,254295.5,4,1,3,8,Potential Customers
C16348,58,6,254273.0,3,3,3,9,Potential Customers
C18077,166,7,254269.0,2,4,3,9,Potential Customers
C01591,25,5,254268.0,4,3,3,10,Loyal Customers
C17680,94,5,254241.5,2,3,3,8,Potential Customers
C03776,64,4,254238.5,3,2,3,8,Potential Customers
C14244,3,4,254225.0,5,2,3,10,Loyal Customers
C10249,413,5,254223.0,1,3,3,7,Potential Customers
C08057,4,7,254208.5,5,4,3,12,Loyal Customers
C15677,16,4,254197.0,5,2,3,10,Loyal Customers
C12470,35,6,254196.0,4,3,3,10,Loyal Customers
C12601,35,5,254081.0,4,3,3,10,Loyal Customers
C09539,62,6,254045.5,3,3,3,9,Potential Customers
C03691,213,6,254024.0,1,3,3,7,Potential Customers
C06138,40,7,254020.0,3,4,3,10,Loyal Customers
C08947,74,5,253967.0,3,3,3,9,Potential Customers
C18487,17,3,253956.5,5,1,3,9,Potential Customers
C08877,19,8,253882.5,4,4,3,11,Loyal Customers
C10678,192,5,253868.5,1,3,3,7,Potential Customers
C11125,101,3,253768.5,2,1,3,6,At Risk
C14135,3,7,253768.5,5,4,3,12,Loyal Customers
C06619,356,4,253756.0,1,2,3,6,At Risk
C06910,91,6,253725.5,2,3,3,8,Potential Customers
C11724,3,6,253712.5,5,3,3,11,Loyal Customers
C14113,100,4,253677.5,2,2,3,7,Potential Customers
C12566,71,4,253672.5,3,2,3,8,Potential Customers
C16925,6,6,253637.0,5,3,3,11,Loyal Customers
C09214,285,4,253624.5,1,2,3,6,At Risk
C02085,2,4,253541.5,5,2,3,10,Loyal Customers
C13687,159,8,253532.5,2,4,3,9,Potential Customers
C15084,214,4,253489.5,1,2,3,6,At Risk
C19125,53,5,253408.0,3,3,3,9,Potential Customers
C05471,40,7,253381.0,3,4,3,10,Loyal Customers
C09944,125,6,253367.5,2,3,3,8,Potential Customers
C06777,130,4,253336.0,2,2,3,7,Potential Customers
C11189,17,7,253286.0,5,4,3,12,Loyal Customers
C02251,1,8,253240.5,5,4,3,12,Loyal Customers
C04221,34,5,253219.5,4,3,3,10,Loyal Customers
C08956,11,4,253196.5,5,2,3,10,Loyal Customers
C07600,114,4,253165.0,2,2,3,7,Potential Customers
C09401,75,5,253076.5,3,3,3,9,Potential Customers
C15890,4,5,252992.5,5,3,3,11,Loyal Customers
C14589,32,5,252978.0,4,3,3,10,Loyal Customers
C02650,25,7,252970.5,4,4,3,11,Loyal Customers
C14576,60,4,252955.0,3,2,3,8,Potential Customers
C00221,15,3,252947.5,5,1,3,9,Potential Customers
C16017,75,5,252931.5,3,3,3,9,Potential Customers
C11696,29,6,252915.5,4,3,3,10,Loyal Customers
C08558,8,5,252909.0,5,3,3,11,Loyal Customers
C02485,15,6,252895.0,5,3,3,11,Loyal Customers
C16817,47,4,252887.0,3,2,3,8,Potential Customers
C12970,118,8,252882.0,2,4,3,9,Potential Customers
C01385,4,5,252876.5,5,3,3,11,Loyal Customers
C12006,1,6,252831.0,5,3,3,11,Loyal Customers
C10402,73,6,252768.0,3,3,3,9,Potential Customers
C01244,5,3,252764.5,5,1,3,9,Potential Customers
C10690,23,8,252741.0,4,4,3,11,Loyal Customers
C18666,15,3,252698.5,5,1,3,9,Potential Customers
C16444,8,6,252683.0,5,3,3,11,Loyal Customers
C02994,1,8,252679.0,5,4,3,12,Loyal Customers
C12901,21,6,252675.5,4,3,3,10,Loyal Customers
C14988,2,6,252655.0,5,3,3,11,Loyal Customers
C13811,225,4,252653.5,1,2,3,6,At Risk
C10381,7,7,252517.5,5,4,3,12,Loyal Customers
C07649,196,3,252440.0,1,1,3,5,At Risk
C15093,163,5,252434.0,2,3,3,8,Potential Customers
C13135,1,8,252392.0,5,4,3,12,Loyal Customers
C08152,2,8,252378.5,5,4,3,12,Loyal Customers
C07273,58,7,252369.5,3,4,3,10,Loyal Customers
C17886,71,6,252361.5,3,3,3,9,Potential Customers
C09900,178,5,252360.0,2,3,3,8,Potential Customers
C08504,101,2,252349.0,2,1,3,6,At Risk
C02647,13,6,252318.5,5,3,3,11,Loyal Customers
C02517,39,5,252311.0,4,3,3,10,Loyal Customers
C11197,10,5,252306.5,5,3,3,11,Loyal Customers
C07032,241,4,252306.0,1,2,3,6,At Risk
C11880,269,6,252282.5,1,3,3,7,Potential Customers
C17642,117,7,252281.5,2,4,3,9,Potential Customers
C13143,26,5,252273.5,4,3,3,10,Loyal Customers
C05943,39,5,252250.5,4,3,3,10,Loyal Customers
C19092,205,3,252249.5,1,1,3,5,At Risk
C14907,2,5,252165.0,5,3,3,11,Loyal Customers
C04319,19,5,252117.5,4,3,3,10,Loyal Customers
C10592,11,2,252033.5,5,1,3,9,Potential Customers
C03665,2,7,252025.5,5,4,3,12,Loyal Customers
C04509,66,6,252024.0,3,3,3,9,Potential Customers
C09736,172,3,252021.0,2,1,3,6,At Risk
C18386,21,4,252015.5,4,2,3,9,Potential Customers
C14201,4,7,251998.0,5,4,3,12,Loyal Customers
C00882,11,6,251996.5,5,3,3,11,Loyal Customers
C04946,55,4,251963.0,3,2,3,8,Potential Customers
C08569,41,3,251928.5,3,1,3,7,Potential Customers
C09958,14,8,251922.5,5,4,3,12,Loyal Customers
C11218,33,4,251914.5,4,2,3,9,Potential Customers
C06688,197,4,251889.5,1,2,3,6,At Risk
C02176,113,7,251889.5,2,4,3,9,Potential Customers
C07059,132,7,251840.5,2,4,3,9,Potential Customers
C14249,59,3,251838.0,3,1,3,7,Potential Customers
C12002,13,8,251804.5,5,4,3,12,Loyal Customers
C06878,80,6,251801.0,2,3,3,8,Potential Customers
C11809,5,7,251799.0,5,4,3,12,Loyal Customers
C17294,4,4,251772.5,5,2,3,10,Loyal Customers
C03331,228,4,251760.5,1,2,3,6,At Risk
C16230,3,8,251757.5,5,4,3,12,Loyal Customers
C01809,143,4,251740.0,2,2,3,7,Potential Customers
C16544,105,5,251649.0,2,3,3,8,Potential Customers
C09573,93,5,251645.5,2,3,3,8,Potential Customers
C06055,7,9,251637.0,5,5,3,13,Champions
C11436,115,3,251623.5,2,1,3,6,At Risk
C18930,39,7,251614.0,4,4,3,11,Loyal Customers
C14937,34,8,251603.0,4,4,3,11,Loyal Customers
C19826,2,6,251551.5,5,3,3,11,Loyal Customers
C08100,11,4,251529.0,5,2,3,10,Loyal Customers
C11764,29,4,251517.0,4,2,3,9,Potential Customers
C13056,91,5,251491.0,2,3,3,8,Potential Customers
C04057,16,5,251378.5,5,3,3,11,Loyal Customers
C05828,6,1,251372.0,5,1,3,9,Potential Customers
C06482,17,4,251371.5,5,2,3,10,Loyal Customers
C15302,14,7,251352.5,5,4,3,12,Loyal Customers
C16691,455,4,251351.0,1,2,3,6,At Risk
C14446,9,4,251296.0,5,2,3,10,Loyal Customers
C03923,94,4,251271.0,2,2,3,7,Potential Customers
C00163,164,5,251270.5,2,3,3,8,Potential Customers
C19792,53,4,251264.0,3,2,3,8,Potential Customers
C08908,62,7,251091.0,3,4,3,10,Loyal Customers
C05602,43,9,251080.5,3,5,3,11,Loyal Customers
C19107,19,4,251067.5,4,2,3,9,Potential Customers
C19798,35,6,250983.5,4,3,3,10,Loyal Customers
C01653,296,3,250964.0,1,1,3,5,At Risk
C07596,24,5,250952.0,4,3,3,10,Loyal Customers
C00677,147,5,250950.0,2,3,3,8,Potential Customers
C17628,32,6,250949.5,4,3,3,10,Loyal Customers
C01785,6,5,250937.0,5,3,3,11,Loyal Customers
C12656,8,4,250931.0,5,2,3,10,Loyal Customers
C00027,2,6,250931.0,5,3,3,11,Loyal Customers
C12690,2,4,250928.5,5,2,3,10,Loyal Customers
C02832,141,7,250917.5,2,4,3,9,Potential Customers
C11646,15,7,250903.5,5,4,3,12,Loyal Customers
C06880,190,4,250901.0,1,2,3,6,At Risk
C02664,215,2,250896.0,1,1,3,5,At Risk
C06441,14,7,250855.5,5,4,3,12,Loyal Customers
C10590,191,3,250835.5,1,1,3,5,At Risk
C01221,39,7,250824.5,4,4,3,11,Loyal Customers
C19908,128,6,250781.5,2,3,3,8,Potential Customers
C18540,27,3,250706.5,4,1,3,8,Potential Customers
C17422,282,2,250608.5,1,1,3,5,At Risk
C13244,19,6,250596.0,4,3,3,10,Loyal Customers
C02567,16,5,250595.5,5,3,3,11,Loyal Customers
C00708,282,3,250507.0,1,1,3,5,At Risk
C17911,2,3,250498.5,5,1,3,9,Potential Customers
C17223,13,5,250475.5,5,3,3,11,Loyal Customers
C17773,31,2,250472.5,4,1,3,8,Potential Customers
C13655,47,7,250460.5,3,4,3,10,Loyal Customers
C12516,60,6,250431.0,3,3,3,9,Potential Customers
C10669,44,6,250391.5,3,3,3,9,Potential Customers
C01915,64,5,250390.5,3,3,3,9,Potential Customers
C16800,5,3,250336.0,5,1,3,9,Potential Customers
C05782,193,5,250303.5,1,3,3,7,Potential Customers
C03993,48,5,250275.5,3,3,3,9,Potential Customers
C01065,172,2,250253.5,2,1,3,6,At Risk
C14526,165,6,250236.0,2,3,3,8,Potential Customers
C17515,32,4,250219.5,4,2,3,9,Potential Customers
C01411,5,6,250171.5,5,3,3,11,Loyal Customers
C16543,2,5,250155.5,5,3,3,11,Loyal Customers
C00601,32,4,250130.0,4,2,3,9,Potential Customers
C03893,22,7,250124.0,4,4,3,11,Loyal Customers
C12888,48,8,250116.0,3,4,3,10,Loyal Customers
C11649,20,6,250085.5,4,3,3,10,Loyal Customers
C05880,1,7,250066.5,5,4,3,12,Loyal Customers
C11860,39,2,250055.0,4,1,3,8,Potential Customers
C11524,208,4,250054.0,1,2,3,6,At Risk
C18552,42,6,250023.0,3,3,3,9,Potential Customers
C11606,2,7,250003.0,5,4,3,12,Loyal Customers
C02388,14,5,249993.5,5,3,3,11,Loyal Customers
C17555,60,5,249985.0,3,3,3,9,Potential Customers
C11083,8,4,249976.5,5,2,3,10,Loyal Customers
C10078,213,2,249957.0,1,1,3,5,At Risk
C19675,213,6,249940.0,1,3,3,7,Potential Customers
C08367,189,5,249892.5,1,3,3,7,Potential Customers
C18661,19,3,249856.5,4,1,3,8,Potential Customers
C04129,86,8,249827.0,2,4,3,9,Potential Customers
C13613,108,4,249818.0,2,2,3,7,Potential Customers
C09106,55,6,249811.0,3,3,3,9,Potential Customers
C14114,45,4,249798.5,3,2,3,8,Potential Customers
C08413,304,5,249771.0,1,3,3,7,Potential Customers
C15665,10,5,249755.5,5,3,3,11,Loyal Customers
C08588,126,5,249684.5,2,3,3,8,Potential Customers
C10995,7,5,249678.0,5,3,3,11,Loyal Customers
C16399,159,9,249677.5,2,5,3,10,Loyal Customers
C18307,3,10,249672.5,5,5,3,13,Champions
C11608,20,8,249664.0,4,4,3,11,Loyal Customers
C08897,39,3,249655.0,4,1,3,8,Potential Customers
C07407,109,9,249619.5,2,5,3,10,Loyal Customers
C16715,105,5,249571.5,2,3,3,8,Potential Customers
C00999,115,6,249546.0,2,3,3,8,Potential Customers
C06031,23,5,249544.0,4,3,3,10,Loyal Customers
C09678,29,6,249493.0,4,3,3,10,Loyal Customers
C02621,6,6,249489.0,5,3,3,11,Loyal Customers
C18993,17,6,249486.5,5,3,3,11,Loyal Customers
C16939,30,6,249466.0,4,3,3,10,Loyal Customers
C17756,137,3,249457.5,2,1,3,6,At Risk
C10179,31,5,249415.5,4,3,3,10,Loyal Customers
C09448,85,7,249388.0,2,4,3,9,Potential Customers
C13762,7,7,249340.0,5,4,3,12,Loyal Customers
C04781,155,8,249328.5,2,4,3,9,Potential Customers
C00530,140,4,249319.5,2,2,3,7,Potential Customers
C19834,8,9,249302.5,5,5,3,13,Champions
C15336,218,3,249301.0,1,1,3,5,At Risk
C00495,395,4,249291.5,1,2,3,6,At Risk
C03684,96,6,249287.0,2,3,3,8,Potential Customers
C15563,60,2,249285.5,3,1,3,7,Potential Customers
C05408,68,3,249266.5,3,1,3,7,Potential Customers
C12993,20,7,249260.5,4,4,3,11,Loyal Customers
C09049,112,5,249244.5,2,3,3,8,Potential Customers
C04708,5,3,249179.5,5,1,3,9,Potential Customers
C00446,74,4,249149.0,3,2,3,8,Potential Customers
C00570,13,4,249128.0,5,2,3,10,Loyal Customers
C08469,6,5,249071.5,5,3,3,11,Loyal Customers
C18805,53,8,249071.0,3,4,3,10,Loyal Customers
C15572,1,8,249013.0,5,4,3,12,Loyal Customers
C04824,86,4,249002.0,2,2,3,7,Potential Customers
C11497,5,7,248983.5,5,4,3,12,Loyal Customers
C12388,8,4,248913.5,5,2,3,10,Loyal Customers
C01500,189,1,248893.0,1,1,3,5,At Risk
C04430,65,5,248883.5,3,3,3,9,Potential Customers
C09222,136,9,248860.0,2,5,3,10,Loyal Customers
C04415,11,8,248833.0,5,4,3,12,Loyal Customers
C06315,59,6,248796.0,3,3,3,9,Potential Customers
C11406,54,5,248788.5,3,3,3,9,Potential Customers
C02985,13,7,248784.5,5,4,3,12,Loyal Customers
C16648,151,5,248754.5,2,3,3,8,Potential Customers
C12891,185,3,248705.0,1,1,3,5,At Risk
C04363,49,5,248645.5,3,3,3,9,Potential Customers
C19801,12,4,248636.0,5,2,3,10,Loyal Customers
C10720,117,4,248624.5,2,2,3,7,Potential Customers
C04574,17,6,248588.0,5,3,3,11,Loyal Customers
C01231,154,4,248561.0,2,2,3,7,Potential Customers
C03784,4,6,248545.5,5,3,3,11,Loyal Customers
C00536,83,5,248540.5,2,3,3,8,Potential Customers
C06831,117,5,248531.0,2,3,3,8,Potential Customers
C15012,67,5,248531.0,3,3,3,9,Potential Customers
C18561,43,4,248507.0,3,2,3,8,Potential Customers
C17027,27,3,248450.5,4,1,3,8,Potential Customers
C10155,102,4,248419.5,2,2,3,7,Potential Customers
C15921,33,11,248406.5,4,5,3,12,Loyal Customers
C14631,79,5,248403.0,3,3,3,9,Potential Customers
C12550,49,7,248344.5,3,4,3,10,Loyal Customers
C11233,2,6,248341.5,5,3,3,11,Loyal Customers
C00125,8,4,248320.0,5,2,3,10,Loyal Customers
C00399,75,5,248244.0,3,3,3,9,Potential Customers
C11830,102,3,248204.5,2,1,3,6,At Risk
C18208,33,5,248169.0,4,3,3,10,Loyal Customers
C04096,73,6,248149.0,3,3,3,9,Potential Customers
C01921,11,5,248139.0,5,3,3,11,Loyal Customers
C04616,8,6,248108.0,5,3,3,11,Loyal Customers
C11512,151,7,248103.0,2,4,3,9,Potential Customers
C03675,3,5,248092.5,5,3,3,11,Loyal Customers
C04675,39,6,248054.0,4,3,3,10,Loyal Customers
C02640,209,4,248025.0,1,2,3,6,At Risk
C12451,200,4,248000.0,1,2,3,6,At Risk
C17604,2,6,247948.0,5,3,3,11,Loyal Customers
C04791,9,7,247942.0,5,4,3,12,Loyal Customers
C07086,140,3,247939.5,2,1,3,6,At Risk
C04550,138,4,247933.5,2,2,3,7,Potential Customers
C00969,126,2,247932.0,2,1,3,6,At Risk
C11557,14,5,247880.0,5,3,3,11,Loyal Customers
C01404,101,3,247853.5,2,1,3,6,At Risk
C13663,4,4,247846.5,5,2,3,10,Loyal Customers
C11640,189,4,247843.5,1,2,3,6,At Risk
C01291,54,3,247822.0,3,1,3,7,Potential Customers
C12390,40,5,247821.0,3,3,3,9,Potential Customers
C10992,3,4,247798.0,5,2,3,10,Loyal Customers
C10778,57,5,247754.5,3,3,3,9,Potential Customers
C05469,87,6,247741.0,2,3,3,8,Potential Customers
C18829,353,3,247726.0,1,1,3,5,At Risk
C15313,62,6,247709.0,3,3,3,9,Potential Customers
C17274,40,2,247697.5,3,1,3,7,Potential Customers
C11430,73,4,247686.5,3,2,3,8,Potential Customers
C02083,60,3,247675.5,3,1,3,7,Potential Customers
C09978,21,7,247670.0,4,4,3,11,Loyal Customers
C01895,97,4,247649.0,2,2,3,7,Potential Customers
C14021,156,5,247603.5,2,3,3,8,Potential Customers
C10025,22,6,247591.0,4,3,3,10,Loyal Customers
C01738,79,6,247590.5,3,3,3,9,Potential Customers
C09530,28,4,247457.0,4,2,3,9,Potential Customers
C13847,71,7,247451.0,3,4,3,10,Loyal Customers
C02367,67,4,247442.5,3,2,3,8,Potential Customers
C11956,184,5,247436.5,1,3,3,7,Potential Customers
C00572,40,4,247429.5,3,2,3,8,Potential Customers
C03424,214,2,247420.0,1,1,3,5,At Risk
C16682,4,7,247415.5,5,4,3,12,Loyal Customers
C10977,305,3,247409.5,1,1,3,5,At Risk
C14964,140,3,247407.5,2,1,3,6,At Risk
C17459,10,5,247391.5,5,3,3,11,Loyal Customers
C08339,98,5,247379.0,2,3,3,8,Potential Customers
C01272,12,8,247347.5,5,4,3,12,Loyal Customers
C09832,9,4,247230.0,5,2,3,10,Loyal Customers
C03341,3,4,247224.5,5,2,3,10,Loyal Customers
C11739,36,4,247210.0,4,2,3,9,Potential Customers
C04713,3,4,247195.0,5,2,3,10,Loyal Customers
C10820,5,5,247164.5,5,3,3,11,Loyal Customers
C10741,5,6,247161.5,5,3,3,11,Loyal Customers
C12038,11,6,247154.0,5,3,3,11,Loyal Customers
C00081,41,6,247132.0,3,3,3,9,Potential Customers
C01174,77,5,247105.5,3,3,3,9,Potential Customers
C14820,189,5,247092.5,1,3,3,7,Potential Customers
C15443,13,7,247083.0,5,4,3,12,Loyal Customers
C02243,11,7,247071.5,5,4,3,12,Loyal Customers
C05714,154,3,247057.5,2,1,3,6,At Risk
C05146,230,4,246963.0,1,2,3,6,At Risk
C03220,102,5,246941.0,2,3,3,8,Potential Customers
C09188,8,4,246909.0,5,2,3,10,Loyal Customers
C07439,21,5,246894.5,4,3,3,10,Loyal Customers
C02527,100,4,246855.0,2,2,3,7,Potential Customers
C04362,8,5,246758.5,5,3,3,11,Loyal Customers
C13161,118,5,246745.5,2,3,3,8,Potential Customers
C12020,5,5,246741.5,5,3,3,11,Loyal Customers
C15514,9,5,246729.0,5,3,3,11,Loyal Customers
C16503,88,6,246710.0,2,3,3,8,Potential Customers
C16999,35,5,246675.5,4,3,3,10,Loyal Customers
C09151,8,8,246667.5,5,4,3,12,Loyal Customers
C03975,90,4,246638.5,2,2,3,7,Potential Customers
C11105,94,4,246581.5,2,2,3,7,Potential Customers
C11933,34,6,246573.5,4,3,3,10,Loyal Customers
C16349,26,5,246534.5,4,3,3,10,Loyal Customers
C15885,64,7,246531.5,3,4,3,10,Loyal Customers
C11861,53,7,246498.5,3,4,3,10,Loyal Customers
C08252,22,5,246494.5,4,3,3,10,Loyal Customers
C05370,6,4,246484.0,5,2,3,10,Loyal Customers
C13705,2,6,246481.0,5,3,3,11,Loyal Customers
C12063,97,3,246468.5,2,1,3,6,At Risk
C06052,31,6,246455.0,4,3,3,10,Loyal Customers
C16341,5,5,246426.5,5,3,3,11,Loyal Customers
C18356,100,4,246423.5,2,2,3,7,Potential Customers
C04115,20,6,246377.0,4,3,3,10,Loyal Customers
C08437,319,3,246372.0,1,1,3,5,At Risk
C01804,9,8,246364.5,5,4,3,12,Loyal Customers
C14494,89,9,246356.5,2,5,3,10,Loyal Customers
C07759,34,5,246343.5,4,3,3,10,Loyal Customers
C08949,4,5,246335.5,5,3,3,11,Loyal Customers
C19189,73,4,246320.5,3,2,3,8,Potential Customers
C01108,17,6,246293.5,5,3,3,11,Loyal Customers
C15771,1,7,246213.0,5,4,3,12,Loyal Customers
C05324,113,4,246179.0,2,2,3,7,Potential Customers
C07980,94,3,246153.5,2,1,3,6,At Risk
C12775,204,4,246111.5,1,2,3,6,At Risk
C05054,263,3,246081.5,1,1,3,5,At Risk
C09324,46,5,246075.5,3,3,3,9,Potential Customers
C13876,17,7,246042.5,5,4,3,12,Loyal Customers
C17255,149,6,246022.5,2,3,3,8,Potential Customers
C12455,23,4,245982.0,4,2,3,9,Potential Customers
C08447,52,2,245981.0,3,1,3,7,Potential Customers
C00024,4,6,245920.5,5,3,3,11,Loyal Customers
C05162,52,6,245885.0,3,3,3,9,Potential Customers
C05682,5,7,245849.0,5,4,3,12,Loyal Customers
C01393,65,4,245844.0,3,2,3,8,Potential Customers
C13222,11,4,245808.0,5,2,3,10,Loyal Customers
C00158,14,4,245783.5,5,2,3,10,Loyal Customers
C00963,51,7,245766.0,3,4,3,10,Loyal Customers
C19463,60,3,245745.5,3,1,3,7,Potential Customers
C18220,160,6,245737.5,2,3,3,8,Potential Customers
C16212,17,6,245729.5,5,3,3,11,Loyal Customers
C04002,120,4,245707.5,2,2,3,7,Potential Customers
C14019,7,7,245693.0,5,4,3,12,Loyal Customers
C00308,57,6,245685.5,3,3,3,9,Potential Customers
C09847,199,6,245681.0,1,3,3,7,Potential Customers
C08200,35,5,245673.5,4,3,3,10,Loyal Customers
C01132,32,6,245653.0,4,3,3,10,Loyal Customers
C10146,111,5,245631.0,2,3,3,8,Potential Customers
C13828,8,7,245618.0,5,4,3,12,Loyal Customers
C05200,55,4,245606.5,3,2,3,8,Potential Customers
C13345,48,5,245590.0,3,3,3,9,Potential Customers
C02992,32,5,245578.5,4,3,3,10,Loyal Customers
C19356,79,5,245495.5,3,3,3,9,Potential Customers
C14766,29,6,245431.0,4,3,3,10,Loyal Customers
C07775,33,4,245426.0,4,2,3,9,Potential Customers
C02795,117,4,245416.5,2,2,3,7,Potential Customers
C01838,16,9,245377.0,5,5,3,13,Champions
C06789,126,3,245370.5,2,1,3,6,At Risk
C19628,105,3,245336.5,2,1,3,6,At Risk
C11384,210,4,245336.0,1,2,3,6,At Risk
C13460,2,5,245331.5,5,3,3,11,Loyal Customers
C17007,51,4,245328.5,3,2,3,8,Potential Customers
C13541,2,6,245322.0,5,3,3,11,Loyal Customers
C14420,28,6,245315.5,4,3,3,10,Loyal Customers
C05649,177,4,245307.0,2,2,3,7,Potential Customers
C13309,130,7,245276.0,2,4,3,9,Potential Customers
C18716,12,7,245269.5,5,4,3,12,Loyal Customers
C03879,10,7,245238.0,5,4,3,12,Loyal Customers
C02918,29,5,245229.5,4,3,3,10,Loyal Customers
C13394,75,5,245175.0,3,3,3,9,Potential Customers
C09778,174,4,245148.0,2,2,3,7,Potential Customers
C04726,2,6,245036.5,5,3,3,11,Loyal Customers
C07415,31,6,245016.5,4,3,3,10,Loyal Customers
C19853,1,5,244997.5,5,3,3,11,Loyal Customers
C14981,14,7,244937.5,5,4,3,12,Loyal Customers
C00139,144,4,244899.0,2,2,3,7,Potential Customers
C01849,42,7,244879.5,3,4,3,10,Loyal Customers
C14657,2,6,244876.0,5,3,3,11,Loyal Customers
C13890,1,6,244839.5,5,3,3,11,Loyal Customers
C13676,45,7,244833.5,3,4,3,10,Loyal Customers
C08612,10,4,244804.0,5,2,3,10,Loyal Customers
C09129,79,7,244744.5,3,4,3,10,Loyal Customers
C18694,83,3,244702.5,2,1,3,6,At Risk
C19074,63,4,244696.5,3,2,3,8,Potential Customers
C05035,24,4,244690.0,4,2,3,9,Potential Customers
C08397,44,3,244687.5,3,1,3,7,Potential Customers
C18292,33,3,244678.5,4,1,3,8,Potential Customers
C14010,71,5,244654.5,3,3,3,9,Potential Customers
C03633,9,5,244643.5,5,3,3,11,Loyal Customers
C05341,11,7,244619.5,5,4,3,12,Loyal Customers
C17265,1,4,244616.0,5,2,3,10,Loyal Customers
C03281,27,7,244607.5,4,4,3,11,Loyal Customers
C12482,133,6,244601.0,2,3,3,8,Potential Customers
C00058,108,4,244585.5,2,2,3,7,Potential Customers
C15063,3,3,244551.5,5,1,3,9,Potential Customers
C11555,24,7,244548.5,4,4,3,11,Loyal Customers
C19018,288,5,244522.5,1,3,3,7,Potential Customers
C09390,12,5,244510.5,5,3,3,11,Loyal Customers
C16698,224,2,244486.5,1,1,3,5,At Risk
C08563,26,7,244486.0,4,4,3,11,Loyal Customers
C11778,29,8,244463.5,4,4,3,11,Loyal Customers
C13067,18,5,244453.5,4,3,3,10,Loyal Customers
C10792,64,7,244432.0,3,4,3,10,Loyal Customers
C14744,157,6,244420.0,2,3,3,8,Potential Customers
C07186,1,6,244416.5,5,3,3,11,Loyal Customers
C12922,51,5,244360.5,3,3,3,9,Potential Customers
C10744,158,8,244349.0,2,4,3,9,Potential Customers
C03783,85,5,244317.5,2,3,3,8,Potential Customers
C07720,15,2,244315.0,5,1,3,9,Potential Customers
C00868,134,3,244308.0,2,1,3,6,At Risk
C04956,163,5,244297.0,2,3,3,8,Potential Customers
C11031,16,5,244193.5,5,3,3,11,Loyal Customers
C10825,12,5,244173.5,5,3,3,11,Loyal Customers
C05901,19,9,244155.0,4,5,3,12,Loyal Customers
C19337,14,4,244107.5,5,2,3,10,Loyal Customers
C06740,98,7,244094.5,2,4,3,9,Potential Customers
C11126,293,3,244094.0,1,1,3,5,At Risk
C04437,264,5,244083.0,1,3,3,7,Potential Customers
C03171,75,6,244079.5,3,3,3,9,Potential Customers
C11580,12,8,244071.5,5,4,3,12,Loyal Customers
C14970,75,9,244060.0,3,5,3,11,Loyal Customers
C13862,47,3,243980.0,3,1,3,7,Potential Customers
C18991,25,4,243967.5,4,2,3,9,Potential Customers
C08632,4,6,243963.5,5,3,3,11,Loyal Customers
C07322,13,6,243923.0,5,3,3,11,Loyal Customers
C11297,99,7,243906.0,2,4,3,9,Potential Customers
C05534,14,7,243902.0,5,4,3,12,Loyal Customers
C01934,67,7,243865.0,3,4,3,10,Loyal Customers
C06757,157,6,243791.5,2,3,3,8,Potential Customers
C10497,8,5,243770.5,5,3,3,11,Loyal Customers
C07736,39,7,243770.0,4,4,3,11,Loyal Customers
C17178,109,5,243740.0,2,3,3,8,Potential Customers
C18092,15,4,243722.5,5,2,3,10,Loyal Customers
C11225,148,5,243713.5,2,3,3,8,Potential Customers
C10334,33,5,243701.5,4,3,3,10,Loyal Customers
C17705,109,9,243686.5,2,5,3,10,Loyal Customers
C08965,147,4,243685.5,2,2,3,7,Potential Customers
C10098,56,5,243633.5,3,3,3,9,Potential Customers
C06246,2,4,243620.0,5,2,3,10,Loyal Customers
C17832,137,6,243615.5,2,3,3,8,Potential Customers
C16616,44,9,243614.0,3,5,3,11,Loyal Customers
C00578,45,3,243582.5,3,1,3,7,Potential Customers
C17902,3,6,243566.5,5,3,3,11,Loyal Customers
C09268,34,6,243558.0,4,3,3,10,Loyal Customers
C03532,3,5,243547.5,5,3,3,11,Loyal Customers
C18085,13,3,243456.5,5,1,3,9,Potential Customers
C07816,67,5,243447.0,3,3,3,9,Potential Customers
C19652,15,7,243422.0,5,4,3,12,Loyal Customers
C19059,484,3,243417.5,1,1,3,5,At Risk
C19843,39,6,243384.0,4,3,3,10,Loyal Customers
C12349,147,5,243356.5,2,3,3,8,Potential Customers
C19972,20,8,243348.0,4,4,3,11,Loyal Customers
C02623,53,5,243342.5,3,3,3,9,Potential Customers
C18592,11,5,243295.5,5,3,3,11,Loyal Customers
C19854,231,5,243249.0,1,3,3,7,Potential Customers
C17571,14,8,243235.5,5,4,3,12,Loyal Customers
C10843,21,7,243224.5,4,4,3,11,Loyal Customers
C06035,229,2,243224.5,1,1,3,5,At Risk
C16416,57,6,243220.0,3,3,3,9,Potential Customers
C10460,24,6,243218.0,4,3,3,10,Loyal Customers
C16895,3,8,243207.5,5,4,3,12,Loyal Customers
C07009,37,5,243175.0,4,3,3,10,Loyal Customers
C06987,56,9,243172.5,3,5,3,11,Loyal Customers
C00394,5,4,243168.0,5,2,3,10,Loyal Customers
C07309,12,4,243126.5,5,2,3,10,Loyal Customers
C08093,20,5,243115.0,4,3,3,10,Loyal Customers
C13127,15,7,243099.5,5,4,3,12,Loyal Customers
C13415,21,6,243094.5,4,3,3,10,Loyal Customers
C14325,5,5,243084.5,5,3,3,11,Loyal Customers
C00903,25,7,243066.0,4,4,3,11,Loyal Customers
C11434,179,5,243051.5,2,3,3,8,Potential Customers
C04608,22,4,243036.0,4,2,3,9,Potential Customers
C09750,67,2,243026.0,3,1,3,7,Potential Customers
C15498,21,5,243015.0,4,3,3,10,Loyal Customers
C09415,18,6,243015.0,4,3,3,10,Loyal Customers
C17210,190,4,242981.5,1,2,3,6,At Risk
C01054,202,3,242962.5,1,1,3,5,At Risk
C02414,71,6,242955.0,3,3,3,9,Potential Customers
C16478,20,5,242952.5,4,3,3,10,Loyal Customers
C10130,11,5,242951.0,5,3,3,11,Loyal Customers
C10395,7,7,242920.0,5,4,3,12,Loyal Customers
C04416,46,2,242915.0,3,1,3,7,Potential Customers
C03585,25,7,242912.5,4,4,3,11,Loyal Customers
C13922,10,8,242894.0,5,4,3,12,Loyal Customers
C04378,3,6,242871.0,5,3,3,11,Loyal Customers
C14185,30,3,242853.0,4,1,3,8,Potential Customers
C04551,8,8,242844.0,5,4,3,12,Loyal Customers
C08840,231,4,242816.5,1,2,3,6,At Risk
C12396,31,4,242797.0,4,2,3,9,Potential Customers
C11466,155,5,242769.0,2,3,3,8,Potential Customers
C05945,36,7,242699.5,4,4,3,11,Loyal Customers
C06195,3,7,242657.0,5,4,3,12,Loyal Customers
C15427,378,3,242648.5,1,1,3,5,At Risk
C06033,13,8,242646.0,5,4,3,12,Loyal Customers
C04211,17,5,242636.5,5,3,3,11,Loyal Customers
C06414,50,6,242624.0,3,3,3,9,Potential Customers
C01671,26,4,242603.0,4,2,3,9,Potential Customers
C09476,229,5,242602.0,1,3,3,7,Potential Customers
C19677,121,6,242593.0,2,3,3,8,Potential Customers
C10680,91,4,242584.0,2,2,3,7,Potential Customers
C10532,72,4,242555.5,3,2,3,8,Potential Customers
C09225,90,5,242528.0,2,3,3,8,Potential Customers
C05421,11,7,242518.5,5,4,3,12,Loyal Customers
C06819,365,3,242504.0,1,1,3,5,At Risk
C10926,139,3,242478.0,2,1,3,6,At Risk
C18254,195,4,242452.0,1,2,3,6,At Risk
C06665,173,5,242419.0,2,3,3,8,Potential Customers
C18909,78,5,242386.5,3,3,3,9,Potential Customers
C07100,66,4,242380.5,3,2,3,8,Potential Customers
C18914,1,6,242365.5,5,3,3,11,Loyal Customers
C17205,15,2,242357.0,5,1,3,9,Potential Customers
C02266,77,5,242336.5,3,3,3,9,Potential Customers
C05091,32,7,242331.0,4,4,3,11,Loyal Customers
C13104,35,6,242298.0,4,3,3,10,Loyal Customers
C07908,20,10,242279.0,4,5,3,12,Loyal Customers
C09267,98,4,242252.0,2,2,3,7,Potential Customers
C15751,46,6,242245.5,3,3,3,9,Potential Customers
C15532,100,5,242242.0,2,3,3,8,Potential Customers
C17864,1,4,242227.0,5,2,3,10,Loyal Customers
C06038,4,7,242210.5,5,4,3,12,Loyal Customers
C18423,14,3,242203.5,5,1,3,9,Potential Customers
C14075,1,6,242151.5,5,3,3,11,Loyal Customers
C13204,124,7,242119.5,2,4,3,9,Potential Customers
C13749,26,6,242106.5,4,3,3,10,Loyal Customers
C13794,62,8,242100.5,3,4,3,10,Loyal Customers
C03915,33,5,242096.5,4,3,3,10,Loyal Customers
C00469,52,7,242086.5,3,4,3,10,Loyal Customers
C08903,2,7,242086.0,5,4,3,12,Loyal Customers
C19287,85,5,242035.5,2,3,3,8,Potential Customers
C06224,119,4,242003.0,2,2,3,7,Potential Customers
C15527,1,5,241993.0,5,3,3,11,Loyal Customers
C03755,134,8,241985.5,2,4,3,9,Potential Customers
C06143,36,3,241921.0,4,1,3,8,Potential Customers
C03802,41,5,241876.5,3,3,3,9,Potential Customers
C04207,123,7,241869.5,2,4,3,9,Potential Customers
C03479,56,7,241855.5,3,4,3,10,Loyal Customers
C06429,72,4,241846.0,3,2,3,8,Potential Customers
C14783,122,4,241806.0,2,2,3,7,Potential Customers
C14330,17,4,241760.5,5,2,3,10,Loyal Customers
C01048,4,6,241753.5,5,3,3,11,Loyal Customers
C16404,26,5,241712.5,4,3,3,10,Loyal Customers
C10581,4,6,241687.5,5,3,3,11,Loyal Customers
C08602,129,5,241651.5,2,3,3,8,Potential Customers
C03384,5,7,241643.5,5,4,3,12,Loyal Customers
C13423,154,6,241637.5,2,3,3,8,Potential Customers
C07197,39,2,241629.0,4,1,3,8,Potential Customers
C17830,9,7,241609.5,5,4,3,12,Loyal Customers
C15107,37,10,241537.0,4,5,3,12,Loyal Customers
C11665,14,3,241496.5,5,1,3,9,Potential Customers
C16004,169,2,241496.5,2,1,3,6,At Risk
C05051,18,5,241475.5,4,3,3,10,Loyal Customers
C12843,35,6,241472.5,4,3,3,10,Loyal Customers
C05630,10,5,241467.5,5,3,3,11,Loyal Customers
C15393,87,7,241414.5,2,4,3,9,Potential Customers
C18405,215,5,241392.5,1,3,3,7,Potential Customers
C14927,327,3,241383.0,1,1,3,5,At Risk
C00096,36,5,241369.0,4,3,3,10,Loyal Customers
C03722,27,4,241316.5,4,2,3,9,Potential Customers
C18259,4,7,241310.5,5,4,3,12,Loyal Customers
C08478,123,6,241274.0,2,3,3,8,Potential Customers
C09895,41,6,241200.5,3,3,3,9,Potential Customers
C13370,49,5,241187.5,3,3,3,9,Potential Customers
C09773,40,4,241186.5,3,2,3,8,Potential Customers
C16851,91,5,241181.0,2,3,3,8,Potential Customers
C12394,53,7,241149.5,3,4,3,10,Loyal Customers
C16950,91,8,241148.0,2,4,3,9,Potential Customers
C10566,19,5,241142.0,4,3,3,10,Loyal Customers
C19944,71,4,241113.5,3,2,3,8,Potential Customers
C16312,166,6,241104.0,2,3,3,8,Potential Customers
C17300,34,7,241071.5,4,4,3,11,Loyal Customers
C01911,150,3,241039.0,2,1,3,6,At Risk
C17258,29,2,241036.5,4,1,3,8,Potential Customers
C14784,5,5,241013.5,5,3,3,11,Loyal Customers
C17439,3,6,241000.0,5,3,3,11,Loyal Customers
C08310,168,6,240973.0,2,3,3,8,Potential Customers
C13094,357,4,240971.0,1,2,3,6,At Risk
C12105,8,5,240962.0,5,3,3,11,Loyal Customers
C03573,36,3,240954.5,4,1,3,8,Potential Customers
C14632,6,5,240893.5,5,3,3,11,Loyal Customers
C09125,57,6,240884.0,3,3,3,9,Potential Customers
C11398,88,3,240825.5,2,1,3,6,At Risk
C07089,57,6,240790.5,3,3,3,9,Potential Customers
C15862,8,7,240766.5,5,4,3,12,Loyal Customers
C11138,34,7,240761.0,4,4,3,11,Loyal Customers
C05342,122,4,240743.0,2,2,3,7,Potential Customers
C15234,33,4,240735.0,4,2,3,9,Potential Customers
C06095,82,5,240733.5,2,3,3,8,Potential Customers
C05219,37,7,240731.5,4,4,3,11,Loyal Customers
C14548,13,5,240688.0,5,3,3,11,Loyal Customers
C19122,1,6,240677.0,5,3,3,11,Loyal Customers
C19498,10,6,240675.5,5,3,3,11,Loyal Customers
C08074,2,3,240669.0,5,1,3,9,Potential Customers
C02283,32,6,240656.0,4,3,3,10,Loyal Customers
C07201,96,4,240655.0,2,2,3,7,Potential Customers
C14689,105,4,240633.0,2,2,3,7,Potential Customers
C19470,31,4,240578.0,4,2,3,9,Potential Customers
C14343,61,7,240528.0,3,4,3,10,Loyal Customers
C11047,21,7,240520.0,4,4,3,11,Loyal Customers
C00106,21,7,240497.5,4,4,3,11,Loyal Customers
C09089,68,6,240468.0,3,3,3,9,Potential Customers
C16884,34,5,240466.0,4,3,3,10,Loyal Customers
C02380,63,5,240431.0,3,3,3,9,Potential Customers
C05374,52,4,240418.0,3,2,3,8,Potential Customers
C05609,57,7,240415.0,3,4,3,10,Loyal Customers
C17569,66,5,240362.5,3,3,3,9,Potential Customers
C06988,6,4,240358.5,5,2,3,10,Loyal Customers
C04064,150,5,240333.0,2,3,3,8,Potential Customers
C08649,80,7,240332.5,2,4,3,9,Potential Customers
C18113,9,6,240326.0,5,3,3,11,Loyal Customers
C06201,18,9,240322.5,4,5,3,12,Loyal Customers
C19193,51,4,240310.5,3,2,3,8,Potential Customers
C05407,94,4,240253.5,2,2,3,7,Potential Customers
C00068,37,7,240239.0,4,4,3,11,Loyal Customers
C13595,39,5,240236.0,4,3,3,10,Loyal Customers
C01136,23,7,240221.0,4,4,3,11,Loyal Customers
C08657,9,4,240193.5,5,2,3,10,Loyal Customers
C12851,117,2,240186.0,2,1,3,6,At Risk
C09756,123,8,240162.0,2,4,3,9,Potential Customers
C03081,235,7,240133.0,1,4,3,8,Potential Customers
C17844,23,7,240106.5,4,4,3,11,Loyal Customers
C15159,82,7,240100.0,2,4,3,9,Potential Customers
C14649,13,5,240097.5,5,3,3,11,Loyal Customers
C18647,70,4,240067.0,3,2,3,8,Potential Customers
C02806,18,5,240067.0,4,3,3,10,Loyal Customers
C11263,21,8,240052.5,4,4,3,11,Loyal Customers
C12700,69,6,240030.0,3,3,3,9,Potential Customers
C18586,7,6,240025.5,5,3,3,11,Loyal Customers
C07555,24,6,240002.5,4,3,3,10,Loyal Customers
C13168,15,7,239958.0,5,4,3,12,Loyal Customers
C19869,5,6,239943.0,5,3,3,11,Loyal Customers
C10933,22,6,239925.0,4,3,3,10,Loyal Customers
C09986,253,6,239916.5,1,3,3,7,Potential Customers
C06766,144,5,239915.0,2,3,3,8,Potential Customers
C04859,1,5,239840.5,5,3,3,11,Loyal Customers
C03467,43,8,239824.5,3,4,3,10,Loyal Customers
C19569,25,5,239813.0,4,3,3,10,Loyal Customers
C14246,139,8,239804.5,2,4,3,9,Potential Customers
C17721,1,6,239796.5,5,3,3,11,Loyal Customers
C11898,85,5,239758.0,2,3,3,8,Potential Customers
C19537,10,5,239740.0,5,3,3,11,Loyal Customers
C09553,177,7,239720.5,2,4,3,9,Potential Customers
C02392,2,6,239712.5,5,3,3,11,Loyal Customers
C06561,40,7,239691.5,3,4,3,10,Loyal Customers
C12915,174,6,239662.5,2,3,3,8,Potential Customers
C03623,306,1,239652.0,1,1,3,5,At Risk
C17060,167,4,239641.5,2,2,3,7,Potential Customers
C06888,15,4,239580.0,5,2,3,10,Loyal Customers
C16406,103,6,239578.5,2,3,3,8,Potential Customers
C02896,87,1,239576.0,2,1,3,6,At Risk
C09641,40,7,239543.5,3,4,3,10,Loyal Customers
C17558,70,8,239533.0,3,4,3,10,Loyal Customers
C02884,10,5,239527.5,5,3,3,11,Loyal Customers
C14568,33,3,239489.5,4,1,3,8,Potential Customers
C05138,19,5,239474.0,4,3,3,10,Loyal Customers
C15448,5,3,239451.0,5,1,3,9,Potential Customers
C01897,2,7,239430.5,5,4,3,12,Loyal Customers
C14522,217,5,239421.5,1,3,3,7,Potential Customers
C11633,144,6,239417.0,2,3,3,8,Potential Customers
C00657,84,6,239416.5,2,3,3,8,Potential Customers
C03132,25,6,239370.0,4,3,3,10,Loyal Customers
C13433,4,9,239343.0,5,5,3,13,Champions
C19757,5,4,239324.0,5,2,3,10,Loyal Customers
C19036,179,6,239286.5,2,3,3,8,Potential Customers
C18399,35,5,239280.5,4,3,3,10,Loyal Customers
C09439,3,6,239247.0,5,3,3,11,Loyal Customers
C09119,19,5,239211.5,4,3,3,10,Loyal Customers
C16675,35,4,239204.5,4,2,3,9,Potential Customers
C04323,24,6,239202.5,4,3,3,10,Loyal Customers
C15605,107,8,239185.0,2,4,3,9,Potential Customers
C17380,386,5,239182.5,1,3,3,7,Potential Customers
C05543,478,4,239161.0,1,2,3,6,At Risk
C14624,173,3,239135.0,2,1,3,6,At Risk
C17762,16,6,239094.0,5,3,3,11,Loyal Customers
C05794,1,5,239091.5,5,3,3,11,Loyal Customers
C16063,49,4,239073.0,3,2,3,8,Potential Customers
C05203,57,5,239068.5,3,3,3,9,Potential Customers
C18051,167,4,239064.0,2,2,3,7,Potential Customers
C02504,184,2,239063.5,1,1,3,5,At Risk
C00948,97,6,239047.0,2,3,3,8,Potential Customers
C02071,130,7,239025.0,2,4,3,9,Potential Customers
C11815,27,8,239023.5,4,4,3,11,Loyal Customers
C05917,42,8,238977.5,3,4,3,10,Loyal Customers
C11268,16,5,238922.5,5,3,3,11,Loyal Customers
C02225,39,5,238886.5,4,3,3,10,Loyal Customers
C17057,33,5,238855.0,4,3,3,10,Loyal Customers
C03770,94,5,238812.0,2,3,3,8,Potential Customers
C17020,43,5,238803.0,3,3,3,9,Potential Customers
C03639,133,7,238759.5,2,4,3,9,Potential Customers
C06731,56,6,238757.5,3,3,3,9,Potential Customers
C18693,233,2,238756.0,1,1,3,5,At Risk
C11978,5,7,238734.5,5,4,3,12,Loyal Customers
C04569,91,6,238720.0,2,3,3,8,Potential Customers
C10872,35,5,238717.0,4,3,3,10,Loyal Customers
C08250,10,5,238715.5,5,3,3,11,Loyal Customers
C06146,19,7,238714.5,4,4,3,11,Loyal Customers
C05334,36,7,238681.5,4,4,3,11,Loyal Customers
C01868,219,4,238663.5,1,2,3,6,At Risk
C04356,60,4,238650.5,3,2,3,8,Potential Customers
C01566,14,6,238643.0,5,3,3,11,Loyal Customers
C00886,62,4,238632.5,3,2,3,8,Potential Customers
C01155,26,7,238620.5,4,4,3,11,Loyal Customers
C14421,5,6,238617.5,5,3,3,11,Loyal Customers
C04797,35,4,238616.0,4,2,3,9,Potential Customers
C01846,2,3,238578.0,5,1,3,9,Potential Customers
C10477,4,8,238574.5,5,4,3,12,Loyal Customers
C15537,69,4,238570.0,3,2,3,8,Potential Customers
C00012,24,3,238565.0,4,1,3,8,Potential Customers
C13777,24,7,238557.0,4,4,3,11,Loyal Customers
C16957,94,6,238515.0,2,3,3,8,Potential Customers
C03048,7,5,238492.0,5,3,3,11,Loyal Customers
C15374,103,3,238456.0,2,1,3,6,At Risk
C12157,61,5,238436.0,3,3,3,9,Potential Customers
C12191,83,6,238431.0,2,3,3,8,Potential Customers
C09627,137,6,238417.5,2,3,3,8,Potential Customers
C07560,3,5,238407.5,5,3,3,11,Loyal Customers
C12552,36,6,238407.0,4,3,3,10,Loyal Customers
C12737,27,6,238388.0,4,3,3,10,Loyal Customers
C16757,14,4,238364.0,5,2,3,10,Loyal Customers
C19070,131,7,238346.0,2,4,3,9,Potential Customers
C16317,10,8,238335.5,5,4,3,12,Loyal Customers
C17842,88,10,238312.5,2,5,3,10,Loyal Customers
C04448,21,4,238302.0,4,2,3,9,Potential Customers
C00994,3,4,238294.0,5,2,3,10,Loyal Customers
C00386,412,3,238284.5,1,1,3,5,At Risk
C10783,11,5,238267.0,5,3,3,11,Loyal Customers
C12285,1,5,238248.0,5,3,3,11,Loyal Customers
C09540,5,8,238242.0,5,4,3,12,Loyal Customers
C16111,51,7,238215.5,3,4,3,10,Loyal Customers
C11573,26,4,238205.5,4,2,3,9,Potential Customers
C16047,215,8,238162.5,1,4,3,8,Potential Customers
C17124,35,5,238158.0,4,3,3,10,Loyal Customers
C16242,108,5,238143.5,2,3,3,8,Potential Customers
C13428,85,4,238133.0,2,2,3,7,Potential Customers
C09347,2,8,238115.5,5,4,3,12,Loyal Customers
C19758,57,4,238113.5,3,2,3,8,Potential Customers
C00680,51,3,238108.5,3,1,3,7,Potential Customers
C14286,3,7,238101.0,5,4,3,12,Loyal Customers
C12219,2,8,238028.5,5,4,3,12,Loyal Customers
C10956,3,8,238023.0,5,4,3,12,Loyal Customers
C09883,50,4,238014.0,3,2,3,8,Potential Customers
C10725,137,4,237996.0,2,2,3,7,Potential Customers
C02105,239,3,237965.5,1,1,3,5,At Risk
C12230,57,5,237954.5,3,3,3,9,Potential Customers
C17513,46,2,237945.5,3,1,3,7,Potential Customers
C13442,179,6,237926.0,2,3,3,8,Potential Customers
C13519,33,6,237913.5,4,3,3,10,Loyal Customers
C18724,6,5,237912.0,5,3,3,11,Loyal Customers
C02212,20,4,237909.0,4,2,3,9,Potential Customers
C09813,9,6,237901.5,5,3,3,11,Loyal Customers
C01768,19,4,237888.0,4,2,3,9,Potential Customers
C13008,42,7,237848.5,3,4,3,10,Loyal Customers
C04596,39,5,237845.0,4,3,3,10,Loyal Customers
C00268,40,6,237843.0,3,3,3,9,Potential Customers
C14835,44,6,237834.5,3,3,3,9,Potential Customers
C09561,77,4,237813.0,3,2,3,8,Potential Customers
C16435,83,4,237736.5,2,2,3,7,Potential Customers
C00714,97,5,237735.5,2,3,3,8,Potential Customers
C04876,152,6,237686.5,2,3,3,8,Potential Customers
C08570,398,2,237668.0,1,1,3,5,At Risk
C10635,4,5,237648.0,5,3,3,11,Loyal Customers
C01021,25,6,237645.0,4,3,3,10,Loyal Customers
C15785,488,2,237624.5,1,1,3,5,At Risk
C12881,6,3,237619.5,5,1,3,9,Potential Customers
C14013,215,5,237608.5,1,3,3,7,Potential Customers
C07007,66,6,237601.0,3,3,3,9,Potential Customers
C03065,156,6,237556.5,2,3,3,8,Potential Customers
C15709,40,5,237555.0,3,3,3,9,Potential Customers
C07101,296,3,237488.5,1,1,3,5,At Risk
C08377,154,7,237470.0,2,4,3,9,Potential Customers
C03596,20,3,237469.0,4,1,3,8,Potential Customers
C13098,31,11,237451.5,4,5,3,12,Loyal Customers
C16811,115,6,237445.5,2,3,3,8,Potential Customers
C04625,79,6,237431.5,3,3,3,9,Potential Customers
C10580,70,5,237420.0,3,3,3,9,Potential Customers
C00771,5,9,237419.5,5,5,3,13,Champions
C12586,38,7,237401.5,4,4,3,11,Loyal Customers
C00504,7,2,237393.5,5,1,3,9,Potential Customers
C03469,98,5,237341.5,2,3,3,8,Potential Customers
C15606,104,6,237334.0,2,3,3,8,Potential Customers
C02564,110,3,237310.0,2,1,3,6,At Risk
C14199,1,6,237270.0,5,3,3,11,Loyal Customers
C01180,56,6,237263.0,3,3,3,9,Potential Customers
C02907,46,3,237251.5,3,1,3,7,Potential Customers
C11069,21,5,237244.5,4,3,3,10,Loyal Customers
C01852,71,6,237235.5,3,3,3,9,Potential Customers
C15564,5,5,237223.5,5,3,3,11,Loyal Customers
C18347,29,5,237177.0,4,3,3,10,Loyal Customers
C16138,97,3,237148.5,2,1,3,6,At Risk
C08441,34,6,237100.5,4,3,3,10,Loyal Customers
C06651,126,3,237075.5,2,1,3,6,At Risk
C12149,15,5,237068.5,5,3,3,11,Loyal Customers
C13028,9,5,237068.5,5,3,3,11,Loyal Customers
C13183,40,7,237045.5,3,4,3,10,Loyal Customers
C17445,8,6,237018.5,5,3,3,11,Loyal Customers
C15683,2,8,237013.5,5,4,3,12,Loyal Customers
C01705,38,4,236987.5,4,2,3,9,Potential Customers
C18533,2,6,236979.5,5,3,3,11,Loyal Customers
C03572,2,6,236954.0,5,3,3,11,Loyal Customers
C08189,5,3,236896.5,5,1,3,9,Potential Customers
C10302,202,4,236854.0,1,2,3,6,At Risk
C06145,26,7,236852.5,4,4,3,11,Loyal Customers
C17400,114,5,236849.0,2,3,3,8,Potential Customers
C12446,38,4,236842.0,4,2,3,9,Potential Customers
C04173,107,5,236839.5,2,3,3,8,Potential Customers
C18936,9,3,236837.0,5,1,3,9,Potential Customers
C06783,42,7,236790.0,3,4,3,10,Loyal Customers
C07193,47,7,236777.5,3,4,3,10,Loyal Customers
C02171,17,7,236764.0,5,4,3,12,Loyal Customers
C15482,33,7,236744.5,4,4,3,11,Loyal Customers
C00445,41,8,236714.0,3,4,3,10,Loyal Customers
C14491,11,3,236703.0,5,1,3,9,Potential Customers
C17681,168,3,236696.0,2,1,3,6,At Risk
C19754,64,4,236662.5,3,2,3,8,Potential Customers
C14151,16,5,236627.0,5,3,3,11,Loyal Customers
C06701,110,4,236613.0,2,2,3,7,Potential Customers
C11513,97,4,236573.0,2,2,3,7,Potential Customers
C16225,1,5,236556.0,5,3,3,11,Loyal Customers
C10372,21,6,236554.5,4,3,3,10,Loyal Customers
C13859,109,5,236511.0,2,3,3,8,Potential Customers
C12307,2,5,236465.5,5,3,3,11,Loyal Customers
C10354,66,6,236449.5,3,3,3,9,Potential Customers
C05158,235,6,236426.0,1,3,3,7,Potential Customers
C13042,8,7,236412.5,5,4,3,12,Loyal Customers
C09131,1,4,236372.5,5,2,3,10,Loyal Customers
C00146,166,5,236360.0,2,3,3,8,Potential Customers
C10322,18,4,236342.0,4,2,3,9,Potential Customers
C15843,4,2,236335.0,5,1,3,9,Potential Customers
C10121,84,7,236318.5,2,4,3,9,Potential Customers
C13153,106,4,236259.0,2,2,3,7,Potential Customers
C05940,273,3,236238.5,1,1,3,5,At Risk
C02565,74,5,236222.0,3,3,3,9,Potential Customers
C13983,131,2,236220.0,2,1,3,6,At Risk
C08228,76,4,236218.5,3,2,3,8,Potential Customers
C16356,85,4,236199.0,2,2,3,7,Potential Customers
C19776,35,3,236188.5,4,1,3,8,Potential Customers
C09613,16,9,236186.5,5,5,3,13,Champions
C19574,116,4,236135.0,2,2,3,7,Potential Customers
C19860,20,4,236116.0,4,2,3,9,Potential Customers
C16875,4,6,236084.0,5,3,3,11,Loyal Customers
C09870,82,3,236070.0,2,1,3,6,At Risk
C16109,42,7,236029.0,3,4,3,10,Loyal Customers
C15081,102,7,235979.5,2,4,3,9,Potential Customers
C14984,157,3,235968.0,2,1,3,6,At Risk
C16150,17,5,235930.5,5,3,3,11,Loyal Customers
C09108,16,6,235920.0,5,3,3,11,Loyal Customers
C10242,30,9,235900.5,4,5,3,12,Loyal Customers
C02295,1,5,235882.0,5,3,3,11,Loyal Customers
C18794,3,5,235808.5,5,3,3,11,Loyal Customers
C11588,68,5,235759.5,3,3,3,9,Potential Customers
C05368,53,3,235759.0,3,1,3,7,Potential Customers
C10255,73,9,235692.5,3,5,3,11,Loyal Customers
C13280,161,2,235645.0,2,1,3,6,At Risk
C09103,23,4,235644.5,4,2,3,9,Potential Customers
C18267,56,5,235617.5,3,3,3,9,Potential Customers
C14999,15,6,235609.0,5,3,3,11,Loyal Customers
C07226,23,4,235593.0,4,2,3,9,Potential Customers
C16384,6,5,235580.0,5,3,3,11,Loyal Customers
C07566,9,6,235569.0,5,3,3,11,Loyal Customers
C09052,1,4,235524.0,5,2,3,10,Loyal Customers
C05842,6,5,235511.5,5,3,3,11,Loyal Customers
C09844,41,6,235495.5,3,3,3,9,Potential Customers
C13500,124,5,235479.0,2,3,3,8,Potential Customers
C13016,32,5,235470.0,4,3,3,10,Loyal Customers
C11726,48,6,235467.0,3,3,3,9,Potential Customers
C16420,24,4,235451.5,4,2,3,9,Potential Customers
C00257,4,4,235422.0,5,2,3,10,Loyal Customers
C03985,15,9,235410.0,5,5,3,13,Champions
C15562,54,7,235383.0,3,4,3,10,Loyal Customers
C14378,1,6,235358.0,5,3,3,11,Loyal Customers
C07044,36,5,235345.0,4,3,3,10,Loyal Customers
C04684,45,4,235318.0,3,2,3,8,Potential Customers
C06765,3,6,235315.5,5,3,3,11,Loyal Customers
C05000,81,7,235301.5,2,4,3,9,Potential Customers
C04746,44,5,235268.0,3,3,3,9,Potential Customers
C01771,105,7,235241.5,2,4,3,9,Potential Customers
C08881,3,4,235219.5,5,2,3,10,Loyal Customers
C11196,35,3,235219.5,4,1,3,8,Potential Customers
C12918,87,5,235217.0,2,3,3,8,Potential Customers
C03116,84,10,235211.0,2,5,3,10,Loyal Customers
C12599,177,4,235196.0,2,2,3,7,Potential Customers
C02238,2,6,235194.0,5,3,3,11,Loyal Customers
C06678,3,6,235181.5,5,3,3,11,Loyal Customers
C14656,96,4,235157.0,2,2,3,7,Potential Customers
C15808,67,6,235132.5,3,3,3,9,Potential Customers
C04077,9,6,235122.0,5,3,3,11,Loyal Customers
C12662,50,6,235096.5,3,3,3,9,Potential Customers
C10265,188,6,235083.0,1,3,3,7,Potential Customers
C08219,10,4,235050.0,5,2,3,10,Loyal Customers
C01413,236,5,235021.5,1,3,3,7,Potential Customers
C08360,13,4,235016.5,5,2,3,10,Loyal Customers
C04134,180,3,234977.0,2,1,3,6,At Risk
C08627,15,3,234938.0,5,1,3,9,Potential Customers
C03122,2,5,234924.0,5,3,3,11,Loyal Customers
C01903,86,6,234918.5,2,3,3,8,Potential Customers
C08658,47,5,234914.0,3,3,3,9,Potential Customers
C00349,156,5,234880.0,2,3,3,8,Potential Customers
C04573,44,5,234858.5,3,3,3,9,Potential Customers
C18111,302,4,234839.5,1,2,3,6,At Risk
C11941,35,5,234813.5,4,3,3,10,Loyal Customers
C10887,6,4,234789.5,5,2,3,10,Loyal Customers
C06036,9,3,234783.0,5,1,3,9,Potential Customers
C09283,21,6,234768.5,4,3,3,10,Loyal Customers
C19760,187,5,234764.5,1,3,3,7,Potential Customers
C06858,116,7,234732.5,2,4,3,9,Potential Customers
C16357,2,4,234699.0,5,2,3,10,Loyal Customers
C00555,71,6,234694.0,3,3,3,9,Potential Customers
C11238,1,7,234629.5,5,4,3,12,Loyal Customers
C18337,95,5,234595.0,2,3,3,8,Potential Customers
C07808,113,4,234559.0,2,2,3,7,Potential Customers
C15006,23,2,234533.0,4,1,3,8,Potential Customers
C10558,32,5,234515.5,4,3,3,10,Loyal Customers
C14161,38,7,234503.5,4,4,3,11,Loyal Customers
C00169,39,3,234482.0,4,1,3,8,Potential Customers
C07655,27,5,234456.5,4,3,3,10,Loyal Customers
C14602,7,7,234451.0,5,4,3,12,Loyal Customers
C06476,97,6,234435.0,2,3,3,8,Potential Customers
C19426,9,6,234434.0,5,3,3,11,Loyal Customers
C18569,1,10,234409.5,5,5,3,13,Champions
C05835,5,5,234328.5,5,3,3,11,Loyal Customers
C05896,45,7,234322.5,3,4,3,10,Loyal Customers
C09861,93,7,234316.5,2,4,3,9,Potential Customers
C12581,7,5,234284.0,5,3,3,11,Loyal Customers
C08232,34,6,234258.0,4,3,3,10,Loyal Customers
C15779,173,5,234226.0,2,3,3,8,Potential Customers
C18011,17,5,234218.0,5,3,3,11,Loyal Customers
C19966,103,3,234195.5,2,1,3,6,At Risk
C00829,48,6,234185.5,3,3,3,9,Potential Customers
C01871,370,3,234181.5,1,1,3,5,At Risk
C13128,60,5,234177.0,3,3,3,9,Potential Customers
C06407,25,2,234175.5,4,1,3,8,Potential Customers
C18885,15,5,234174.0,5,3,3,11,Loyal Customers
C00937,20,4,234174.0,4,2,3,9,Potential Customers
C09989,46,4,234157.0,3,2,3,8,Potential Customers
C01684,28,5,234136.0,4,3,3,10,Loyal Customers
C18937,7,8,234132.0,5,4,3,12,Loyal Customers
C15309,8,6,234123.0,5,3,3,11,Loyal Customers
C13396,25,7,234069.5,4,4,3,11,Loyal Customers
C06228,53,8,234016.5,3,4,3,10,Loyal Customers
C15807,7,8,234001.0,5,4,3,12,Loyal Customers
C09028,32,4,233999.5,4,2,3,9,Potential Customers
C16115,23,6,233992.5,4,3,3,10,Loyal Customers
C02047,156,4,233989.5,2,2,3,7,Potential Customers
C06611,22,7,233987.5,4,4,3,11,Loyal Customers
C15331,96,4,233986.5,2,2,3,7,Potential Customers
C10081,5,5,233978.5,5,3,3,11,Loyal Customers
C17485,229,3,233963.5,1,1,3,5,At Risk
C04703,54,6,233962.5,3,3,3,9,Potential Customers
C16386,14,4,233947.5,5,2,3,10,Loyal Customers
C10248,38,4,233896.5,4,2,3,9,Potential Customers
C09951,101,4,233884.0,2,2,3,7,Potential Customers
C07047,9,5,233866.0,5,3,3,11,Loyal Customers
C19761,148,3,233837.0,2,1,3,6,At Risk
C14683,173,4,233828.5,2,2,3,7,Potential Customers
C09746,62,3,233828.0,3,1,3,7,Potential Customers
C06147,3,4,233822.5,5,2,3,10,Loyal Customers
C13383,66,5,233798.0,3,3,3,9,Potential Customers
C11035,192,4,233787.0,1,2,3,6,At Risk
C06089,231,4,233765.5,1,2,3,6,At Risk
C09122,39,5,233732.5,4,3,3,10,Loyal Customers
C09342,136,6,233724.5,2,3,3,8,Potential Customers
C00324,171,3,233716.0,2,1,3,6,At Risk
C05376,298,4,233711.5,1,2,3,6,At Risk
C14917,8,6,233703.0,5,3,3,11,Loyal Customers
C10804,1,5,233701.0,5,3,3,11,Loyal Customers
C00127,4,2,233684.5,5,1,3,9,Potential Customers
C00305,4,6,233658.0,5,3,3,11,Loyal Customers
C05703,7,5,233634.0,5,3,3,11,Loyal Customers
C02801,238,3,233554.0,1,1,3,5,At Risk
C06051,125,4,233542.0,2,2,3,7,Potential Customers
C16614,71,7,233529.0,3,4,3,10,Loyal Customers
C08317,333,4,233496.5,1,2,3,6,At Risk
C16176,1,4,233466.0,5,2,3,10,Loyal Customers
C17672,22,6,233442.0,4,3,3,10,Loyal Customers
C00065,9,8,233423.0,5,4,3,12,Loyal Customers
C10418,19,5,233379.0,4,3,3,10,Loyal Customers
C02011,73,7,233349.5,3,4,3,10,Loyal Customers
C15015,32,7,233343.5,4,4,3,11,Loyal Customers
C04560,53,4,233335.5,3,2,3,8,Potential Customers
C12806,261,6,233327.5,1,3,3,7,Potential Customers
C11348,67,2,233304.5,3,1,3,7,Potential Customers
C07345,52,4,233277.0,3,2,3,8,Potential Customers
C19676,144,4,233266.5,2,2,3,7,Potential Customers
C10450,46,3,233263.0,3,1,3,7,Potential Customers
C10171,249,6,233235.0,1,3,3,7,Potential Customers
C15719,22,3,233213.0,4,1,3,8,Potential Customers
C11009,269,4,233184.0,1,2,3,6,At Risk
C02492,231,3,233177.5,1,1,3,5,At Risk
C17322,1,7,233129.5,5,4,3,12,Loyal Customers
C09646,93,5,233079.0,2,3,3,8,Potential Customers
C05725,207,5,233066.0,1,3,3,7,Potential Customers
C09417,1,5,233049.0,5,3,3,11,Loyal Customers
C05346,155,3,233038.5,2,1,3,6,At Risk
C19890,16,4,233028.0,5,2,3,10,Loyal Customers
C19747,23,6,233020.5,4,3,3,10,Loyal Customers
C15797,25,6,233005.5,4,3,3,10,Loyal Customers
C11566,3,4,233000.5,5,2,3,10,Loyal Customers
C04454,294,4,232998.0,1,2,3,6,At Risk
C06907,135,3,232983.0,2,1,3,6,At Risk
C10698,56,8,232982.0,3,4,3,10,Loyal Customers
C03372,51,3,232965.5,3,1,3,7,Potential Customers
C18499,127,5,232934.5,2,3,3,8,Potential Customers
C07562,127,4,232906.5,2,2,3,7,Potential Customers
C16264,38,4,232887.0,4,2,3,9,Potential Customers
C17707,3,4,232885.0,5,2,3,10,Loyal Customers
C17510,6,4,232835.0,5,2,3,10,Loyal Customers
C02396,17,5,232830.5,5,3,3,11,Loyal Customers
C16987,1,5,232828.5,5,3,3,11,Loyal Customers
C14743,47,4,232809.5,3,2,3,8,Potential Customers
C13483,4,5,232760.5,5,3,3,11,Loyal Customers
C12471,109,6,232756.0,2,3,3,8,Potential Customers
C08122,22,5,232709.0,4,3,3,10,Loyal Customers
C03024,41,4,232689.5,3,2,3,8,Potential Customers
C08763,56,6,232642.0,3,3,3,9,Potential Customers
C18664,10,7,232619.5,5,4,3,12,Loyal Customers
C06096,4,5,232596.5,5,3,3,11,Loyal Customers
C01951,3,4,232567.5,5,2,3,10,Loyal Customers
C00658,45,4,232565.0,3,2,3,8,Potential Customers
C05275,6,6,232531.5,5,3,3,11,Loyal Customers
C02873,450,5,232523.5,1,3,3,7,Potential Customers
C15239,39,6,232523.5,4,3,3,10,Loyal Customers
C12403,20,4,232485.5,4,2,3,9,Potential Customers
C10873,210,7,232465.0,1,4,3,8,Potential Customers
C09925,8,7,232427.5,5,4,3,12,Loyal Customers
C16426,3,6,232405.5,5,3,3,11,Loyal Customers
C16921,141,5,232395.0,2,3,3,8,Potential Customers
C07568,87,4,232387.5,2,2,3,7,Potential Customers
C09025,306,4,232374.0,1,2,3,6,At Risk
C18871,62,3,232317.0,3,1,3,7,Potential Customers
C11890,3,4,232257.0,5,2,3,10,Loyal Customers
C19143,101,4,232251.0,2,2,3,7,Potential Customers
C19265,18,5,232243.5,4,3,3,10,Loyal Customers
C16192,172,2,232188.5,2,1,3,6,At Risk
C14315,7,5,232185.5,5,3,3,11,Loyal Customers
C14418,260,4,232177.5,1,2,3,6,At Risk
C12770,126,4,232121.5,2,2,3,7,Potential Customers
C13235,103,5,232118.0,2,3,3,8,Potential Customers
C00404,16,6,232097.5,5,3,3,11,Loyal Customers
C01600,59,5,232094.0,3,3,3,9,Potential Customers
C17750,121,4,232084.0,2,2,3,7,Potential Customers
C19195,41,3,232077.5,3,1,3,7,Potential Customers
C14524,43,4,232076.0,3,2,3,8,Potential Customers
C15943,52,5,232068.5,3,3,3,9,Potential Customers
C16649,11,4,232064.0,5,2,3,10,Loyal Customers
C09495,22,5,232062.0,4,3,3,10,Loyal Customers
C04003,150,6,232041.5,2,3,3,8,Potential Customers
C18213,150,10,232026.0,2,5,3,10,Loyal Customers
C14237,32,5,232022.0,4,3,3,10,Loyal Customers
C03406,40,4,232015.5,3,2,3,8,Potential Customers
C06624,25,4,231997.5,4,2,3,9,Potential Customers
C17623,1,6,231987.5,5,3,3,11,Loyal Customers
C11066,73,3,231977.0,3,1,3,7,Potential Customers
C18173,133,4,231962.5,2,2,3,7,Potential Customers
C06784,6,5,231934.0,5,3,3,11,Loyal Customers
C01490,19,6,231933.5,4,3,3,10,Loyal Customers
C05034,53,4,231932.0,3,2,3,8,Potential Customers
C07239,61,3,231914.0,3,1,3,7,Potential Customers
C06467,135,4,231902.0,2,2,3,7,Potential Customers
C16510,33,6,231880.5,4,3,3,10,Loyal Customers
C18730,114,3,231874.0,2,1,3,6,At Risk
C11902,46,4,231841.5,3,2,3,8,Potential Customers
C07318,9,4,231841.0,5,2,3,10,Loyal Customers
C08444,12,5,231832.0,5,3,3,11,Loyal Customers
C02969,42,7,231805.5,3,4,3,10,Loyal Customers
C04931,124,5,231804.5,2,3,3,8,Potential Customers
C13712,14,5,231760.0,5,3,3,11,Loyal Customers
C16514,56,5,231754.5,3,3,3,9,Potential Customers
C19821,9,6,231697.5,5,3,3,11,Loyal Customers
C08820,39,3,231683.0,4,1,3,8,Potential Customers
C11745,11,5,231657.0,5,3,3,11,Loyal Customers
C02727,205,6,231656.0,1,3,3,7,Potential Customers
C14642,307,7,231611.5,1,4,3,8,Potential Customers
C11050,158,4,231593.5,2,2,3,7,Potential Customers
C02168,9,7,231570.0,5,4,3,12,Loyal Customers
C04440,6,5,231563.0,5,3,3,11,Loyal Customers
C10206,14,6,231555.5,5,3,3,11,Loyal Customers
C13299,58,4,231528.5,3,2,3,8,Potential Customers
C18835,31,2,231522.0,4,1,3,8,Potential Customers
C09929,266,6,231520.5,1,3,3,7,Potential Customers
C02433,201,5,231511.5,1,3,3,7,Potential Customers
C06590,16,6,231473.5,5,3,3,11,Loyal Customers
C17784,33,5,231460.0,4,3,3,10,Loyal Customers
C12428,3,5,231457.5,5,3,3,11,Loyal Customers
C13480,3,5,231419.0,5,3,3,11,Loyal Customers
C07368,59,3,231385.5,3,1,3,7,Potential Customers
C14845,218,5,231357.5,1,3,3,7,Potential Customers
C11108,9,4,231312.5,5,2,3,10,Loyal Customers
C17789,45,6,231298.0,3,3,3,9,Potential Customers
C18772,25,4,231285.5,4,2,3,9,Potential Customers
C09127,117,6,231278.0,2,3,3,8,Potential Customers
C01191,87,3,231252.5,2,1,3,6,At Risk
C03460,14,3,231245.0,5,1,3,9,Potential Customers
C12069,149,7,231130.5,2,4,3,9,Potential Customers
C01109,99,4,231108.0,2,2,3,7,Potential Customers
C02825,145,5,231086.5,2,3,3,8,Potential Customers
C13555,51,5,231080.0,3,3,3,9,Potential Customers
C02272,66,3,231063.0,3,1,3,7,Potential Customers
C04878,23,5,231061.0,4,3,3,10,Loyal Customers
C10397,13,6,231047.0,5,3,3,11,Loyal Customers
C08631,7,9,231039.0,5,5,3,13,Champions
C14300,356,3,231027.0,1,1,3,5,At Risk
C03505,179,4,231018.5,2,2,3,7,Potential Customers
C19268,79,5,231007.0,3,3,3,9,Potential Customers
C18996,8,7,231005.0,5,4,3,12,Loyal Customers
C02306,6,4,230977.5,5,2,3,10,Loyal Customers
C15323,12,6,230972.0,5,3,3,11,Loyal Customers
C08624,48,6,230968.5,3,3,3,9,Potential Customers
C00520,53,8,230944.5,3,4,3,10,Loyal Customers
C07142,61,4,230938.5,3,2,3,8,Potential Customers
C19130,134,5,230924.0,2,3,3,8,Potential Customers
C10951,67,8,230918.5,3,4,3,10,Loyal Customers
C09018,102,5,230858.0,2,3,3,8,Potential Customers
C18687,48,7,230833.5,3,4,3,10,Loyal Customers
C12440,7,5,230823.5,5,3,3,11,Loyal Customers
C03595,65,5,230823.5,3,3,3,9,Potential Customers
C07929,8,6,230815.5,5,3,3,11,Loyal Customers
C09021,6,5,230804.0,5,3,3,11,Loyal Customers
C04371,2,6,230798.0,5,3,3,11,Loyal Customers
C02989,27,5,230744.5,4,3,3,10,Loyal Customers
C05328,7,8,230720.5,5,4,3,12,Loyal Customers
C08002,16,6,230586.0,5,3,3,11,Loyal Customers
C12314,6,5,230556.0,5,3,3,11,Loyal Customers
C18481,8,5,230545.5,5,3,3,11,Loyal Customers
C09210,238,1,230490.0,1,1,3,5,At Risk
C00726,6,5,230479.0,5,3,3,11,Loyal Customers
C00668,42,5,230460.5,3,3,3,9,Potential Customers
C16324,207,5,230438.0,1,3,3,7,Potential Customers
C03812,36,4,230429.5,4,2,3,9,Potential Customers
C01497,2,4,230424.5,5,2,3,10,Loyal Customers
C02697,73,8,230408.5,3,4,3,10,Loyal Customers
C16864,18,7,230370.0,4,4,3,11,Loyal Customers
C05992,3,5,230346.5,5,3,3,11,Loyal Customers
C12341,111,6,230340.0,2,3,3,8,Potential Customers
C18012,119,5,230303.5,2,3,3,8,Potential Customers
C06541,14,6,230296.0,5,3,3,11,Loyal Customers
C03713,1,6,230290.0,5,3,3,11,Loyal Customers
C03927,192,5,230284.5,1,3,3,7,Potential Customers
C11307,30,7,230272.5,4,4,3,11,Loyal Customers
C15812,43,7,230264.0,3,4,3,10,Loyal Customers
C16390,178,4,230250.0,2,2,3,7,Potential Customers
C18144,46,7,230246.0,3,4,3,10,Loyal Customers
C09400,335,6,230223.5,1,3,3,7,Potential Customers
C06041,12,7,230222.5,5,4,3,12,Loyal Customers
C08032,154,4,230202.0,2,2,3,7,Potential Customers
C13286,8,6,230185.0,5,3,3,11,Loyal Customers
C15591,94,2,230156.5,2,1,3,6,At Risk
C13242,5,5,230130.0,5,3,3,11,Loyal Customers
C17484,20,4,230117.5,4,2,3,9,Potential Customers
C13527,26,6,230116.0,4,3,3,10,Loyal Customers
C00031,14,5,230099.5,5,3,3,11,Loyal Customers
C09011,27,4,230097.0,4,2,3,9,Potential Customers
C12237,17,6,230077.0,5,3,3,11,Loyal Customers
C14727,8,4,230054.0,5,2,3,10,Loyal Customers
C17575,126,4,230048.0,2,2,3,7,Potential Customers
C09095,300,4,229999.0,1,2,3,6,At Risk
C07822,221,4,229961.5,1,2,3,6,At Risk
C08915,171,4,229942.0,2,2,3,7,Potential Customers
C15219,6,9,229924.0,5,5,3,13,Champions
C00193,80,5,229919.5,2,3,3,8,Potential Customers
C11259,16,4,229911.5,5,2,3,10,Loyal Customers
C06498,45,5,229861.0,3,3,3,9,Potential Customers
C16064,2,7,229854.5,5,4,3,12,Loyal Customers
C05233,1,5,229814.0,5,3,3,11,Loyal Customers
C06589,9,4,229796.0,5,2,3,10,Loyal Customers
C18818,2,6,229794.0,5,3,3,11,Loyal Customers
C15765,16,4,229776.5,5,2,3,10,Loyal Customers
C06241,32,5,229720.5,4,3,3,10,Loyal Customers
C09745,12,3,229674.5,5,1,3,9,Potential Customers
C16856,72,6,229673.0,3,3,3,9,Potential Customers
C07644,14,6,229649.0,5,3,3,11,Loyal Customers
C08942,58,4,229644.5,3,2,3,8,Potential Customers
C13347,62,5,229636.5,3,3,3,9,Potential Customers
C06722,19,5,229582.5,4,3,3,10,Loyal Customers
C08165,1,8,229580.0,5,4,3,12,Loyal Customers
C02493,84,4,229568.5,2,2,3,7,Potential Customers
C06748,92,4,229562.5,2,2,3,7,Potential Customers
C02544,19,5,229555.5,4,3,3,10,Loyal Customers
C18248,1,6,229541.0,5,3,3,11,Loyal Customers
C13667,16,5,229540.0,5,3,3,11,Loyal Customers
C05778,77,4,229507.0,3,2,3,8,Potential Customers
C19773,42,4,229499.5,3,2,3,8,Potential Customers
C02045,84,9,229498.0,2,5,3,10,Loyal Customers
C15639,34,7,229483.0,4,4,3,11,Loyal Customers
C16452,18,4,229472.5,4,2,3,9,Potential Customers
C01158,182,5,229441.0,1,3,3,7,Potential Customers
C18754,31,4,229431.5,4,2,3,9,Potential Customers
C05872,40,6,229394.5,3,3,3,9,Potential Customers
C00816,10,4,229315.5,5,2,3,10,Loyal Customers
C00336,130,1,229270.0,2,1,3,6,At Risk
C08708,36,7,229265.0,4,4,3,11,Loyal Customers
C06411,5,5,229246.0,5,3,3,11,Loyal Customers
C11262,3,7,229235.0,5,4,3,12,Loyal Customers
C18228,18,5,229206.5,4,3,3,10,Loyal Customers
C07895,20,4,229204.0,4,2,3,9,Potential Customers
C17786,104,3,229190.5,2,1,3,6,At Risk
C19804,7,5,229171.0,5,3,3,11,Loyal Customers
C09443,8,6,229155.5,5,3,3,11,Loyal Customers
C14266,16,5,229142.0,5,3,3,11,Loyal Customers
C13411,33,8,229131.5,4,4,3,11,Loyal Customers
C04055,49,4,229129.0,3,2,3,8,Potential Customers
C09114,13,6,229104.5,5,3,3,11,Loyal Customers
C07395,138,5,229079.0,2,3,3,8,Potential Customers
C07979,58,6,229044.0,3,3,3,9,Potential Customers
C01848,1,4,229042.0,5,2,3,10,Loyal Customers
C16918,119,6,229041.5,2,3,3,8,Potential Customers
C01969,1,5,229041.5,5,3,3,11,Loyal Customers
C15740,34,7,229005.0,4,4,3,11,Loyal Customers
C08696,12,8,228966.5,5,4,3,12,Loyal Customers
C19177,12,5,228940.5,5,3,3,11,Loyal Customers
C11509,190,5,228910.5,1,3,3,7,Potential Customers
C09215,83,7,228880.0,2,4,3,9,Potential Customers
C14786,49,3,228802.0,3,1,3,7,Potential Customers
C03282,18,6,228750.5,4,3,3,10,Loyal Customers
C07073,10,5,228748.0,5,3,3,11,Loyal Customers
C17566,3,6,228729.0,5,3,3,11,Loyal Customers
C08442,87,6,228669.0,2,3,3,8,Potential Customers
C19825,87,5,228663.5,2,3,3,8,Potential Customers
C17049,83,7,228641.0,2,4,3,9,Potential Customers
C01210,22,7,228578.0,4,4,3,11,Loyal Customers
C08161,32,3,228519.5,4,1,3,8,Potential Customers
C10484,110,5,228461.0,2,3,3,8,Potential Customers
C04320,83,5,228449.0,2,3,3,8,Potential Customers
C18751,7,7,228434.0,5,4,3,12,Loyal Customers
C02840,239,5,228389.5,1,3,3,7,Potential Customers
C14450,58,7,228388.5,3,4,3,10,Loyal Customers
C05444,159,4,228371.5,2,2,3,7,Potential Customers
C14832,3,6,228356.0,5,3,3,11,Loyal Customers
C06716,88,2,228322.5,2,1,3,6,At Risk
C14480,9,3,228319.0,5,1,3,9,Potential Customers
C11441,136,6,228317.0,2,3,3,8,Potential Customers
C19250,12,4,228316.5,5,2,3,10,Loyal Customers
C08981,76,6,228309.5,3,3,3,9,Potential Customers
C16527,10,7,228300.5,5,4,3,12,Loyal Customers
C17150,73,6,228294.5,3,3,3,9,Potential Customers
C04346,24,5,228288.5,4,3,3,10,Loyal Customers
C15736,39,4,228274.0,4,2,3,9,Potential Customers
C07482,4,6,228249.5,5,3,3,11,Loyal Customers
C18207,72,7,228245.0,3,4,3,10,Loyal Customers
C18979,108,7,228225.0,2,4,3,9,Potential Customers
C03676,1,8,228213.5,5,4,3,12,Loyal Customers
C19915,38,3,228194.0,4,1,3,8,Potential Customers
C08314,23,6,228176.0,4,3,3,10,Loyal Customers
C13575,34,5,228159.5,4,3,3,10,Loyal Customers
C17308,59,8,228149.5,3,4,3,10,Loyal Customers
C10831,32,5,228138.0,4,3,3,10,Loyal Customers
C19468,25,5,228131.0,4,3,3,10,Loyal Customers
C03390,70,8,228088.5,3,4,3,10,Loyal Customers
C09189,26,5,228086.0,4,3,3,10,Loyal Customers
C12128,2,3,228079.5,5,1,3,9,Potential Customers
C12953,56,5,228068.5,3,3,3,9,Potential Customers
C17985,32,4,228015.0,4,2,3,9,Potential Customers
C08414,23,5,228006.5,4,3,3,10,Loyal Customers
C04847,168,5,228004.0,2,3,3,8,Potential Customers
C11508,93,3,228000.0,2,1,3,6,At Risk
C04377,24,4,227998.0,4,2,3,9,Potential Customers
C01799,146,1,227974.0,2,1,3,6,At Risk
C11934,14,3,227878.0,5,1,3,9,Potential Customers
C14619,100,3,227842.5,2,1,3,6,At Risk
C09022,33,5,227785.5,4,3,3,10,Loyal Customers
C16930,244,3,227783.5,1,1,3,5,At Risk
C09688,26,6,227782.5,4,3,3,10,Loyal Customers
C12721,263,5,227750.5,1,3,3,7,Potential Customers
C15822,44,5,227750.5,3,3,3,9,Potential Customers
C16233,47,4,227730.0,3,2,3,8,Potential Customers
C11061,112,6,227688.0,2,3,3,8,Potential Customers
C05143,74,6,227687.5,3,3,3,9,Potential Customers
C13933,96,3,227644.0,2,1,3,6,At Risk
C15396,34,4,227617.0,4,2,3,9,Potential Customers
C10299,24,6,227568.0,4,3,3,10,Loyal Customers
C18951,19,5,227555.0,4,3,3,10,Loyal Customers
C05811,139,5,227520.0,2,3,3,8,Potential Customers
C12387,17,4,227502.0,5,2,3,10,Loyal Customers
C10416,39,4,227481.0,4,2,3,9,Potential Customers
C09017,53,4,227480.5,3,2,3,8,Potential Customers
C19745,18,4,227388.5,4,2,3,9,Potential Customers
C07258,63,5,227317.0,3,3,3,9,Potential Customers
C00108,39,5,227301.0,4,3,3,10,Loyal Customers
C18938,132,5,227253.0,2,3,3,8,Potential Customers
C06282,25,7,227239.0,4,4,3,11,Loyal Customers
C02818,87,2,227216.0,2,1,3,6,At Risk
C13798,52,4,227201.0,3,2,3,8,Potential Customers
C03519,30,4,227197.0,4,2,3,9,Potential Customers
C02945,18,4,227192.5,4,2,3,9,Potential Customers
C04949,19,6,227149.0,4,3,3,10,Loyal Customers
C08851,24,5,227147.0,4,3,3,10,Loyal Customers
C12584,46,4,227123.0,3,2,3,8,Potential Customers
C13145,18,6,227117.0,4,3,3,10,Loyal Customers
C10810,76,4,227099.0,3,2,3,8,Potential Customers
C05023,5,4,227057.0,5,2,3,10,Loyal Customers
C06634,21,2,227045.5,4,1,3,8,Potential Customers
C13630,44,5,227035.0,3,3,3,9,Potential Customers
C01786,29,7,227016.0,4,4,3,11,Loyal Customers
C02010,39,6,226962.5,4,3,3,10,Loyal Customers
C15969,7,6,226960.0,5,3,3,11,Loyal Customers
C07414,36,5,226887.5,4,3,3,10,Loyal Customers
C19730,1,6,226876.0,5,3,3,11,Loyal Customers
C12395,17,4,226845.5,5,2,3,10,Loyal Customers
C18669,13,6,226843.0,5,3,3,11,Loyal Customers
C04325,70,6,226834.5,3,3,3,9,Potential Customers
C11390,7,7,226831.0,5,4,3,12,Loyal Customers
C12913,23,5,226813.0,4,3,3,10,Loyal Customers
C07528,91,4,226751.5,2,2,3,7,Potential Customers
C15150,57,4,226727.5,3,2,3,8,Potential Customers
C06573,139,8,226675.5,2,4,3,9,Potential Customers
C18684,82,1,226618.0,2,1,3,6,At Risk
C02133,59,6,226598.5,3,3,3,9,Potential Customers
C02763,11,5,226591.5,5,3,3,11,Loyal Customers
C01458,74,7,226590.5,3,4,3,10,Loyal Customers
C08465,61,3,226589.5,3,1,3,7,Potential Customers
C19403,128,5,226588.0,2,3,3,8,Potential Customers
C02966,8,4,226513.0,5,2,3,10,Loyal Customers
C03179,108,4,226475.0,2,2,3,7,Potential Customers
C15276,20,4,226442.5,4,2,3,9,Potential Customers
C10965,161,3,226431.0,2,1,3,6,At Risk
C00147,25,4,226413.5,4,2,3,9,Potential Customers
C12565,82,6,226397.0,2,3,3,8,Potential Customers
C03527,89,3,226388.0,2,1,3,6,At Risk
C18717,3,6,226319.0,5,3,3,11,Loyal Customers
C16450,47,5,226318.0,3,3,3,9,Potential Customers
C16463,205,5,226297.5,1,3,3,7,Potential Customers
C09774,3,5,226278.5,5,3,3,11,Loyal Customers
C14207,257,3,226241.5,1,1,3,5,At Risk
C02610,1,5,226237.5,5,3,3,11,Loyal Customers
C07975,64,6,226230.5,3,3,3,9,Potential Customers
C09818,63,5,226226.0,3,3,3,9,Potential Customers
C18082,6,6,226216.0,5,3,3,11,Loyal Customers
C01323,12,2,226207.0,5,1,3,9,Potential Customers
C05591,93,5,226203.0,2,3,3,8,Potential Customers
C12740,84,3,226202.5,2,1,3,6,At Risk
C13696,10,5,226185.0,5,3,3,11,Loyal Customers
C05307,37,5,226176.0,4,3,3,10,Loyal Customers
C14479,11,6,226162.5,5,3,3,11,Loyal Customers
C10470,149,6,226117.5,2,3,3,8,Potential Customers
C09257,71,7,226056.5,3,4,3,10,Loyal Customers
C05033,53,4,226022.0,3,2,3,8,Potential Customers
C00396,14,4,226020.0,5,2,3,10,Loyal Customers
C10711,31,5,226016.5,4,3,3,10,Loyal Customers
C06384,118,1,226015.5,2,1,3,6,At Risk
C15699,5,5,226015.0,5,3,2,10,Loyal Customers
C02131,11,9,225987.0,5,5,2,12,Loyal Customers
C13440,67,4,225986.5,3,2,2,7,Potential Customers
C14674,38,5,225975.5,4,3,2,9,Potential Customers
C03507,291,3,225975.0,1,1,2,4,At Risk
C04815,128,4,225939.5,2,2,2,6,At Risk
C01017,59,4,225937.0,3,2,2,7,Potential Customers
C14694,12,4,225935.0,5,2,2,9,Potential Customers
C16935,98,4,225935.0,2,2,2,6,At Risk
C01971,69,8,225931.0,3,4,2,9,Potential Customers
C12436,114,4,225903.0,2,2,2,6,At Risk
C13018,93,3,225889.0,2,1,2,5,At Risk
C01627,206,4,225873.0,1,2,2,5,At Risk
C15750,1,4,225851.5,5,2,2,9,Potential Customers
C05442,214,3,225847.0,1,1,2,4,At Risk
C15778,94,5,225845.0,2,3,2,7,Potential Customers
C02927,5,4,225841.5,5,2,2,9,Potential Customers
C16839,7,5,225827.5,5,3,2,10,Loyal Customers
C13250,93,6,225824.0,2,3,2,7,Potential Customers
C05229,6,5,225820.0,5,3,2,10,Loyal Customers
C11685,150,3,225808.0,2,1,2,5,At Risk
C01092,65,3,225801.5,3,1,2,6,At Risk
C14311,7,6,225799.5,5,3,2,10,Loyal Customers
C10702,5,4,225755.0,5,2,2,9,Potential Customers
C16808,3,8,225743.5,5,4,2,11,Loyal Customers
C04913,44,5,225713.5,3,3,2,8,Potential Customers
C09505,165,4,225701.5,2,2,2,6,At Risk
C17102,46,4,225695.5,3,2,2,7,Potential Customers
C18997,5,5,225657.5,5,3,2,10,Loyal Customers
C08562,12,4,225656.5,5,2,2,9,Potential Customers
C02668,28,3,225648.5,4,1,2,7,Potential Customers
C08581,5,5,225553.5,5,3,2,10,Loyal Customers
C19030,47,6,225541.5,3,3,2,8,Potential Customers
C15005,9,5,225528.5,5,3,2,10,Loyal Customers
C04599,234,5,225427.5,1,3,2,6,At Risk
C15168,32,5,225348.5,4,3,2,9,Potential Customers
C00531,12,6,225345.5,5,3,2,10,Loyal Customers
C01127,5,3,225301.0,5,1,2,8,Potential Customers
C13236,239,3,225265.0,1,1,2,4,At Risk
C02410,177,5,225233.5,2,3,2,7,Potential Customers
C10250,37,5,225225.0,4,3,2,9,Potential Customers
C00090,14,4,225218.0,5,2,2,9,Potential Customers
C15457,124,3,225129.0,2,1,2,5,At Risk
C19226,89,6,225126.0,2,3,2,7,Potential Customers
C00598,47,5,225117.0,3,3,2,8,Potential Customers
C11042,26,5,225083.5,4,3,2,9,Potential Customers
C17895,29,7,225052.0,4,4,2,10,Loyal Customers
C10119,37,2,225039.0,4,1,2,7,Potential Customers
C08582,42,8,225009.5,3,4,2,9,Potential Customers
C16398,23,4,224971.0,4,2,2,8,Potential Customers
C17346,72,6,224964.0,3,3,2,8,Potential Customers
C09535,3,4,224963.0,5,2,2,9,Potential Customers
C01157,134,2,224953.5,2,1,2,5,At Risk
C15855,16,3,224937.0,5,1,2,8,Potential Customers
C14720,3,4,224886.0,5,2,2,9,Potential Customers
C02093,29,4,224880.0,4,2,2,8,Potential Customers
C07467,1,4,224865.5,5,2,2,9,Potential Customers
C15388,22,8,224852.5,4,4,2,10,Loyal Customers
C13223,51,6,224850.5,3,3,2,8,Potential Customers
C02608,65,4,224850.0,3,2,2,7,Potential Customers
C09462,5,10,224845.5,5,5,2,12,Loyal Customers
C12609,270,6,224824.0,1,3,2,6,At Risk
C14951,32,4,224808.0,4,2,2,8,Potential Customers
C04857,32,8,224795.0,4,4,2,10,Loyal Customers
C00739,175,4,224759.5,2,2,2,6,At Risk
C06086,100,4,224740.0,2,2,2,6,At Risk
C02025,85,4,224692.5,2,2,2,6,At Risk
C01774,66,6,224641.5,3,3,2,8,Potential Customers
C00123,43,5,224640.0,3,3,2,8,Potential Customers
C11502,32,6,224595.0,4,3,2,9,Potential Customers
C05161,53,8,224573.0,3,4,2,9,Potential Customers
C09882,84,4,224525.0,2,2,2,6,At Risk
C13382,37,5,224523.0,4,3,2,9,Potential Customers
C00392,53,6,224521.0,3,3,2,8,Potential Customers
C03705,136,7,224501.0,2,4,2,8,Potential Customers
C15961,136,4,224485.0,2,2,2,6,At Risk
C00128,83,6,224449.5,2,3,2,7,Potential Customers
C16076,131,6,224431.5,2,3,2,7,Potential Customers
C04196,21,5,224416.0,4,3,2,9,Potential Customers
C13951,13,4,224377.0,5,2,2,9,Potential Customers
C10878,28,6,224376.5,4,3,2,9,Potential Customers
C10656,34,6,224371.5,4,3,2,9,Potential Customers
C03898,25,7,224352.0,4,4,2,10,Loyal Customers
C19082,48,4,224350.0,3,2,2,7,Potential Customers
C12420,67,6,224329.0,3,3,2,8,Potential Customers
C15689,6,5,224325.0,5,3,2,10,Loyal Customers
C02860,38,3,224290.5,4,1,2,7,Potential Customers
C14488,7,4,224282.5,5,2,2,9,Potential Customers
C15556,32,5,224269.0,4,3,2,9,Potential Customers
C12706,119,5,224252.5,2,3,2,7,Potential Customers
C09359,28,5,224236.5,4,3,2,9,Potential Customers
C17290,54,5,224210.5,3,3,2,8,Potential Customers
C15544,127,6,224208.0,2,3,2,7,Potential Customers
C09277,55,7,224194.0,3,4,2,9,Potential Customers
C08747,527,2,224166.5,1,1,2,4,At Risk
C01371,97,5,224154.5,2,3,2,7,Potential Customers
C11629,3,3,224107.5,5,1,2,8,Potential Customers
C08579,129,5,224083.0,2,3,2,7,Potential Customers
C07624,5,8,224071.5,5,4,2,11,Loyal Customers
C15997,40,6,224056.0,3,3,2,8,Potential Customers
C09751,211,4,224042.5,1,2,2,5,At Risk
C19032,19,2,224037.0,4,1,2,7,Potential Customers
C15582,28,4,224032.5,4,2,2,8,Potential Customers
C16966,70,5,224031.5,3,3,2,8,Potential Customers
C06394,25,4,224014.5,4,2,2,8,Potential Customers
C10640,1,5,223977.0,5,3,2,10,Loyal Customers
C13089,102,3,223976.5,2,1,2,5,At Risk
C08129,56,8,223899.0,3,4,2,9,Potential Customers
C06164,128,6,223898.0,2,3,2,7,Potential Customers
C16896,67,7,223890.5,3,4,2,9,Potential Customers
C12671,16,4,223869.5,5,2,2,9,Potential Customers
C07217,2,5,223842.5,5,3,2,10,Loyal Customers
C09489,45,5,223799.5,3,3,2,8,Potential Customers
C03729,109,3,223783.5,2,1,2,5,At Risk
C04459,23,8,223776.0,4,4,2,10,Loyal Customers
C09317,221,5,223707.0,1,3,2,6,At Risk
C05536,206,9,223701.5,1,5,2,8,Potential Customers
C18321,29,5,223696.5,4,3,2,9,Potential Customers
C13506,253,3,223556.5,1,1,2,4,At Risk
C10960,10,6,223512.5,5,3,2,10,Loyal Customers
C13739,161,2,223459.5,2,1,2,5,At Risk
C04979,113,8,223435.5,2,4,2,8,Potential Customers
C15032,8,5,223434.0,5,3,2,10,Loyal Customers
C12468,56,5,223420.5,3,3,2,8,Potential Customers
C13715,61,5,223375.5,3,3,2,8,Potential Customers
C14055,5,5,223361.5,5,3,2,10,Loyal Customers
C04334,17,8,223353.5,5,4,2,11,Loyal Customers
C19589,40,10,223327.5,3,5,2,10,Loyal Customers
C00984,52,6,223283.5,3,3,2,8,Potential Customers
C03970,134,3,223250.0,2,1,2,5,At Risk
C05975,62,4,223235.5,3,2,2,7,Potential Customers
C16582,426,5,223145.5,1,3,2,6,At Risk
C05862,87,6,223144.0,2,3,2,7,Potential Customers
C19514,11,8,223142.0,5,4,2,11,Loyal Customers
C02566,4,5,223132.5,5,3,2,10,Loyal Customers
C16316,16,4,223132.5,5,2,2,9,Potential Customers
C16693,47,4,223131.0,3,2,2,7,Potential Customers
C12769,89,6,223108.0,2,3,2,7,Potential Customers
C10737,9,4,223101.0,5,2,2,9,Potential Customers
C11244,21,5,223095.0,4,3,2,9,Potential Customers
C17726,1,5,223058.0,5,3,2,10,Loyal Customers
C10011,19,6,223034.5,4,3,2,9,Potential Customers
C19277,272,4,223023.5,1,2,2,5,At Risk
C13731,22,4,223021.5,4,2,2,8,Potential Customers
C06940,23,5,223008.5,4,3,2,9,Potential Customers
C16051,7,5,223000.0,5,3,2,10,Loyal Customers
C18667,85,4,222974.5,2,2,2,6,At Risk
C00902,8,7,222947.5,5,4,2,11,Loyal Customers
C08879,5,7,222945.5,5,4,2,11,Loyal Customers
C12228,89,9,222939.5,2,5,2,9,Potential Customers
C11423,15,5,222910.0,5,3,2,10,Loyal Customers
C17142,26,5,222906.5,4,3,2,9,Potential Customers
C10890,81,6,222882.0,2,3,2,7,Potential Customers
C02464,15,4,222863.0,5,2,2,9,Potential Customers
C08116,222,5,222840.0,1,3,2,6,At Risk
C02672,167,4,222806.5,2,2,2,6,At Risk
C14143,90,4,222773.0,2,2,2,6,At Risk
C02571,58,9,222750.5,3,5,2,10,Loyal Customers
C17128,3,4,222741.0,5,2,2,9,Potential Customers
C06526,15,4,222694.0,5,2,2,9,Potential Customers
C00517,263,5,222667.0,1,3,2,6,At Risk
C13920,65,5,222657.5,3,3,2,8,Potential Customers
C00318,24,5,222630.5,4,3,2,9,Potential Customers
C13834,4,5,222625.0,5,3,2,10,Loyal Customers
C12783,31,4,222605.5,4,2,2,8,Potential Customers
C04222,9,3,222592.5,5,1,2,8,Potential Customers
C03478,28,6,222521.5,4,3,2,9,Potential Customers
C18000,119,2,222491.0,2,1,2,5,At Risk
C19286,22,5,222424.5,4,3,2,9,Potential Customers
C03396,96,3,222411.5,2,1,2,5,At Risk
C08039,280,2,222384.0,1,1,2,4,At Risk
C04306,22,5,222376.0,4,3,2,9,Potential Customers
C19862,14,9,222359.0,5,5,2,12,Loyal Customers
C09837,173,8,222355.0,2,4,2,8,Potential Customers
C17983,57,7,222330.5,3,4,2,9,Potential Customers
C02000,160,4,222328.5,2,2,2,6,At Risk
C10142,84,5,222322.0,2,3,2,7,Potential Customers
C08880,162,6,222314.0,2,3,2,7,Potential Customers
C16073,7,7,222301.5,5,4,2,11,Loyal Customers
C02188,11,4,222282.5,5,2,2,9,Potential Customers
C18268,95,6,222234.0,2,3,2,7,Potential Customers
C14034,166,5,222194.5,2,3,2,7,Potential Customers
C14354,45,5,222185.0,3,3,2,8,Potential Customers
C03727,166,9,222174.5,2,5,2,9,Potential Customers
C04799,217,6,222143.5,1,3,2,6,At Risk
C14921,80,9,222130.5,2,5,2,9,Potential Customers
C06166,10,9,222124.0,5,5,2,12,Loyal Customers
C11063,56,5,222122.0,3,3,2,8,Potential Customers
C02802,23,6,222108.5,4,3,2,9,Potential Customers
C15880,25,8,222104.0,4,4,2,10,Loyal Customers
C16054,49,6,222104.0,3,3,2,8,Potential Customers
C18341,17,5,222067.0,5,3,2,10,Loyal Customers
C18050,17,8,222064.5,5,4,2,11,Loyal Customers
C08816,163,5,222038.5,2,3,2,7,Potential Customers
C04189,77,4,222037.0,3,2,2,7,Potential Customers
C12084,129,5,222026.5,2,3,2,7,Potential Customers
C18408,25,2,221972.0,4,1,2,7,Potential Customers
C12221,63,4,221937.5,3,2,2,7,Potential Customers
C04062,30,4,221908.5,4,2,2,8,Potential Customers
C05017,64,7,221898.5,3,4,2,9,Potential Customers
C12306,16,6,221894.5,5,3,2,10,Loyal Customers
C12209,15,4,221886.0,5,2,2,9,Potential Customers
C06851,175,5,221868.5,2,3,2,7,Potential Customers
C06806,20,4,221859.5,4,2,2,8,Potential Customers
C01662,61,5,221838.0,3,3,2,8,Potential Customers
C14322,132,5,221817.0,2,3,2,7,Potential Customers
C02689,83,4,221799.5,2,2,2,6,At Risk
C16247,72,4,221766.5,3,2,2,7,Potential Customers
C02241,4,7,221712.0,5,4,2,11,Loyal Customers
C00313,61,6,221703.5,3,3,2,8,Potential Customers
C14616,7,6,221696.5,5,3,2,10,Loyal Customers
C13472,5,7,221691.5,5,4,2,11,Loyal Customers
C08254,80,4,221691.5,2,2,2,6,At Risk
C07173,11,5,221691.5,5,3,2,10,Loyal Customers
C16795,120,5,221669.5,2,3,2,7,Potential Customers
C19396,36,5,221665.5,4,3,2,9,Potential Customers
C12812,180,6,221654.0,2,3,2,7,Potential Customers
C08519,21,11,221636.0,4,5,2,11,Loyal Customers
C16819,38,8,221632.5,4,4,2,10,Loyal Customers
C17826,14,7,221629.0,5,4,2,11,Loyal Customers
C13818,129,3,221607.0,2,1,2,5,At Risk
C12504,108,9,221564.5,2,5,2,9,Potential Customers
C19203,1,7,221563.5,5,4,2,11,Loyal Customers
C12139,34,3,221557.0,4,1,2,7,Potential Customers
C19844,88,5,221552.5,2,3,2,7,Potential Customers
C11734,54,9,221512.0,3,5,2,10,Loyal Customers
C17767,149,4,221481.5,2,2,2,6,At Risk
C16758,1,4,221473.0,5,2,2,9,Potential Customers
C03910,66,5,221472.5,3,3,2,8,Potential Customers
C01904,12,5,221441.0,5,3,2,10,Loyal Customers
C16936,187,5,221418.5,1,3,2,6,At Risk
C10957,129,5,221413.5,2,3,2,7,Potential Customers
C15359,175,5,221369.5,2,3,2,7,Potential Customers
C01836,70,5,221368.0,3,3,2,8,Potential Customers
C11674,48,3,221366.5,3,1,2,6,At Risk
C06852,18,6,221339.0,4,3,2,9,Potential Customers
C05623,214,2,221337.0,1,1,2,4,At Risk
C01886,12,5,221317.0,5,3,2,10,Loyal Customers
C02990,34,5,221298.0,4,3,2,9,Potential Customers
C16625,50,6,221295.5,3,3,2,8,Potential Customers
C01493,4,6,221289.0,5,3,2,10,Loyal Customers
C16601,87,9,221251.0,2,5,2,9,Potential Customers
C17971,163,6,221215.0,2,3,2,7,Potential Customers
C18451,5,4,221196.5,5,2,2,9,Potential Customers
C06817,7,5,221190.0,5,3,2,10,Loyal Customers
C19900,2,5,221149.0,5,3,2,10,Loyal Customers
C00685,8,6,221108.0,5,3,2,10,Loyal Customers
C19182,77,6,221024.0,3,3,2,8,Potential Customers
C12992,70,3,221017.5,3,1,2,6,At Risk
C01483,22,4,220965.5,4,2,2,8,Potential Customers
C04530,106,6,220947.5,2,3,2,7,Potential Customers
C06537,50,4,220871.0,3,2,2,7,Potential Customers
C06876,1,6,220871.0,5,3,2,10,Loyal Customers
C14661,230,6,220867.5,1,3,2,6,At Risk
C11882,10,4,220860.5,5,2,2,9,Potential Customers
C01822,3,3,220835.0,5,1,2,8,Potential Customers
C03932,50,7,220831.0,3,4,2,9,Potential Customers
C04206,22,5,220819.5,4,3,2,9,Potential Customers
C15529,8,4,220792.5,5,2,2,9,Potential Customers
C16812,69,4,220789.5,3,2,2,7,Potential Customers
C19472,5,3,220777.0,5,1,2,8,Potential Customers
C07532,72,4,220757.0,3,2,2,7,Potential Customers
C16775,3,6,220745.0,5,3,2,10,Loyal Customers
C17607,7,6,220709.0,5,3,2,10,Loyal Customers
C06372,17,4,220704.0,5,2,2,9,Potential Customers
C05620,197,6,220685.5,1,3,2,6,At Risk
C09748,13,5,220680.5,5,3,2,10,Loyal Customers
C10605,151,3,220658.5,2,1,2,5,At Risk
C15425,1,6,220657.5,5,3,2,10,Loyal Customers
C12172,185,3,220601.0,1,1,2,4,At Risk
C04056,18,7,220598.0,4,4,2,10,Loyal Customers
C08599,2,6,220525.0,5,3,2,10,Loyal Customers
C07052,40,6,220514.5,3,3,2,8,Potential Customers
C12489,39,4,220495.0,4,2,2,8,Potential Customers
C01618,52,6,220491.5,3,3,2,8,Potential Customers
C11427,199,4,220476.5,1,2,2,5,At Risk
C13075,127,4,220458.5,2,2,2,6,At Risk
C00197,42,5,220423.0,3,3,2,8,Potential Customers
C05005,108,3,220418.0,2,1,2,5,At Risk
C12759,30,6,220383.0,4,3,2,9,Potential Customers
C06341,119,6,220356.0,2,3,2,7,Potential Customers
C11796,22,4,220342.5,4,2,2,8,Potential Customers
C18739,84,5,220339.0,2,3,2,7,Potential Customers
C16764,21,4,220325.0,4,2,2,8,Potential Customers
C07887,70,7,220320.5,3,4,2,9,Potential Customers
C16687,56,4,220308.0,3,2,2,7,Potential Customers
C19428,8,5,220298.0,5,3,2,10,Loyal Customers
C03768,2,6,220259.5,5,3,2,10,Loyal Customers
C01016,6,6,220250.5,5,3,2,10,Loyal Customers
C08510,156,4,220244.5,2,2,2,6,At Risk
C05076,9,7,220233.5,5,4,2,11,Loyal Customers
C00040,7,8,220227.5,5,4,2,11,Loyal Customers
C12310,62,3,220227.0,3,1,2,6,At Risk
C05772,71,2,220182.5,3,1,2,6,At Risk
C09001,19,6,220158.5,4,3,2,9,Potential Customers
C13820,100,6,220155.0,2,3,2,7,Potential Customers
C04553,57,4,220126.5,3,2,2,7,Potential Customers
C10220,50,5,220025.0,3,3,2,8,Potential Customers
C19431,11,3,220024.0,5,1,2,8,Potential Customers
C10192,280,2,219978.5,1,1,2,4,At Risk
C06668,8,4,219975.0,5,2,2,9,Potential Customers
C01028,32,3,219968.5,4,1,2,7,Potential Customers
C19186,4,8,219905.5,5,4,2,11,Loyal Customers
C18460,7,5,219886.5,5,3,2,10,Loyal Customers
C02008,6,4,219881.0,5,2,2,9,Potential Customers
C03419,31,6,219872.0,4,3,2,9,Potential Customers
C00481,38,7,219800.5,4,4,2,10,Loyal Customers
C06514,42,3,219795.5,3,1,2,6,At Risk
C04281,14,4,219786.5,5,2,2,9,Potential Customers
C08730,57,4,219774.5,3,2,2,7,Potential Customers
C19866,4,6,219748.5,5,3,2,10,Loyal Customers
C11631,6,6,219745.0,5,3,2,10,Loyal Customers
C05319,108,5,219743.5,2,3,2,7,Potential Customers
C02979,3,5,219704.5,5,3,2,10,Loyal Customers
C13607,31,2,219677.5,4,1,2,7,Potential Customers
C16486,42,6,219630.0,3,3,2,8,Potential Customers
C00900,123,2,219613.0,2,1,2,5,At Risk
C07630,1,5,219600.5,5,3,2,10,Loyal Customers
C13134,13,3,219582.0,5,1,2,8,Potential Customers
C04355,32,2,219560.5,4,1,2,7,Potential Customers
C04424,20,4,219538.0,4,2,2,8,Potential Customers
C15088,74,2,219523.5,3,1,2,6,At Risk
C18545,61,3,219507.5,3,1,2,6,At Risk
C11658,11,8,219505.5,5,4,2,11,Loyal Customers
C17032,41,6,219490.0,3,3,2,8,Potential Customers
C06687,6,7,219483.5,5,4,2,11,Loyal Customers
C08719,103,5,219470.5,2,3,2,7,Potential Customers
C02356,24,4,219458.5,4,2,2,8,Potential Customers
C18130,72,4,219443.0,3,2,2,7,Potential Customers
C12112,120,4,219417.5,2,2,2,6,At Risk
C00826,12,8,219388.5,5,4,2,11,Loyal Customers
C05414,138,5,219383.5,2,3,2,7,Potential Customers
C11695,43,4,219345.0,3,2,2,7,Potential Customers
C01759,4,4,219311.5,5,2,2,9,Potential Customers
C18419,10,7,219211.5,5,4,2,11,Loyal Customers
C10991,2,6,219205.5,5,3,2,10,Loyal Customers
C06673,19,3,219192.0,4,1,2,7,Potential Customers
C19280,150,8,219185.5,2,4,2,8,Potential Customers
C09600,49,5,219138.0,3,3,2,8,Potential Customers
C01917,4,7,219117.5,5,4,2,11,Loyal Customers
C03120,26,5,219113.5,4,3,2,9,Potential Customers
C14890,49,3,219088.0,3,1,2,6,At Risk
C10187,24,5,219080.0,4,3,2,9,Potential Customers
C00428,51,2,219079.0,3,1,2,6,At Risk
C08078,306,5,219078.0,1,3,2,6,At Risk
C03703,5,7,219060.5,5,4,2,11,Loyal Customers
C09608,13,6,219058.0,5,3,2,10,Loyal Customers
C07113,93,7,219055.5,2,4,2,8,Potential Customers
C10549,2,9,219024.0,5,5,2,12,Loyal Customers
C04583,37,6,218994.0,4,3,2,9,Potential Customers
C01441,94,5,218980.5,2,3,2,7,Potential Customers
C04043,19,3,218941.5,4,1,2,7,Potential Customers
C04771,1,4,218923.5,5,2,2,9,Potential Customers
C01676,36,5,218920.5,4,3,2,9,Potential Customers
C01189,6,6,218904.0,5,3,2,10,Loyal Customers
C10347,107,3,218852.5,2,1,2,5,At Risk
C16835,130,4,218848.5,2,2,2,6,At Risk
C16991,97,3,218802.5,2,1,2,5,At Risk
C18054,177,3,218761.0,2,1,2,5,At Risk
C19073,19,3,218751.0,4,1,2,7,Potential Customers
C05982,45,6,218736.0,3,3,2,8,Potential Customers
C03041,240,5,218710.0,1,3,2,6,At Risk
C04518,60,5,218704.0,3,3,2,8,Potential Customers
C15013,155,4,218592.0,2,2,2,6,At Risk
C10368,55,6,218554.5,3,3,2,8,Potential Customers
C16730,1,4,218527.0,5,2,2,9,Potential Customers
C01952,41,6,218526.5,3,3,2,8,Potential Customers
C11655,157,5,218524.5,2,3,2,7,Potential Customers
C01783,279,5,218507.0,1,3,2,6,At Risk
C18585,9,4,218436.0,5,2,2,9,Potential Customers
C10767,2,5,218435.5,5,3,2,10,Loyal Customers
C10229,108,4,218401.5,2,2,2,6,At Risk
C00078,11,5,218390.5,5,3,2,10,Loyal Customers
C07798,21,4,218380.5,4,2,2,8,Potential Customers
C05117,5,6,218365.5,5,3,2,10,Loyal Customers
C08532,39,6,218365.5,4,3,2,9,Potential Customers
C19877,149,4,218327.5,2,2,2,6,At Risk
C14083,1,5,218315.0,5,3,2,10,Loyal Customers
C00100,3,6,218310.5,5,3,2,10,Loyal Customers
C00111,4,2,218306.0,5,1,2,8,Potential Customers
C01624,280,2,218295.0,1,1,2,4,At Risk
C19637,14,6,218281.5,5,3,2,10,Loyal Customers
C09321,66,5,218259.5,3,3,2,8,Potential Customers
C09981,58,4,218256.5,3,2,2,7,Potential Customers
C12060,5,4,218247.0,5,2,2,9,Potential Customers
C17428,3,5,218235.0,5,3,2,10,Loyal Customers
C02812,96,7,218229.5,2,4,2,8,Potential Customers
C02446,9,6,218173.5,5,3,2,10,Loyal Customers
C09402,128,4,218107.0,2,2,2,6,At Risk
C15834,16,4,218104.5,5,2,2,9,Potential Customers
C18218,1,8,218103.0,5,4,2,11,Loyal Customers
C19007,193,8,218095.5,1,4,2,7,Potential Customers
C06795,17,5,218092.5,5,3,2,10,Loyal Customers
C05242,1,6,218084.5,5,3,2,10,Loyal Customers
C09445,1,6,218070.5,5,3,2,10,Loyal Customers
C02197,90,6,218032.0,2,3,2,7,Potential Customers
C07958,26,8,217999.5,4,4,2,10,Loyal Customers
C06420,4,8,217984.0,5,4,2,11,Loyal Customers
C04188,4,5,217964.5,5,3,2,10,Loyal Customers
C09995,142,4,217956.5,2,2,2,6,At Risk
C04812,40,7,217956.0,3,4,2,9,Potential Customers
C05185,15,4,217944.5,5,2,2,9,Potential Customers
C03270,135,5,217928.0,2,3,2,7,Potential Customers
C05417,6,4,217927.5,5,2,2,9,Potential Customers
C00397,13,4,217920.5,5,2,2,9,Potential Customers
C04694,4,4,217880.5,5,2,2,9,Potential Customers
C05922,7,2,217860.0,5,1,2,8,Potential Customers
C18770,39,6,217858.5,4,3,2,9,Potential Customers
C02324,156,5,217827.5,2,3,2,7,Potential Customers
C15782,52,7,217824.0,3,4,2,9,Potential Customers
C08283,38,4,217816.5,4,2,2,8,Potential Customers
C14228,150,6,217813.0,2,3,2,7,Potential Customers
C01435,32,4,217812.0,4,2,2,8,Potential Customers
C07040,22,9,217795.5,4,5,2,11,Loyal Customers
C02372,94,7,217753.5,2,4,2,8,Potential Customers
C01549,29,6,217751.5,4,3,2,9,Potential Customers
C07914,10,1,217740.0,5,1,2,8,Potential Customers
C02167,8,4,217695.5,5,2,2,9,Potential Customers
C02988,26,6,217688.5,4,3,2,9,Potential Customers
C16590,55,7,217681.0,3,4,2,9,Potential Customers
C13554,9,7,217680.5,5,4,2,11,Loyal Customers
C02323,185,3,217655.0,1,1,2,4,At Risk
C12053,166,5,217640.5,2,3,2,7,Potential Customers
C01689,228,4,217636.0,1,2,2,5,At Risk
C05227,96,7,217621.0,2,4,2,8,Potential Customers
C12336,21,5,217611.5,4,3,2,9,Potential Customers
C10260,26,3,217584.0,4,1,2,7,Potential Customers
C17005,206,3,217573.5,1,1,2,4,At Risk
C09533,21,10,217558.0,4,5,2,11,Loyal Customers
C14210,107,6,217546.0,2,3,2,7,Potential Customers
C19875,118,4,217545.0,2,2,2,6,At Risk
C10597,62,3,217527.0,3,1,2,6,At Risk
C09055,141,5,217507.0,2,3,2,7,Potential Customers
C00872,135,3,217503.5,2,1,2,5,At Risk
C13621,48,6,217486.0,3,3,2,8,Potential Customers
C01885,16,6,217466.0,5,3,2,10,Loyal Customers
C06551,12,9,217457.5,5,5,2,12,Loyal Customers
C02086,94,5,217444.5,2,3,2,7,Potential Customers
C09939,2,5,217436.0,5,3,2,10,Loyal Customers
C03328,196,5,217429.5,1,3,2,6,At Risk
C18799,72,7,217428.5,3,4,2,9,Potential Customers
C06576,1,3,217425.5,5,1,2,8,Potential Customers
C12660,80,3,217423.0,2,1,2,5,At Risk
C00436,307,5,217417.5,1,3,2,6,At Risk
C17457,29,6,217405.0,4,3,2,9,Potential Customers
C11788,11,2,217397.0,5,1,2,8,Potential Customers
C05259,25,4,217370.5,4,2,2,8,Potential Customers
C06184,13,4,217347.0,5,2,2,9,Potential Customers
C18336,12,8,217326.5,5,4,2,11,Loyal Customers
C04498,30,3,217319.0,4,1,2,7,Potential Customers
C12998,2,3,217314.5,5,1,2,8,Potential Customers
C18655,20,7,217299.5,4,4,2,10,Loyal Customers
C15899,150,6,217299.5,2,3,2,7,Potential Customers
C18828,2,7,217297.0,5,4,2,11,Loyal Customers
C08403,15,6,217293.5,5,3,2,10,Loyal Customers
C07253,11,4,217262.5,5,2,2,9,Potential Customers
C16154,34,7,217252.0,4,4,2,10,Loyal Customers
C04127,8,7,217246.0,5,4,2,11,Loyal Customers
C11648,94,5,217211.0,2,3,2,7,Potential Customers
C12043,32,6,217202.5,4,3,2,9,Potential Customers
C05733,41,2,217133.5,3,1,2,6,At Risk
C10047,28,6,217117.5,4,3,2,9,Potential Customers
C16280,2,3,217052.0,5,1,2,8,Potential Customers
C19999,51,3,217051.5,3,1,2,6,At Risk
C15319,12,4,217026.0,5,2,2,9,Potential Customers
C07992,2,5,217019.0,5,3,2,10,Loyal Customers
C13342,42,6,217018.0,3,3,2,8,Potential Customers
C10441,78,4,217001.5,3,2,2,7,Potential Customers
C15439,1,6,217000.0,5,3,2,10,Loyal Customers
C15864,412,5,216969.5,1,3,2,6,At Risk
C17297,170,9,216933.0,2,5,2,9,Potential Customers
C17266,120,3,216915.5,2,1,2,5,At Risk
C08678,24,7,216895.5,4,4,2,10,Loyal Customers
C01842,12,5,216892.0,5,3,2,10,Loyal Customers
C09994,31,2,216889.0,4,1,2,7,Potential Customers
C19368,3,5,216868.5,5,3,2,10,Loyal Customers
C02852,80,5,216734.0,2,3,2,7,Potential Customers
C03847,100,5,216717.0,2,3,2,7,Potential Customers
C13770,219,6,216672.0,1,3,2,6,At Risk
C10251,90,6,216658.0,2,3,2,7,Potential Customers
C12738,133,3,216639.5,2,1,2,5,At Risk
C14514,52,2,216578.0,3,1,2,6,At Risk
C11584,5,6,216566.0,5,3,2,10,Loyal Customers
C10830,1,3,216543.0,5,1,2,8,Potential Customers
C02901,18,4,216537.5,4,2,2,8,Potential Customers
C11823,335,2,216492.0,1,1,2,4,At Risk
C09280,137,6,216480.5,2,3,2,7,Potential Customers
C13290,109,6,216462.5,2,3,2,7,Potential Customers
C03404,47,3,216451.0,3,1,2,6,At Risk
C17881,33,6,216450.0,4,3,2,9,Potential Customers
C00502,42,8,216435.0,3,4,2,9,Potential Customers
C04194,4,5,216382.5,5,3,2,10,Loyal Customers
C14445,164,2,216376.5,2,1,2,5,At Risk
C07391,85,5,216365.5,2,3,2,7,Potential Customers
C14252,53,3,216363.0,3,1,2,6,At Risk
C08709,141,5,216309.0,2,3,2,7,Potential Customers
C10160,128,6,216255.0,2,3,2,7,Potential Customers
C13533,15,4,216251.0,5,2,2,9,Potential Customers
C13337,32,4,216250.5,4,2,2,8,Potential Customers
C09054,34,5,216249.0,4,3,2,9,Potential Customers
C14370,5,6,216222.5,5,3,2,10,Loyal Customers
C08651,1,4,216216.5,5,2,2,9,Potential Customers
C05299,29,6,216215.0,4,3,2,9,Potential Customers
C07851,13,5,216126.0,5,3,2,10,Loyal Customers
C18206,59,5,216108.5,3,3,2,8,Potential Customers
C15090,13,6,216098.5,5,3,2,10,Loyal Customers
C01429,100,9,216081.0,2,5,2,9,Potential Customers
C16916,171,4,216039.0,2,2,2,6,At Risk
C07162,7,4,216019.0,5,2,2,9,Potential Customers
C17029,1,6,216019.0,5,3,2,10,Loyal Customers
C16802,583,2,216018.0,1,1,2,4,At Risk
C03670,112,6,216007.0,2,3,2,7,Potential Customers
C08727,57,8,216002.0,3,4,2,9,Potential Customers
C13333,9,4,215990.0,5,2,2,9,Potential Customers
C15549,73,3,215986.0,3,1,2,6,At Risk
C02153,3,6,215964.0,5,3,2,10,Loyal Customers
C12779,30,4,215912.0,4,2,2,8,Potential Customers
C19478,16,3,215911.0,5,1,2,8,Potential Customers
C00190,35,4,215903.5,4,2,2,8,Potential Customers
C10524,49,6,215894.0,3,3,2,8,Potential Customers
C04399,93,5,215889.5,2,3,2,7,Potential Customers
C16910,15,6,215879.0,5,3,2,10,Loyal Customers
C08575,2,6,215853.0,5,3,2,10,Loyal Customers
C13043,41,6,215822.5,3,3,2,8,Potential Customers
C15030,2,5,215784.0,5,3,2,10,Loyal Customers
C14781,15,5,215769.5,5,3,2,10,Loyal Customers
C14276,45,2,215765.0,3,1,2,6,At Risk
C14726,80,4,215762.0,2,2,2,6,At Risk
C14954,117,5,215748.0,2,3,2,7,Potential Customers
C07852,1,6,215719.0,5,3,2,10,Loyal Customers
C12024,18,5,215715.5,4,3,2,9,Potential Customers
C08825,37,5,215697.5,4,3,2,9,Potential Customers
C00507,74,3,215690.0,3,1,2,6,At Risk
C00801,105,5,215680.0,2,3,2,7,Potential Customers
C11209,27,6,215666.5,4,3,2,9,Potential Customers
C08248,17,2,215655.0,5,1,2,8,Potential Customers
C00413,112,4,215618.0,2,2,2,6,At Risk
C13724,13,4,215612.5,5,2,2,9,Potential Customers
C17475,115,5,215593.0,2,3,2,7,Potential Customers
C01288,32,6,215591.0,4,3,2,9,Potential Customers
C04488,88,4,215584.5,2,2,2,6,At Risk
C04669,92,6,215579.0,2,3,2,7,Potential Customers
C13131,70,5,215576.0,3,3,2,8,Potential Customers
C05627,76,3,215571.0,3,1,2,6,At Risk
C15080,25,6,215545.0,4,3,2,9,Potential Customers
C03059,28,3,215519.5,4,1,2,7,Potential Customers
C14538,112,5,215507.0,2,3,2,7,Potential Customers
C16513,110,3,215496.0,2,1,2,5,At Risk
C05741,60,5,215488.5,3,3,2,8,Potential Customers
C01214,164,5,215476.0,2,3,2,7,Potential Customers
C02999,26,5,215467.0,4,3,2,9,Potential Customers
C02821,16,6,215444.5,5,3,2,10,Loyal Customers
C01160,275,4,215443.5,1,2,2,5,At Risk
C15714,6,6,215443.5,5,3,2,10,Loyal Customers
C17319,3,8,215437.5,5,4,2,11,Loyal Customers
C12563,2,6,215420.5,5,3,2,10,Loyal Customers
C06408,3,3,215362.0,5,1,2,8,Potential Customers
C10204,1,4,215360.5,5,2,2,9,Potential Customers
C05834,95,6,215329.5,2,3,2,7,Potential Customers
C00605,67,6,215304.0,3,3,2,8,Potential Customers
C08171,12,6,215302.0,5,3,2,10,Loyal Customers
C13208,2,3,215245.5,5,1,2,8,Potential Customers
C10719,11,4,215244.0,5,2,2,9,Potential Customers
C08938,15,6,215185.0,5,3,2,10,Loyal Customers
C15248,13,4,215179.0,5,2,2,9,Potential Customers
C02876,13,5,215173.5,5,3,2,10,Loyal Customers
C14259,28,5,215166.0,4,3,2,9,Potential Customers
C12345,90,2,215162.0,2,1,2,5,At Risk
C11447,59,3,215143.0,3,1,2,6,At Risk
C12110,22,7,215127.5,4,4,2,10,Loyal Customers
C09279,3,4,215124.5,5,2,2,9,Potential Customers
C16499,90,5,215119.5,2,3,2,7,Potential Customers
C04545,309,5,215080.5,1,3,2,6,At Risk
C02346,25,5,215075.5,4,3,2,9,Potential Customers
C07406,6,7,215064.0,5,4,2,11,Loyal Customers
C14327,141,6,215021.0,2,3,2,7,Potential Customers
C08499,258,6,214996.0,1,3,2,6,At Risk
C00490,73,6,214994.5,3,3,2,8,Potential Customers
C09284,115,5,214980.0,2,3,2,7,Potential Customers
C15893,15,5,214971.0,5,3,2,10,Loyal Customers
C19984,16,6,214937.0,5,3,2,10,Loyal Customers
C05027,142,5,214898.0,2,3,2,7,Potential Customers
C06642,234,3,214880.0,1,1,2,4,At Risk
C07413,35,6,214839.0,4,3,2,9,Potential Customers
C11223,6,4,214809.5,5,2,2,9,Potential Customers
C11408,19,6,214688.0,4,3,2,9,Potential Customers
C09429,126,6,214669.0,2,3,2,7,Potential Customers
C00209,3,6,214666.5,5,3,2,10,Loyal Customers
C00561,234,4,214606.5,1,2,2,5,At Risk
C11295,102,6,214589.5,2,3,2,7,Potential Customers
C15530,1,9,214588.0,5,5,2,12,Loyal Customers
C09298,5,5,214584.5,5,3,2,10,Loyal Customers
C03149,140,4,214552.0,2,2,2,6,At Risk
C04493,8,6,214475.5,5,3,2,10,Loyal Customers
C14975,54,4,214469.0,3,2,2,7,Potential Customers
C17849,12,4,214455.5,5,2,2,9,Potential Customers
C03640,45,4,214412.0,3,2,2,7,Potential Customers
C02049,198,3,214408.5,1,1,2,4,At Risk
C07520,84,2,214407.5,2,1,2,5,At Risk
C07652,164,3,214389.5,2,1,2,5,At Risk
C00630,424,2,214388.0,1,1,2,4,At Risk
C11362,19,4,214359.0,4,2,2,8,Potential Customers
C01201,11,5,214337.5,5,3,2,10,Loyal Customers
C14611,45,6,214227.0,3,3,2,8,Potential Customers
C02073,11,5,214222.5,5,3,2,10,Loyal Customers
C12826,383,4,214219.5,1,2,2,5,At Risk
C15859,69,5,214206.0,3,3,2,8,Potential Customers
C00889,8,4,214184.5,5,2,2,9,Potential Customers
C05013,161,4,214173.5,2,2,2,6,At Risk
C14977,15,4,214142.5,5,2,2,9,Potential Customers
C06457,145,7,214138.5,2,4,2,8,Potential Customers
C08288,59,3,214100.0,3,1,2,6,At Risk
C12517,106,4,214089.5,2,2,2,6,At Risk
C07767,32,5,214040.5,4,3,2,9,Potential Customers
C12529,104,4,214038.5,2,2,2,6,At Risk
C09207,113,5,214033.5,2,3,2,7,Potential Customers
C07180,82,8,214016.0,2,4,2,8,Potential Customers
C19502,19,7,214000.0,4,4,2,10,Loyal Customers
C16594,92,2,213952.0,2,1,2,5,At Risk
C14314,159,5,213871.5,2,3,2,7,Potential Customers
C01142,2,6,213853.0,5,3,2,10,Loyal Customers
C19620,1,5,213834.5,5,3,2,10,Loyal Customers
C11663,61,7,213832.0,3,4,2,9,Potential Customers
C08408,45,4,213804.0,3,2,2,7,Potential Customers
C06813,239,4,213793.5,1,2,2,5,At Risk
C17246,4,4,213746.0,5,2,2,9,Potential Customers
C05420,10,7,213735.5,5,4,2,11,Loyal Customers
C07016,139,4,213735.5,2,2,2,6,At Risk
C15412,38,3,213691.0,4,1,2,7,Potential Customers
C04327,143,3,213690.5,2,1,2,5,At Risk
C00145,2,4,213683.5,5,2,2,9,Potential Customers
C10740,87,8,213682.0,2,4,2,8,Potential Customers
C16215,95,5,213669.5,2,3,2,7,Potential Customers
C18698,6,6,213656.0,5,3,2,10,Loyal Customers
C11194,51,7,213656.0,3,4,2,9,Potential Customers
C07668,69,3,213611.5,3,1,2,6,At Risk
C12434,6,6,213605.5,5,3,2,10,Loyal Customers
C00017,16,4,213601.0,5,2,2,9,Potential Customers
C05130,164,5,213559.0,2,3,2,7,Potential Customers
C16547,44,5,213556.5,3,3,2,8,Potential Customers
C00807,38,4,213528.0,4,2,2,8,Potential Customers
C05371,58,6,213519.5,3,3,2,8,Potential Customers
C12619,112,4,213491.5,2,2,2,6,At Risk
C14668,372,3,213487.5,1,1,2,4,At Risk
C10280,39,6,213484.5,4,3,2,9,Potential Customers
C02793,70,8,213457.0,3,4,2,9,Potential Customers
C02412,3,5,213420.5,5,3,2,10,Loyal Customers
C05443,6,4,213406.0,5,2,2,9,Potential Customers
C08702,183,3,213356.0,1,1,2,4,At Risk
C10842,50,3,213310.0,3,1,2,6,At Risk
C02741,33,6,213289.0,4,3,2,9,Potential Customers
C16530,32,7,213242.0,4,4,2,10,Loyal Customers
C03483,28,6,213240.0,4,3,2,9,Potential Customers
C17912,6,3,213225.0,5,1,2,8,Potential Customers
C08590,8,4,213220.0,5,2,2,9,Potential Customers
C02696,92,5,213193.0,2,3,2,7,Potential Customers
C01414,36,8,213185.5,4,4,2,10,Loyal Customers
C05517,61,4,213182.0,3,2,2,7,Potential Customers
C17358,4,9,213171.0,5,5,2,12,Loyal Customers
C07233,8,6,213162.0,5,3,2,10,Loyal Customers
C09878,93,6,213160.0,2,3,2,7,Potential Customers
C10974,2,6,213152.0,5,3,2,10,Loyal Customers
C03930,123,4,213099.0,2,2,2,6,At Risk
C12730,346,6,213092.0,1,3,2,6,At Risk
C18846,10,6,213084.5,5,3,2,10,Loyal Customers
C07892,10,9,213084.0,5,5,2,12,Loyal Customers
C06450,22,4,213062.0,4,2,2,8,Potential Customers
C01059,5,4,213050.5,5,2,2,9,Potential Customers
C14625,25,4,213009.5,4,2,2,8,Potential Customers
C13678,15,5,213003.0,5,3,2,10,Loyal Customers
C17764,11,4,212965.5,5,2,2,9,Potential Customers
C06314,7,4,212962.5,5,2,2,9,Potential Customers
C06220,11,4,212942.5,5,2,2,9,Potential Customers
C06073,112,3,212938.5,2,1,2,5,At Risk
C19691,100,3,212909.5,2,1,2,5,At Risk
C01229,39,7,212897.5,4,4,2,10,Loyal Customers
C09970,6,8,212887.0,5,4,2,11,Loyal Customers
C07680,1,6,212728.5,5,3,2,10,Loyal Customers
C02653,22,3,212688.5,4,1,2,7,Potential Customers
C12175,28,4,212632.5,4,2,2,8,Potential Customers
C05595,5,3,212628.0,5,1,2,8,Potential Customers
C18789,20,5,212615.0,4,3,2,9,Potential Customers
C05632,65,5,212584.5,3,3,2,8,Potential Customers
C02004,5,5,212574.5,5,3,2,10,Loyal Customers
C14355,254,1,212565.0,1,1,2,4,At Risk
C09960,83,5,212546.0,2,3,2,7,Potential Customers
C01444,4,7,212543.0,5,4,2,11,Loyal Customers
C09071,360,3,212509.5,1,1,2,4,At Risk
C06708,5,10,212484.5,5,5,2,12,Loyal Customers
C00855,80,8,212470.0,2,4,2,8,Potential Customers
C09992,131,8,212459.5,2,4,2,8,Potential Customers
C19658,50,5,212449.0,3,3,2,8,Potential Customers
C03618,23,3,212440.0,4,1,2,7,Potential Customers
C10140,13,4,212436.5,5,2,2,9,Potential Customers
C02559,2,4,212430.0,5,2,2,9,Potential Customers
C03223,6,6,212412.0,5,3,2,10,Loyal Customers
C03495,21,3,212402.0,4,1,2,7,Potential Customers
C07402,129,5,212383.5,2,3,2,7,Potential Customers
C02916,38,6,212367.0,4,3,2,9,Potential Customers
C10612,40,4,212318.0,3,2,2,7,Potential Customers
C19597,14,4,212292.0,5,2,2,9,Potential Customers
C09243,11,6,212268.0,5,3,2,10,Loyal Customers
C05021,96,5,212253.5,2,3,2,7,Potential Customers
C02740,66,9,212229.5,3,5,2,10,Loyal Customers
C13720,7,7,212185.0,5,4,2,11,Loyal Customers
C18987,45,3,212137.0,3,1,2,6,At Risk
C13887,21,5,212131.0,4,3,2,9,Potential Customers
C06527,11,4,212123.5,5,2,2,9,Potential Customers
C11095,45,6,212056.5,3,3,2,8,Potential Customers
C00550,277,2,212039.0,1,1,2,4,At Risk
C01420,8,3,212035.0,5,1,2,8,Potential Customers
C12534,22,6,212009.0,4,3,2,9,Potential Customers
C15967,144,6,212006.5,2,3,2,7,Potential Customers
C12011,37,5,212004.5,4,3,2,9,Potential Customers
C05002,7,6,212002.0,5,3,2,10,Loyal Customers
C00218,50,5,211997.5,3,3,2,8,Potential Customers
C14267,57,7,211994.5,3,4,2,9,Potential Customers
C17289,54,3,211984.5,3,1,2,6,At Risk
C15422,13,2,211967.0,5,1,2,8,Potential Customers
C01620,136,5,211893.5,2,3,2,7,Potential Customers
C18445,64,6,211884.0,3,3,2,8,Potential Customers
C05951,77,7,211875.5,3,4,2,9,Potential Customers
C01990,7,4,211861.5,5,2,2,9,Potential Customers
C16373,34,3,211818.0,4,1,2,7,Potential Customers
C16630,80,4,211806.0,2,2,2,6,At Risk
C01507,14,8,211785.5,5,4,2,11,Loyal Customers
C16431,23,4,211775.5,4,2,2,8,Potential Customers
C02554,103,4,211735.0,2,2,2,6,At Risk
C00309,103,5,211727.5,2,3,2,7,Potential Customers
C08900,6,5,211695.0,5,3,2,10,Loyal Customers
C16617,90,5,211691.0,2,3,2,7,Potential Customers
C13133,4,3,211635.5,5,1,2,8,Potential Customers
C17253,95,6,211558.0,2,3,2,7,Potential Customers
C05065,72,5,211549.5,3,3,2,8,Potential Customers
C02037,8,6,211537.5,5,3,2,10,Loyal Customers
C16195,31,5,211439.0,4,3,2,9,Potential Customers
C10014,150,4,211401.5,2,2,2,6,At Risk
C07710,58,3,211379.0,3,1,2,6,At Risk
C14580,42,6,211356.0,3,3,2,8,Potential Customers
C03933,175,6,211351.0,2,3,2,7,Potential Customers
C18034,1,6,211349.5,5,3,2,10,Loyal Customers
C09862,1,7,211322.5,5,4,2,11,Loyal Customers
C10046,17,8,211296.5,5,4,2,11,Loyal Customers
C17734,1,9,211270.0,5,5,2,12,Loyal Customers
C03431,91,4,211250.0,2,2,2,6,At Risk
C12469,3,7,211173.5,5,4,2,11,Loyal Customers
C02420,105,2,211164.0,2,1,2,5,At Risk
C10033,54,4,211128.0,3,2,2,7,Potential Customers
C18201,29,5,211104.0,4,3,2,9,Potential Customers
C14290,231,4,211098.5,1,2,2,5,At Risk
C19110,95,2,211093.0,2,1,2,5,At Risk
C07966,103,4,211071.5,2,2,2,6,At Risk
C02849,46,5,211022.5,3,3,2,8,Potential Customers
C03380,4,5,211018.0,5,3,2,10,Loyal Customers
C03353,10,4,210992.5,5,2,2,9,Potential Customers
C19965,4,6,210980.5,5,3,2,10,Loyal Customers
C11925,18,4,210957.0,4,2,2,8,Potential Customers
C11907,213,4,210929.0,1,2,2,5,At Risk
C06358,134,3,210920.5,2,1,2,5,At Risk
C05251,11,5,210915.0,5,3,2,10,Loyal Customers
C00865,1,4,210886.0,5,2,2,9,Potential Customers
C16959,69,4,210871.0,3,2,2,7,Potential Customers
C16285,3,6,210859.0,5,3,2,10,Loyal Customers
C06738,13,4,210827.0,5,2,2,9,Potential Customers
C06445,348,4,210786.5,1,2,2,5,At Risk
C02602,50,5,210781.5,3,3,2,8,Potential Customers
C10182,157,5,210757.5,2,3,2,7,Potential Customers
C12835,116,4,210742.0,2,2,2,6,At Risk
C00228,3,6,210708.5,5,3,2,10,Loyal Customers
C17505,44,3,210703.0,3,1,2,6,At Risk
C07433,21,5,210699.5,4,3,2,9,Potential Customers
C18327,138,6,210640.5,2,3,2,7,Potential Customers
C17341,56,6,210613.5,3,3,2,8,Potential Customers
C14425,26,5,210564.0,4,3,2,9,Potential Customers
C18435,10,6,210542.0,5,3,2,10,Loyal Customers
C04562,14,8,210529.5,5,4,2,11,Loyal Customers
C07737,10,2,210476.0,5,1,2,8,Potential Customers
C02237,17,5,210464.0,5,3,2,10,Loyal Customers
C09092,14,2,210431.5,5,1,2,8,Potential Customers
C10770,160,5,210427.0,2,3,2,7,Potential Customers
C16455,61,5,210419.0,3,3,2,8,Potential Customers
C01491,54,3,210315.0,3,1,2,6,At Risk
C14042,23,6,210285.5,4,3,2,9,Potential Customers
C10908,10,8,210257.0,5,4,2,11,Loyal Customers
C12389,1,5,210220.0,5,3,2,10,Loyal Customers
C16829,20,4,210215.5,4,2,2,8,Potential Customers
C07123,31,1,210200.0,4,1,2,7,Potential Customers
C08174,1,6,210186.0,5,3,2,10,Loyal Customers
C07430,50,6,210181.0,3,3,2,8,Potential Customers
C17605,445,4,210139.5,1,2,2,5,At Risk
C15024,90,5,210139.5,2,3,2,7,Potential Customers
C03767,146,2,210127.5,2,1,2,5,At Risk
C07061,100,3,210124.5,2,1,2,5,At Risk
C00699,17,4,210117.0,5,2,2,9,Potential Customers
C05856,1,4,210105.0,5,2,2,9,Potential Customers
C02483,228,3,210084.0,1,1,2,4,At Risk
C00242,8,5,210060.5,5,3,2,10,Loyal Customers
C00510,11,4,210056.5,5,2,2,9,Potential Customers
C00978,31,5,210051.0,4,3,2,9,Potential Customers
C04000,59,3,210019.5,3,1,2,6,At Risk
C08885,76,4,210016.0,3,2,2,7,Potential Customers
C16439,22,4,210011.0,4,2,2,8,Potential Customers
C15288,2,3,209989.0,5,1,2,8,Potential Customers
C16305,20,6,209969.5,4,3,2,9,Potential Customers
C02862,22,6,209960.5,4,3,2,9,Potential Customers
C19995,76,8,209950.5,3,4,2,9,Potential Customers
C04575,134,4,209917.5,2,2,2,6,At Risk
C00170,58,5,209877.0,3,3,2,8,Potential Customers
C00271,14,2,209875.0,5,1,2,8,Potential Customers
C00095,10,5,209864.5,5,3,2,10,Loyal Customers
C04883,305,4,209824.0,1,2,2,5,At Risk
C11730,43,3,209820.5,3,1,2,6,At Risk
C03272,44,4,209796.0,3,2,2,7,Potential Customers
C03313,212,3,209795.0,1,1,2,4,At Risk
C02391,100,5,209793.0,2,3,2,7,Potential Customers
C02899,73,6,209779.5,3,3,2,8,Potential Customers
C18335,3,4,209778.5,5,2,2,9,Potential Customers
C07786,147,7,209746.5,2,4,2,8,Potential Customers
C16737,71,4,209735.0,3,2,2,7,Potential Customers
C06792,13,5,209712.0,5,3,2,10,Loyal Customers
C08901,49,2,209705.0,3,1,2,6,At Risk
C05826,296,2,209694.0,1,1,2,4,At Risk
C17002,1,4,209676.0,5,2,2,9,Potential Customers
C14133,372,4,209599.5,1,2,2,5,At Risk
C13488,162,3,209598.0,2,1,2,5,At Risk
C12483,64,7,209592.0,3,4,2,9,Potential Customers
C19464,34,8,209558.5,4,4,2,10,Loyal Customers
C04061,44,5,209531.5,3,3,2,8,Potential Customers
C11564,21,5,209519.0,4,3,2,9,Potential Customers
C10794,12,4,209466.0,5,2,2,9,Potential Customers
C05961,49,4,209452.0,3,2,2,7,Potential Customers
C16448,14,9,209451.5,5,5,2,12,Loyal Customers
C08578,4,4,209425.5,5,2,2,9,Potential Customers
C17208,11,6,209368.5,5,3,2,10,Loyal Customers
C14454,8,3,209299.0,5,1,2,8,Potential Customers
C11070,2,5,209292.0,5,3,2,10,Loyal Customers
C05598,18,4,209286.5,4,2,2,8,Potential Customers
C11177,62,4,209286.0,3,2,2,7,Potential Customers
C02770,7,3,209268.0,5,1,2,8,Potential Customers
C06577,2,4,209268.0,5,2,2,9,Potential Customers
C02631,88,3,209236.0,2,1,2,5,At Risk
C14678,43,4,209214.5,3,2,2,7,Potential Customers
C07918,5,6,209179.0,5,3,2,10,Loyal Customers
C19681,18,4,209172.5,4,2,2,8,Potential Customers
C03862,36,8,209160.5,4,4,2,10,Loyal Customers
C16860,20,4,209152.0,4,2,2,8,Potential Customers
C10881,14,8,209142.0,5,4,2,11,Loyal Customers
C12067,3,3,209132.5,5,1,2,8,Potential Customers
C09032,327,6,209088.5,1,3,2,6,At Risk
C10840,3,5,209079.0,5,3,2,10,Loyal Customers
C02315,12,4,209070.5,5,2,2,9,Potential Customers
C02535,72,5,209036.5,3,3,2,8,Potential Customers
C17405,19,6,208993.5,4,3,2,9,Potential Customers
C08328,172,7,208984.0,2,4,2,8,Potential Customers
C09786,83,6,208949.5,2,3,2,7,Potential Customers
C19539,3,3,208930.0,5,1,2,8,Potential Customers
C14700,11,8,208927.5,5,4,2,11,Loyal Customers
C17238,10,5,208919.0,5,3,2,10,Loyal Customers
C02245,25,3,208918.5,4,1,2,7,Potential Customers
C12234,179,3,208903.0,2,1,2,5,At Risk
C09086,44,5,208876.0,3,3,2,8,Potential Customers
C14156,3,3,208819.0,5,1,2,8,Potential Customers
C10170,177,4,208818.0,2,2,2,6,At Risk
C07765,24,6,208722.0,4,3,2,9,Potential Customers
C13058,23,4,208720.0,4,2,2,8,Potential Customers
C16136,46,6,208701.5,3,3,2,8,Potential Customers
C06332,124,6,208692.0,2,3,2,7,Potential Customers
C14008,48,5,208648.0,3,3,2,8,Potential Customers
C15067,95,4,208595.5,2,2,2,6,At Risk
C13545,150,4,208590.0,2,2,2,6,At Risk
C15031,6,5,208537.0,5,3,2,10,Loyal Customers
C07640,125,4,208524.5,2,2,2,6,At Risk
C11274,4,3,208518.0,5,1,2,8,Potential Customers
C15106,9,7,208505.0,5,4,2,11,Loyal Customers
C12878,1,7,208486.0,5,4,2,11,Loyal Customers
C09552,128,5,208438.5,2,3,2,7,Potential Customers
C12242,137,3,208436.5,2,1,2,5,At Risk
C18932,12,3,208432.0,5,1,2,8,Potential Customers
C14615,199,3,208398.5,1,1,2,4,At Risk
C14859,14,6,208396.0,5,3,2,10,Loyal Customers
C09768,1,3,208395.0,5,1,2,8,Potential Customers
C00943,62,7,208394.5,3,4,2,9,Potential Customers
C09051,276,3,208366.0,1,1,2,4,At Risk
C17664,6,3,208338.0,5,1,2,8,Potential Customers
C00559,30,4,208332.0,4,2,2,8,Potential Customers
C15650,29,9,208314.5,4,5,2,11,Loyal Customers
C05695,72,5,208312.0,3,3,2,8,Potential Customers
C09679,5,4,208295.5,5,2,2,9,Potential Customers
C18305,237,3,208282.5,1,1,2,4,At Risk
C03022,50,5,208280.5,3,3,2,8,Potential Customers
C18546,23,6,208270.0,4,3,2,9,Potential Customers
C17241,246,3,208232.5,1,1,2,4,At Risk
C17913,29,5,208202.5,4,3,2,9,Potential Customers
C16034,108,4,208186.5,2,2,2,6,At Risk
C03144,96,6,208157.0,2,3,2,7,Potential Customers
C05453,80,6,208139.5,2,3,2,7,Potential Customers
C10875,23,5,208124.5,4,3,2,9,Potential Customers
C14856,1,7,208119.5,5,4,2,11,Loyal Customers
C10712,1,4,208077.0,5,2,2,9,Potential Customers
C00287,86,2,208036.5,2,1,2,5,At Risk
C09426,68,5,208033.5,3,3,2,8,Potential Customers
C01659,3,5,208029.5,5,3,2,10,Loyal Customers
C09397,3,4,207997.5,5,2,2,9,Potential Customers
C16118,10,1,207994.0,5,1,2,8,Potential Customers
C11523,126,3,207987.5,2,1,2,5,At Risk
C09216,145,5,207953.0,2,3,2,7,Potential Customers
C16096,26,9,207943.5,4,5,2,11,Loyal Customers
C02070,129,6,207943.5,2,3,2,7,Potential Customers
C09663,159,5,207929.0,2,3,2,7,Potential Customers
C12788,200,5,207922.0,1,3,2,6,At Risk
C16393,150,3,207903.5,2,1,2,5,At Risk
C05339,6,5,207893.5,5,3,2,10,Loyal Customers
C07621,39,5,207835.0,4,3,2,9,Potential Customers
C18444,162,4,207812.0,2,2,2,6,At Risk
C18900,19,7,207776.5,4,4,2,10,Loyal Customers
C04001,127,5,207755.5,2,3,2,7,Potential Customers
C14023,21,6,207738.0,4,3,2,9,Potential Customers
C07739,149,4,207711.5,2,2,2,6,At Risk
C04223,2,5,207694.0,5,3,2,10,Loyal Customers
C04491,158,4,207658.0,2,2,2,6,At Risk
C16194,36,4,207657.5,4,2,2,8,Potential Customers
C19751,69,5,207643.5,3,3,2,8,Potential Customers
C12397,32,3,207617.5,4,1,2,7,Potential Customers
C15078,58,4,207615.5,3,2,2,7,Potential Customers
C18103,56,5,207613.0,3,3,2,8,Potential Customers
C05169,31,4,207581.0,4,2,2,8,Potential Customers
C17840,47,6,207553.0,3,3,2,8,Potential Customers
C15725,37,5,207543.5,4,3,2,9,Potential Customers
C04830,34,5,207464.5,4,3,2,9,Potential Customers
C14804,7,6,207450.0,5,3,2,10,Loyal Customers
C11221,22,6,207398.0,4,3,2,9,Potential Customers
C12784,79,5,207355.0,3,3,2,8,Potential Customers
C07115,162,3,207344.5,2,1,2,5,At Risk
C06693,9,9,207307.0,5,5,2,12,Loyal Customers
C10529,77,6,207295.5,3,3,2,8,Potential Customers
C02051,48,4,207279.0,3,2,2,7,Potential Customers
C00684,21,5,207252.5,4,3,2,9,Potential Customers
C15846,39,6,207240.5,4,3,2,9,Potential Customers
C00788,61,4,207228.5,3,2,2,7,Potential Customers
C10436,11,6,207208.5,5,3,2,10,Loyal Customers
C19054,31,3,207097.0,4,1,2,7,Potential Customers
C03422,127,6,207090.5,2,3,2,7,Potential Customers
C13833,13,5,207087.5,5,3,2,10,Loyal Customers
C10241,86,5,207074.0,2,3,2,7,Potential Customers
C14833,80,4,207041.5,2,2,2,6,At Risk
C05652,181,3,207041.0,1,1,2,4,At Risk
C19494,27,4,207034.5,4,2,2,8,Potential Customers
C04285,26,3,207031.5,4,1,2,7,Potential Customers
C11409,84,4,207022.0,2,2,2,6,At Risk
C07788,51,8,207022.0,3,4,2,9,Potential Customers
C13147,119,3,207002.0,2,1,2,5,At Risk
C18642,62,5,206995.0,3,3,2,8,Potential Customers
C01942,172,3,206972.0,2,1,2,5,At Risk
C00342,39,7,206960.0,4,4,2,10,Loyal Customers
C08475,173,3,206958.0,2,1,2,5,At Risk
C17416,145,2,206953.5,2,1,2,5,At Risk
C04778,62,4,206922.5,3,2,2,7,Potential Customers
C19298,160,4,206911.5,2,2,2,6,At Risk
C19979,55,5,206866.0,3,3,2,8,Potential Customers
C18712,149,4,206852.0,2,2,2,6,At Risk
C05052,70,6,206766.5,3,3,2,8,Potential Customers
C14713,79,4,206744.0,3,2,2,7,Potential Customers
C00746,241,3,206733.0,1,1,2,4,At Risk
C09703,9,4,206731.0,5,2,2,9,Potential Customers
C07398,33,6,206722.0,4,3,2,9,Potential Customers
C16378,32,7,206697.0,4,4,2,10,Loyal Customers
C04850,78,6,206694.5,3,3,2,8,Potential Customers
C02675,66,6,206668.0,3,3,2,8,Potential Customers
C19885,48,3,206662.5,3,1,2,6,At Risk
C13029,192,4,206636.0,1,2,2,5,At Risk
C04689,66,7,206596.5,3,4,2,9,Potential Customers
C00275,169,2,206587.0,2,1,2,5,At Risk
C15522,21,8,206564.0,4,4,2,10,Loyal Customers
C17035,69,7,206557.5,3,4,2,9,Potential Customers
C14101,63,3,206538.0,3,1,2,6,At Risk
C11607,54,2,206527.0,3,1,2,6,At Risk
C08343,173,7,206498.0,2,4,2,8,Potential Customers
C15810,11,6,206496.0,5,3,2,10,Loyal Customers
C02599,2,5,206488.5,5,3,2,10,Loyal Customers
C08342,5,9,206468.5,5,5,2,12,Loyal Customers
C19001,2,7,206422.0,5,4,2,11,Loyal Customers
C06435,16,5,206374.0,5,3,2,10,Loyal Customers
C11180,42,5,206348.5,3,3,2,8,Potential Customers
C16520,101,5,206295.0,2,3,2,7,Potential Customers
C01693,36,4,206292.5,4,2,2,8,Potential Customers
C13216,43,4,206247.5,3,2,2,7,Potential Customers
C15920,4,5,206223.0,5,3,2,10,Loyal Customers
C03779,47,6,206154.5,3,3,2,8,Potential Customers
C10378,328,4,206149.0,1,2,2,5,At Risk
C17325,1,5,206125.0,5,3,2,10,Loyal Customers
C18222,18,3,206104.5,4,1,2,7,Potential Customers
C00622,9,6,206089.0,5,3,2,10,Loyal Customers
C19516,228,7,206063.0,1,4,2,7,Potential Customers
C02848,5,6,206040.0,5,3,2,10,Loyal Customers
C09461,101,5,206039.0,2,3,2,7,Potential Customers
C01481,12,5,206010.0,5,3,2,10,Loyal Customers
C04347,28,2,205988.0,4,1,2,7,Potential Customers
C06288,230,4,205973.5,1,2,2,5,At Risk
C11051,14,5,205947.5,5,3,2,10,Loyal Customers
C11826,18,7,205886.0,4,4,2,10,Loyal Customers
C17796,34,5,205876.0,4,3,2,9,Potential Customers
C06891,35,4,205832.5,4,2,2,8,Potential Customers
C13095,11,6,205816.0,5,3,2,10,Loyal Customers
C00361,12,7,205810.5,5,4,2,11,Loyal Customers
C18469,86,4,205777.5,2,2,2,6,At Risk
C13164,24,6,205763.0,4,3,2,9,Potential Customers
C09877,241,2,205754.0,1,1,2,4,At Risk
C12113,34,8,205745.5,4,4,2,10,Loyal Customers
C01282,16,5,205715.0,5,3,2,10,Loyal Customers
C02216,277,3,205699.0,1,1,2,4,At Risk
C06188,44,4,205671.5,3,2,2,7,Potential Customers
C16015,70,7,205648.5,3,4,2,9,Potential Customers
C13851,140,5,205627.5,2,3,2,7,Potential Customers
C19394,4,5,205619.5,5,3,2,10,Loyal Customers
C07550,95,8,205583.0,2,4,2,8,Potential Customers
C13812,292,3,205537.0,1,1,2,4,At Risk
C07487,88,3,205536.0,2,1,2,5,At Risk
C10818,67,5,205522.0,3,3,2,8,Potential Customers
C02112,18,7,205519.0,4,4,2,10,Loyal Customers
C17087,74,5,205507.0,3,3,2,8,Potential Customers
C01980,57,5,205490.5,3,3,2,8,Potential Customers
C09498,6,4,205486.5,5,2,2,9,Potential Customers
C00284,111,5,205481.0,2,3,2,7,Potential Customers
C01764,1,4,205433.5,5,2,2,9,Potential Customers
C00279,58,3,205407.0,3,1,2,6,At Risk
C19461,44,6,205404.5,3,3,2,8,Potential Customers
C01033,341,2,205385.5,1,1,2,4,At Risk
C07585,35,5,205381.5,4,3,2,9,Potential Customers
C09432,43,6,205314.0,3,3,2,8,Potential Customers
C18466,32,3,205305.5,4,1,2,7,Potential Customers
C16612,274,3,205292.5,1,1,2,4,At Risk
C11862,5,6,205292.0,5,3,2,10,Loyal Customers
C08460,29,7,205271.0,4,4,2,10,Loyal Customers
C07689,129,4,205196.0,2,2,2,6,At Risk
C06479,7,6,205186.5,5,3,2,10,Loyal Customers
C00769,17,6,205155.5,5,3,2,10,Loyal Customers
C02122,30,6,205144.5,4,3,2,9,Potential Customers
C09982,20,8,205135.0,4,4,2,10,Loyal Customers
C01344,11,6,205126.5,5,3,2,10,Loyal Customers
C12871,80,5,205047.5,2,3,2,7,Potential Customers
C08931,7,4,205041.5,5,2,2,9,Potential Customers
C09873,42,6,205028.5,3,3,2,8,Potential Customers
C02100,12,4,204988.5,5,2,2,9,Potential Customers
C11972,31,6,204959.0,4,3,2,9,Potential Customers
C06623,83,7,204956.0,2,4,2,8,Potential Customers
C08334,14,3,204945.0,5,1,2,8,Potential Customers
C14337,10,4,204866.0,5,2,2,9,Potential Customers
C17494,67,3,204851.5,3,1,2,6,At Risk
C18127,78,6,204835.5,3,3,2,8,Potential Customers
C18080,2,6,204810.5,5,3,2,10,Loyal Customers
C16833,5,5,204798.0,5,3,2,10,Loyal Customers
C06335,183,7,204788.5,1,4,2,7,Potential Customers
C08750,98,5,204786.5,2,3,2,7,Potential Customers
C03939,138,4,204775.0,2,2,2,6,At Risk
C07632,3,2,204764.0,5,1,2,8,Potential Customers
C10059,32,3,204741.5,4,1,2,7,Potential Customers
C14018,2,5,204736.5,5,3,2,10,Loyal Customers
C04135,19,7,204729.0,4,4,2,10,Loyal Customers
C01399,38,8,204723.0,4,4,2,10,Loyal Customers
C13115,64,4,204690.0,3,2,2,7,Potential Customers
C00379,10,4,204683.5,5,2,2,9,Potential Customers
C04903,52,5,204664.0,3,3,2,8,Potential Customers
C18674,103,7,204661.0,2,4,2,8,Potential Customers
C03094,204,8,204642.5,1,4,2,7,Potential Customers
C10568,55,4,204635.0,3,2,2,7,Potential Customers
C14455,63,7,204628.5,3,4,2,9,Potential Customers
C07085,64,5,204608.5,3,3,2,8,Potential Customers
C11492,17,4,204588.0,5,2,2,9,Potential Customers
C19438,293,3,204581.0,1,1,2,4,At Risk
C06452,89,8,204553.5,2,4,2,8,Potential Customers
C07474,296,4,204543.5,1,2,2,5,At Risk
C00998,4,4,204539.0,5,2,2,9,Potential Customers
C05487,35,5,204528.5,4,3,2,9,Potential Customers
C15404,18,4,204459.5,4,2,2,8,Potential Customers
C12903,18,3,204448.5,4,1,2,7,Potential Customers
C11118,37,6,204414.5,4,3,2,9,Potential Customers
C09976,105,4,204402.0,2,2,2,6,At Risk
C12525,18,7,204398.5,4,4,2,10,Loyal Customers
C10871,7,3,204394.0,5,1,2,8,Potential Customers
C00286,38,2,204387.0,4,1,2,7,Potential Customers
C03472,8,6,204354.0,5,3,2,10,Loyal Customers
C07152,167,4,204346.5,2,2,2,6,At Risk
C19134,27,5,204345.0,4,3,2,9,Potential Customers
C19045,39,5,204343.5,4,3,2,9,Potential Customers
C18575,21,5,204333.0,4,3,2,9,Potential Customers
C17652,98,5,204322.0,2,3,2,7,Potential Customers
C14257,127,4,204303.5,2,2,2,6,At Risk
C13317,132,8,204287.5,2,4,2,8,Potential Customers
C03373,11,5,204257.0,5,3,2,10,Loyal Customers
C05985,3,7,204231.5,5,4,2,11,Loyal Customers
C04548,27,5,204135.0,4,3,2,9,Potential Customers
C14945,5,6,204089.0,5,3,2,10,Loyal Customers
C02766,75,6,204064.5,3,3,2,8,Potential Customers
C06871,95,6,204059.5,2,3,2,7,Potential Customers
C19980,91,4,204048.0,2,2,2,6,At Risk
C00440,10,4,204042.5,5,2,2,9,Potential Customers
C07937,75,3,204037.0,3,1,2,6,At Risk
C12490,80,4,203993.0,2,2,2,6,At Risk
C04076,11,6,203955.5,5,3,2,10,Loyal Customers
C11416,73,6,203901.5,3,3,2,8,Potential Customers
C10772,23,7,203889.0,4,4,2,10,Loyal Customers
C02467,23,5,203877.5,4,3,2,9,Potential Customers
C06898,73,7,203868.5,3,4,2,9,Potential Customers
C17006,38,4,203864.5,4,2,2,8,Potential Customers
C05380,1,6,203853.0,5,3,2,10,Loyal Customers
C10184,62,5,203793.5,3,3,2,8,Potential Customers
C07615,232,6,203755.0,1,3,2,6,At Risk
C13654,35,5,203751.0,4,3,2,9,Potential Customers
C10551,80,2,203746.5,2,1,2,5,At Risk
C16911,30,4,203740.5,4,2,2,8,Potential Customers
C01292,22,6,203701.0,4,3,2,9,Potential Customers
C11452,25,5,203687.0,4,3,2,9,Potential Customers
C06733,2,4,203682.0,5,2,2,9,Potential Customers
C10428,69,4,203648.5,3,2,2,7,Potential Customers
C15953,19,8,203632.0,4,4,2,10,Loyal Customers
C18120,28,4,203566.5,4,2,2,8,Potential Customers
C08791,109,3,203537.5,2,1,2,5,At Risk
C05235,82,4,203532.5,2,2,2,6,At Risk
C00584,2,6,203527.0,5,3,2,10,Loyal Customers
C14831,101,5,203486.0,2,3,2,7,Potential Customers
C00020,37,4,203469.5,4,2,2,8,Potential Customers
C02970,256,5,203452.0,1,3,2,6,At Risk
C17125,64,7,203441.0,3,4,2,9,Potential Customers
C05430,119,5,203436.5,2,3,2,7,Potential Customers
C16172,56,5,203411.0,3,3,2,8,Potential Customers
C06563,64,9,203398.0,3,5,2,10,Loyal Customers
C12912,24,4,203394.5,4,2,2,8,Potential Customers
C08464,46,7,203379.5,3,4,2,9,Potential Customers
C07027,4,5,203352.0,5,3,2,10,Loyal Customers
C16623,10,4,203330.5,5,2,2,9,Potential Customers
C19603,81,5,203314.0,2,3,2,7,Potential Customers
C00352,10,3,203289.0,5,1,2,8,Potential Customers
C11458,68,4,203266.5,3,2,2,7,Potential Customers
C12554,13,6,203198.5,5,3,2,10,Loyal Customers
C16201,4,6,203147.0,5,3,2,10,Loyal Customers
C12943,24,3,203143.0,4,1,2,7,Potential Customers
C03935,36,5,203123.0,4,3,2,9,Potential Customers
C18039,42,4,203091.0,3,2,2,7,Potential Customers
C02591,44,4,203071.0,3,2,2,7,Potential Customers
C01416,11,9,203053.5,5,5,2,12,Loyal Customers
C13897,60,8,203051.0,3,4,2,9,Potential Customers
C13683,1,7,203019.5,5,4,2,11,Loyal Customers
C05640,68,4,202995.0,3,2,2,7,Potential Customers
C08996,3,7,202958.5,5,4,2,11,Loyal Customers
C01037,2,7,202925.5,5,4,2,11,Loyal Customers
C01924,19,6,202917.5,4,3,2,9,Potential Customers
C17144,2,6,202917.0,5,3,2,10,Loyal Customers
C17291,99,7,202873.5,2,4,2,8,Potential Customers
C01315,38,2,202868.5,4,1,2,7,Potential Customers
C18031,108,3,202809.5,2,1,2,5,At Risk
C10814,218,2,202792.5,1,1,2,4,At Risk
C07841,171,5,202781.0,2,3,2,7,Potential Customers
C08222,87,5,202748.5,2,3,2,7,Potential Customers
C10425,37,7,202740.5,4,4,2,10,Loyal Customers
C03581,14,5,202739.5,5,3,2,10,Loyal Customers
C13990,49,3,202709.0,3,1,2,6,At Risk
C10858,7,4,202694.5,5,2,2,9,Potential Customers
C04315,30,5,202647.5,4,3,2,9,Potential Customers
C02663,1,4,202643.5,5,2,2,9,Potential Customers
C12032,12,5,202631.5,5,3,2,10,Loyal Customers
C10948,4,4,202630.5,5,2,2,9,Potential Customers
C12892,60,4,202630.5,3,2,2,7,Potential Customers
C12979,25,5,202621.0,4,3,2,9,Potential Customers
C03571,6,6,202592.0,5,3,2,10,Loyal Customers
C01913,143,4,202565.0,2,2,2,6,At Risk
C08566,155,6,202546.0,2,3,2,7,Potential Customers
C03118,5,4,202538.5,5,2,2,9,Potential Customers
C02333,58,5,202538.5,3,3,2,8,Potential Customers
C14145,1,3,202514.0,5,1,2,8,Potential Customers
C06255,106,3,202508.5,2,1,2,5,At Risk
C13608,67,5,202460.5,3,3,2,8,Potential Customers
C15769,43,6,202456.5,3,3,2,8,Potential Customers
C12607,20,7,202438.5,4,4,2,10,Loyal Customers
C19327,157,6,202392.5,2,3,2,7,Potential Customers
C15662,12,5,202368.5,5,3,2,10,Loyal Customers
C14232,8,6,202350.5,5,3,2,10,Loyal Customers
C15617,139,4,202332.5,2,2,2,6,At Risk
C00333,6,7,202332.0,5,4,2,11,Loyal Customers
C14190,14,5,202329.0,5,3,2,10,Loyal Customers
C11321,28,3,202316.0,4,1,2,7,Potential Customers
C12699,51,6,202313.5,3,3,2,8,Potential Customers
C00772,87,5,202296.0,2,3,2,7,Potential Customers
C03686,5,5,202285.0,5,3,2,10,Loyal Customers
C13616,22,5,202277.0,4,3,2,9,Potential Customers
C08210,12,4,202274.5,5,2,2,9,Potential Customers
C07888,19,4,202270.0,4,2,2,8,Potential Customers
C09220,1,3,202267.5,5,1,2,8,Potential Customers
C07232,107,7,202267.5,2,4,2,8,Potential Customers
C19657,27,5,202233.0,4,3,2,9,Potential Customers
C12203,94,7,202189.0,2,4,2,8,Potential Customers
C17514,66,6,202158.5,3,3,2,8,Potential Customers
C07298,1,6,202149.5,5,3,2,10,Loyal Customers
C00159,10,4,202090.5,5,2,2,9,Potential Customers
C07098,76,4,202088.0,3,2,2,7,Potential Customers
C10666,310,3,202076.5,1,1,2,4,At Risk
C14922,190,1,202074.5,1,1,2,4,At Risk
C01226,3,10,202035.5,5,5,2,12,Loyal Customers
C19245,148,3,201991.5,2,1,2,5,At Risk
C04171,6,3,201977.5,5,1,2,8,Potential Customers
C12646,21,2,201949.0,4,1,2,7,Potential Customers
C03397,7,6,201944.5,5,3,2,10,Loyal Customers
C14836,14,5,201931.0,5,3,2,10,Loyal Customers
C04265,17,4,201917.5,5,2,2,9,Potential Customers
C10531,151,3,201899.0,2,1,2,5,At Risk
C04672,43,6,201897.5,3,3,2,8,Potential Customers
C12745,116,3,201883.0,2,1,2,5,At Risk
C11974,52,2,201847.0,3,1,2,6,At Risk
C13960,232,7,201842.0,1,4,2,7,Potential Customers
C08304,134,5,201769.5,2,3,2,7,Potential Customers
C13303,148,5,201763.0,2,3,2,7,Potential Customers
C03926,66,6,201749.0,3,3,2,8,Potential Customers
C02986,1,5,201640.0,5,3,2,10,Loyal Customers
C18316,35,4,201625.5,4,2,2,8,Potential Customers
C07806,20,7,201617.0,4,4,2,10,Loyal Customers
C00492,35,5,201614.0,4,3,2,9,Potential Customers
C06223,78,3,201586.0,3,1,2,6,At Risk
C09136,27,5,201582.5,4,3,2,9,Potential Customers
C07083,31,5,201538.0,4,3,2,9,Potential Customers
C18367,35,4,201533.0,4,2,2,8,Potential Customers
C19524,44,5,201519.0,3,3,2,8,Potential Customers
C16241,114,4,201509.5,2,2,2,6,At Risk
C11308,13,4,201488.5,5,2,2,9,Potential Customers
C10278,59,7,201418.5,3,4,2,9,Potential Customers
C06502,83,6,201365.0,2,3,2,7,Potential Customers
C17633,126,3,201356.0,2,1,2,5,At Risk
C06970,68,6,201339.0,3,3,2,8,Potential Customers
C14704,33,3,201317.0,4,1,2,7,Potential Customers
C00740,35,5,201316.5,4,3,2,9,Potential Customers
C14670,1,7,201293.5,5,4,2,11,Loyal Customers
C19347,38,10,201213.0,4,5,2,11,Loyal Customers
C09954,28,5,201192.5,4,3,2,9,Potential Customers
C08271,44,4,201192.0,3,2,2,7,Potential Customers
C02772,3,5,201168.0,5,3,2,10,Loyal Customers
C18856,31,4,201151.0,4,2,2,8,Potential Customers
C01194,69,6,201140.0,3,3,2,8,Potential Customers
C04807,9,6,201138.5,5,3,2,10,Loyal Customers
C12291,19,5,201111.0,4,3,2,9,Potential Customers
C12936,84,3,201093.5,2,1,2,5,At Risk
C07045,33,6,201092.0,4,3,2,9,Potential Customers
C11029,82,9,201090.0,2,5,2,9,Potential Customers
C11257,18,3,201053.5,4,1,2,7,Potential Customers
C07614,69,5,201021.5,3,3,2,8,Potential Customers
C12480,46,5,201012.0,3,3,2,8,Potential Customers
C19989,56,5,200977.5,3,3,2,8,Potential Customers
C11592,364,4,200906.5,1,2,2,5,At Risk
C12795,61,3,200876.0,3,1,2,6,At Risk
C09094,64,4,200857.5,3,2,2,7,Potential Customers
C12989,93,3,200782.0,2,1,2,5,At Risk
C01810,32,6,200768.5,4,3,2,9,Potential Customers
C08985,20,7,200728.5,4,4,2,10,Loyal Customers
C11770,32,5,200706.5,4,3,2,9,Potential Customers
C10723,76,5,200702.5,3,3,2,8,Potential Customers
C19006,1,7,200690.5,5,4,2,11,Loyal Customers
C08077,11,6,200677.0,5,3,2,10,Loyal Customers
C11045,5,5,200672.5,5,3,2,10,Loyal Customers
C03066,22,5,200671.5,4,3,2,9,Potential Customers
C19253,87,2,200654.0,2,1,2,5,At Risk
C19051,9,5,200634.0,5,3,2,10,Loyal Customers
C19474,98,5,200552.0,2,3,2,7,Potential Customers
C01995,32,9,200512.0,4,5,2,11,Loyal Customers
C17435,21,8,200500.0,4,4,2,10,Loyal Customers
C04561,35,5,200472.0,4,3,2,9,Potential Customers
C06721,3,4,200451.5,5,2,2,9,Potential Customers
C13264,61,5,200448.5,3,3,2,8,Potential Customers
C02580,148,5,200439.5,2,3,2,7,Potential Customers
C09412,22,5,200421.0,4,3,2,9,Potential Customers
C14756,21,6,200407.5,4,3,2,9,Potential Customers
C09154,13,5,200344.5,5,3,2,10,Loyal Customers
C19138,57,5,200329.5,3,3,2,8,Potential Customers
C15545,10,5,200293.5,5,3,2,10,Loyal Customers
C18099,18,4,200273.5,4,2,2,8,Potential Customers
C01534,15,5,200266.0,5,3,2,10,Loyal Customers
C15775,65,4,200256.5,3,2,2,7,Potential Customers
C13344,427,6,200234.0,1,3,2,6,At Risk
C08924,2,5,200219.5,5,3,2,10,Loyal Customers
C12790,91,5,200216.0,2,3,2,7,Potential Customers
C09765,98,3,200184.5,2,1,2,5,At Risk
C19951,43,8,200146.0,3,4,2,9,Potential Customers
C08368,34,5,200134.0,4,3,2,9,Potential Customers
C14764,98,6,200109.5,2,3,2,7,Potential Customers
C04271,20,3,200070.0,4,1,2,7,Potential Customers
C19042,149,9,200051.5,2,5,2,9,Potential Customers
C17997,57,4,200024.0,3,2,2,7,Potential Customers
C19451,45,4,199986.5,3,2,2,7,Potential Customers
C01297,24,4,199980.0,4,2,2,8,Potential Customers
C15983,3,2,199972.0,5,1,2,8,Potential Customers
C14843,81,4,199965.5,2,2,2,6,At Risk
C10602,1,4,199964.0,5,2,2,9,Potential Customers
C08689,41,5,199905.0,3,3,2,8,Potential Customers
C00250,315,2,199905.0,1,1,2,4,At Risk
C08913,1,6,199904.0,5,3,2,10,Loyal Customers
C04699,225,3,199896.0,1,1,2,4,At Risk
C05864,181,4,199871.5,1,2,2,5,At Risk
C02327,62,4,199869.5,3,2,2,7,Potential Customers
C01733,1,6,199839.0,5,3,2,10,Loyal Customers
C06993,154,2,199817.5,2,1,2,5,At Risk
C07331,9,4,199746.5,5,2,2,9,Potential Customers
C03981,191,8,199724.0,1,4,2,7,Potential Customers
C11429,23,5,199706.5,4,3,2,9,Potential Customers
C13146,222,4,199692.5,1,2,2,5,At Risk
C19762,89,3,199684.0,2,1,2,5,At Risk
C04054,44,4,199680.5,3,2,2,7,Potential Customers
C06065,66,6,199670.5,3,3,2,8,Potential Customers
C12179,3,7,199633.0,5,4,2,11,Loyal Customers
C14893,20,4,199591.0,4,2,2,8,Potential Customers
C10266,124,4,199570.0,2,2,2,6,At Risk
C06259,80,8,199547.5,2,4,2,8,Potential Customers
C17963,6,5,199547.5,5,3,2,10,Loyal Customers
C12521,190,6,199516.0,1,3,2,6,At Risk
C14475,133,6,199515.5,2,3,2,7,Potential Customers
C12847,22,5,199506.5,4,3,2,9,Potential Customers
C10175,10,3,199482.0,5,1,2,8,Potential Customers
C10816,5,7,199435.5,5,4,2,11,Loyal Customers
C06931,10,8,199428.5,5,4,2,11,Loyal Customers
C09534,34,5,199427.5,4,3,2,9,Potential Customers
C13352,12,4,199405.5,5,2,2,9,Potential Customers
C03983,40,4,199386.5,3,2,2,7,Potential Customers
C05253,120,2,199374.0,2,1,2,5,At Risk
C03982,135,6,199357.5,2,3,2,7,Potential Customers
C15558,78,7,199355.5,3,4,2,9,Potential Customers
C15368,46,3,199353.0,3,1,2,6,At Risk
C00109,53,6,199338.5,3,3,2,8,Potential Customers
C04965,73,3,199307.0,3,1,2,6,At Risk
C19300,2,6,199243.0,5,3,2,10,Loyal Customers
C14895,152,6,199204.5,2,3,2,7,Potential Customers
C01932,243,5,199199.0,1,3,2,6,At Risk
C09811,55,6,199182.5,3,3,2,8,Potential Customers
C17333,35,5,199180.5,4,3,2,9,Potential Customers
C01277,208,5,199156.5,1,3,2,6,At Risk
C02343,24,4,199153.0,4,2,2,8,Potential Customers
C04500,22,1,199132.0,4,1,2,7,Potential Customers
C07512,60,5,199127.5,3,3,2,8,Potential Customers
C01192,10,5,199123.5,5,3,2,10,Loyal Customers
C14030,112,3,199117.0,2,1,2,5,At Risk
C06594,21,4,199106.5,4,2,2,8,Potential Customers
C03692,19,8,199081.0,4,4,2,10,Loyal Customers
C11896,68,5,199080.0,3,3,2,8,Potential Customers
C02378,64,2,199074.5,3,1,2,6,At Risk
C17976,187,7,199056.5,1,4,2,7,Potential Customers
C08669,14,7,199056.0,5,4,2,11,Loyal Customers
C00312,19,3,199019.5,4,1,2,7,Potential Customers
C00277,61,7,198972.0,3,4,2,9,Potential Customers
C16912,11,6,198951.0,5,3,2,10,Loyal Customers
C05102,14,7,198929.5,5,4,2,11,Loyal Customers
C13019,86,3,198907.5,2,1,2,5,At Risk
C15911,2,8,198879.0,5,4,2,11,Loyal Customers
C19703,66,3,198864.0,3,1,2,6,At Risk
C13799,18,4,198851.5,4,2,2,8,Potential Customers
C06715,53,3,198851.5,3,1,2,6,At Risk
C16782,2,3,198827.0,5,1,2,8,Potential Customers
C11678,100,3,198814.0,2,1,2,5,At Risk
C16591,47,7,198797.0,3,4,2,9,Potential Customers
C05301,13,4,198775.0,5,2,2,9,Potential Customers
C09833,69,7,198772.0,3,4,2,9,Potential Customers
C16593,69,2,198737.0,3,1,2,6,At Risk
C14261,58,7,198735.0,3,4,2,9,Potential Customers
C17423,1,4,198731.5,5,2,2,9,Potential Customers
C11657,111,6,198730.5,2,3,2,7,Potential Customers
C15906,45,8,198687.5,3,4,2,9,Potential Customers
C01419,72,4,198651.0,3,2,2,7,Potential Customers
C03978,2,7,198650.5,5,4,2,11,Loyal Customers
C12570,73,1,198649.5,3,1,2,6,At Risk
C04219,51,5,198641.0,3,3,2,8,Potential Customers
C00534,169,3,198620.0,2,1,2,5,At Risk
C04406,231,6,198610.5,1,3,2,6,At Risk
C04392,92,5,198604.0,2,3,2,7,Potential Customers
C10527,46,6,198595.5,3,3,2,8,Potential Customers
C00182,97,4,198544.5,2,2,2,6,At Risk
C06239,4,4,198532.0,5,2,2,9,Potential Customers
C01800,6,3,198498.5,5,1,2,8,Potential Customers
C16188,61,8,198480.5,3,4,2,9,Potential Customers
C08291,331,3,198480.0,1,1,2,4,At Risk
C19893,1,5,198478.5,5,3,2,10,Loyal Customers
C16686,82,6,198476.5,2,3,2,7,Potential Customers
C10162,8,5,198475.5,5,3,2,10,Loyal Customers
C10050,52,5,198467.0,3,3,2,8,Potential Customers
C15728,6,6,198457.0,5,3,2,10,Loyal Customers
C08922,71,2,198449.5,3,1,2,6,At Risk
C12877,164,6,198413.0,2,3,2,7,Potential Customers
C15022,51,4,198366.5,3,2,2,7,Potential Customers
C13639,63,6,198341.5,3,3,2,8,Potential Customers
C09945,158,3,198323.5,2,1,2,5,At Risk
C19914,9,4,198280.5,5,2,2,9,Potential Customers
C06597,128,3,198277.5,2,1,2,5,At Risk
C01257,7,5,198274.0,5,3,2,10,Loyal Customers
C17795,194,2,198266.5,1,1,2,4,At Risk
C03197,98,6,198200.5,2,3,2,7,Potential Customers
C05047,7,2,198200.0,5,1,2,8,Potential Customers
C05193,47,6,198194.0,3,3,2,8,Potential Customers
C09932,193,6,198193.5,1,3,2,6,At Risk
C12917,87,3,198161.0,2,1,2,5,At Risk
C19805,20,8,198160.5,4,4,2,10,Loyal Customers
C14027,18,5,198147.0,4,3,2,9,Potential Customers
C14653,55,4,198133.0,3,2,2,7,Potential Customers
C09469,29,4,198125.0,4,2,2,8,Potential Customers
C18653,17,4,198116.5,5,2,2,9,Potential Customers
C17501,88,6,198101.0,2,3,2,7,Potential Customers
C08056,1,4,198098.0,5,2,2,9,Potential Customers
C01305,8,6,198095.0,5,3,2,10,Loyal Customers
C12884,10,6,198089.5,5,3,2,10,Loyal Customers
C00946,2,5,198079.5,5,3,2,10,Loyal Customers
C07597,12,7,198039.0,5,4,2,11,Loyal Customers
C03503,1,4,198022.5,5,2,2,9,Potential Customers
C08215,11,6,198004.5,5,3,2,10,Loyal Customers
C13467,41,5,197982.5,3,3,2,8,Potential Customers
C09336,2,11,197981.0,5,5,2,12,Loyal Customers
C06747,13,5,197969.5,5,3,2,10,Loyal Customers
C19332,22,3,197958.5,4,1,2,7,Potential Customers
C03443,43,7,197915.5,3,4,2,9,Potential Customers
C01791,12,5,197897.5,5,3,2,10,Loyal Customers
C08609,28,5,197894.5,4,3,2,9,Potential Customers
C17956,70,7,197888.5,3,4,2,9,Potential Customers
C05282,49,5,197809.5,3,3,2,8,Potential Customers
C06432,12,7,197786.5,5,4,2,11,Loyal Customers
C17215,5,6,197756.0,5,3,2,10,Loyal Customers
C00321,5,7,197752.5,5,4,2,11,Loyal Customers
C17185,244,3,197745.0,1,1,2,4,At Risk
C09354,1,6,197719.5,5,3,2,10,Loyal Customers
C11440,11,3,197701.5,5,1,2,8,Potential Customers
C03798,91,7,197690.5,2,4,2,8,Potential Customers
C09798,8,5,197644.5,5,3,2,10,Loyal Customers
C05529,46,4,197640.5,3,2,2,7,Potential Customers
C12458,185,4,197617.0,1,2,2,5,At Risk
C13444,70,3,197617.0,3,1,2,6,At Risk
C14149,4,5,197606.5,5,3,2,10,Loyal Customers
C16726,20,7,197582.0,4,4,2,10,Loyal Customers
C19655,12,3,197561.0,5,1,2,8,Potential Customers
C15654,16,3,197522.5,5,1,2,8,Potential Customers
C03333,45,5,197494.0,3,3,2,8,Potential Customers
C17121,21,3,197489.5,4,1,2,7,Potential Customers
C16641,131,3,197484.5,2,1,2,5,At Risk
C02681,71,6,197467.5,3,3,2,8,Potential Customers
C14582,58,4,197453.0,3,2,2,7,Potential Customers
C00730,2,6,197422.0,5,3,2,10,Loyal Customers
C11627,38,6,197410.5,4,3,2,9,Potential Customers
C02789,2,5,197338.5,5,3,2,10,Loyal Customers
C17403,145,3,197311.0,2,1,2,5,At Risk
C08889,39,6,197296.0,4,3,2,9,Potential Customers
C19429,229,4,197279.0,1,2,2,5,At Risk
C03849,9,5,197237.5,5,3,2,10,Loyal Customers
C11486,5,6,197232.0,5,3,2,10,Loyal Customers
C09579,78,5,197210.5,3,3,2,8,Potential Customers
C19930,1,4,197188.5,5,2,2,9,Potential Customers
C13764,2,5,197164.5,5,3,2,10,Loyal Customers
C15389,34,7,197146.0,4,4,2,10,Loyal Customers
C07901,21,5,197131.0,4,3,2,9,Potential Customers
C09568,15,6,197125.5,5,3,2,10,Loyal Customers
C08642,22,5,197111.0,4,3,2,9,Potential Customers
C03140,2,5,197105.5,5,3,2,10,Loyal Customers
C10069,179,6,197077.5,2,3,2,7,Potential Customers
C12161,53,5,197059.0,3,3,2,8,Potential Customers
C07749,140,5,197054.5,2,3,2,7,Potential Customers
C10110,120,5,197054.0,2,3,2,7,Potential Customers
C07460,191,4,197015.5,1,2,2,5,At Risk
C12955,14,3,196992.0,5,1,2,8,Potential Customers
C07508,83,3,196975.5,2,1,2,5,At Risk
C08151,8,5,196965.5,5,3,2,10,Loyal Customers
C19605,122,4,196943.0,2,2,2,6,At Risk
C00340,66,9,196930.5,3,5,2,10,Loyal Customers
C00203,187,10,196923.5,1,5,2,8,Potential Customers
C04739,110,7,196918.0,2,4,2,8,Potential Customers
C15271,41,6,196906.5,3,3,2,8,Potential Customers
C02958,261,5,196902.0,1,3,2,6,At Risk
C15189,12,4,196889.0,5,2,2,9,Potential Customers
C08346,10,5,196870.0,5,3,2,10,Loyal Customers
C08688,7,4,196859.5,5,2,2,9,Potential Customers
C19782,6,6,196829.5,5,3,2,10,Loyal Customers
C00779,155,6,196799.0,2,3,2,7,Potential Customers
C13129,55,5,196793.0,3,3,2,8,Potential Customers
C01912,12,6,196790.5,5,3,2,10,Loyal Customers
C13221,411,3,196761.5,1,1,2,4,At Risk
C09917,87,5,196718.0,2,3,2,7,Potential Customers
C00909,13,2,196650.5,5,1,2,8,Potential Customers
C09162,11,4,196635.5,5,2,2,9,Potential Customers
C18957,73,4,196554.0,3,2,2,7,Potential Customers
C04920,28,3,196543.5,4,1,2,7,Potential Customers
C05926,82,3,196531.5,2,1,2,5,At Risk
C14293,70,5,196527.0,3,3,2,8,Potential Customers
C19996,8,5,196509.5,5,3,2,10,Loyal Customers
C08628,455,3,196503.0,1,1,2,4,At Risk
C00245,10,7,196497.5,5,4,2,11,Loyal Customers
C12501,424,4,196491.0,1,2,2,5,At Risk
C07289,6,7,196443.0,5,4,2,11,Loyal Customers
C06066,2,4,196429.0,5,2,2,9,Potential Customers
C08787,23,5,196409.0,4,3,2,9,Potential Customers
C17636,37,3,196381.5,4,1,2,7,Potential Customers
C03517,74,7,196379.5,3,4,2,9,Potential Customers
C03410,243,1,196376.0,1,1,2,4,At Risk
C16057,197,5,196352.5,1,3,2,6,At Risk
C11728,16,4,196348.5,5,2,2,9,Potential Customers
C07731,21,5,196317.5,4,3,2,9,Potential Customers
C16873,28,6,196313.5,4,3,2,9,Potential Customers
C11273,57,2,196302.0,3,1,2,6,At Risk
C18457,5,3,196295.5,5,1,2,8,Potential Customers
C19275,297,5,196288.5,1,3,2,6,At Risk
C05768,80,6,196260.5,2,3,2,7,Potential Customers
C04763,88,6,196246.5,2,3,2,7,Potential Customers
C19352,36,8,196231.0,4,4,2,10,Loyal Customers
C06949,90,3,196216.5,2,1,2,5,At Risk
C13547,13,5,196215.0,5,3,2,10,Loyal Customers
C04881,115,5,196214.0,2,3,2,7,Potential Customers
C10715,1,4,196181.5,5,2,2,9,Potential Customers
C18124,9,3,196174.5,5,1,2,8,Potential Customers
C07286,456,3,196168.0,1,1,2,4,At Risk
C06921,42,6,196166.5,3,3,2,8,Potential Customers
C14352,58,8,196126.0,3,4,2,9,Potential Customers
C07595,42,6,196082.5,3,3,2,8,Potential Customers
C14208,34,4,196072.0,4,2,2,8,Potential Customers
C07844,40,6,196068.5,3,3,2,8,Potential Customers
C04663,51,6,196061.5,3,3,2,8,Potential Customers
C19565,164,6,196019.5,2,3,2,7,Potential Customers
C03109,76,3,196001.5,3,1,2,6,At Risk
C09165,219,4,195991.0,1,2,2,5,At Risk
C08470,178,4,195983.0,2,2,2,6,At Risk
C05587,431,4,195932.0,1,2,2,5,At Risk
C08423,60,4,195885.5,3,2,2,7,Potential Customers
C07763,56,6,195875.5,3,3,2,8,Potential Customers
C03056,9,6,195867.5,5,3,2,10,Loyal Customers
C05209,7,4,195860.5,5,2,2,9,Potential Customers
C04042,86,9,195852.5,2,5,2,9,Potential Customers
C07169,37,5,195835.0,4,3,2,9,Potential Customers
C03477,9,3,195786.5,5,1,2,8,Potential Customers
C16003,34,4,195773.5,4,2,2,8,Potential Customers
C11807,6,6,195768.0,5,3,2,10,Loyal Customers
C18414,32,5,195752.5,4,3,2,9,Potential Customers
C03488,66,5,195749.0,3,3,2,8,Potential Customers
C03188,47,6,195739.5,3,3,2,8,Potential Customers
C04435,10,4,195707.0,5,2,2,9,Potential Customers
C14452,46,5,195696.5,3,3,2,8,Potential Customers
C15307,13,7,195692.5,5,4,2,11,Loyal Customers
C02038,17,5,195690.0,5,3,2,10,Loyal Customers
C15378,50,2,195649.0,3,1,2,6,At Risk
C17286,177,2,195630.0,2,1,2,5,At Risk
C11363,31,5,195616.0,4,3,2,9,Potential Customers
C13610,6,5,195613.5,5,3,2,10,Loyal Customers
C07204,87,2,195577.5,2,1,2,5,At Risk
C03615,66,4,195559.5,3,2,2,7,Potential Customers
C16622,5,7,195557.5,5,4,2,11,Loyal Customers
C19364,13,6,195507.5,5,3,2,10,Loyal Customers
C00389,14,2,195501.5,5,1,2,8,Potential Customers
C11797,10,5,195494.5,5,3,2,10,Loyal Customers
C00043,69,3,195464.0,3,1,2,6,At Risk
C11586,84,4,195449.5,2,2,2,6,At Risk
C01985,253,3,195448.0,1,1,2,4,At Risk
C05697,1,7,195433.5,5,4,2,11,Loyal Customers
C03230,480,4,195415.0,1,2,2,5,At Risk
C16359,79,5,195403.0,3,3,2,8,Potential Customers
C10391,20,4,195373.0,4,2,2,8,Potential Customers
C15164,50,1,195314.0,3,1,2,6,At Risk
C12092,8,2,195276.0,5,1,2,8,Potential Customers
C01776,17,3,195221.0,5,1,2,8,Potential Customers
C13343,20,3,195219.5,4,1,2,7,Potential Customers
C06564,13,6,195183.5,5,3,2,10,Loyal Customers
C13073,25,6,195180.5,4,3,2,9,Potential Customers
C04624,22,3,195146.5,4,1,2,7,Potential Customers
C17163,106,6,195143.5,2,3,2,7,Potential Customers
C11891,152,5,195127.0,2,3,2,7,Potential Customers
C12477,122,3,195107.0,2,1,2,5,At Risk
C13239,24,9,195091.5,4,5,2,11,Loyal Customers
C18319,13,4,195057.5,5,2,2,9,Potential Customers
C13194,130,5,195022.0,2,3,2,7,Potential Customers
C14768,69,5,195003.5,3,3,2,8,Potential Customers
C18479,25,4,194988.5,4,2,2,8,Potential Customers
C00079,279,4,194976.5,1,2,2,5,At Risk
C16256,24,2,194962.0,4,1,2,7,Potential Customers
C13558,403,4,194960.0,1,2,2,5,At Risk
C03346,156,3,194935.5,2,1,2,5,At Risk
C16298,359,3,194934.5,1,1,2,4,At Risk
C12472,1,4,194929.0,5,2,2,9,Potential Customers
C10114,4,5,194901.5,5,3,2,10,Loyal Customers
C05513,39,6,194888.0,4,3,2,9,Potential Customers
C12194,258,4,194837.5,1,2,2,5,At Risk
C18946,61,3,194824.0,3,1,2,6,At Risk
C09576,261,4,194800.0,1,2,2,5,At Risk
C05497,3,6,194794.5,5,3,2,10,Loyal Customers
C15625,49,4,194747.5,3,2,2,7,Potential Customers
C00811,8,3,194730.5,5,1,2,8,Potential Customers
C01171,71,4,194648.0,3,2,2,7,Potential Customers
C01957,182,1,194617.5,1,1,2,4,At Risk
C18678,90,4,194609.0,2,2,2,6,At Risk
C00539,1,3,194602.5,5,1,2,8,Potential Customers
C01014,19,2,194584.5,4,1,2,7,Potential Customers
C17671,2,3,194581.0,5,1,2,8,Potential Customers
C06249,124,5,194551.5,2,3,2,7,Potential Customers
C14519,86,7,194533.5,2,4,2,8,Potential Customers
C14529,181,4,194532.5,1,2,2,5,At Risk
C16901,77,5,194507.5,3,3,2,8,Potential Customers
C17523,110,7,194477.5,2,4,2,8,Potential Customers
C06877,327,2,194452.0,1,1,2,4,At Risk
C15830,133,2,194437.5,2,1,2,5,At Risk
C19855,6,3,194403.5,5,1,2,8,Potential Customers
C05718,1,6,194398.0,5,3,2,10,Loyal Customers
C17993,88,4,194392.0,2,2,2,6,At Risk
C18357,209,5,194382.0,1,3,2,6,At Risk
C11370,74,3,194373.0,3,1,2,6,At Risk
C17233,8,4,194368.5,5,2,2,9,Potential Customers
C14061,127,3,194343.0,2,1,2,5,At Risk
C10769,73,4,194336.5,3,2,2,7,Potential Customers
C12425,2,6,194288.0,5,3,2,10,Loyal Customers
C06186,143,4,194252.5,2,2,2,6,At Risk
C07748,274,5,194241.5,1,3,2,6,At Risk
C15589,134,5,194186.0,2,3,2,7,Potential Customers
C17592,1,5,194166.0,5,3,2,10,Loyal Customers
C12861,10,6,194156.0,5,3,2,10,Loyal Customers
C05009,89,3,194155.0,2,1,2,5,At Risk
C14966,13,5,194154.5,5,3,2,10,Loyal Customers
C07271,34,6,194146.5,4,3,2,9,Potential Customers
C09720,85,4,194125.5,2,2,2,6,At Risk
C18086,90,3,194123.5,2,1,2,5,At Risk
C01012,3,4,194108.0,5,2,2,9,Potential Customers
C01176,29,4,194078.0,4,2,2,8,Potential Customers
C13318,81,6,194070.5,2,3,2,7,Potential Customers
C13182,6,4,194062.0,5,2,2,9,Potential Customers
C05955,3,3,194052.0,5,1,2,8,Potential Customers
C19444,5,6,194046.0,5,3,2,10,Loyal Customers
C06049,27,4,194036.5,4,2,2,8,Potential Customers
C06684,140,3,193999.5,2,1,2,5,At Risk
C03766,125,4,193996.5,2,2,2,6,At Risk
C03769,37,5,193971.5,4,3,2,9,Potential Customers
C09135,42,4,193909.0,3,2,2,7,Potential Customers
C15796,42,5,193908.5,3,3,2,8,Potential Customers
C13923,12,5,193902.0,5,3,2,10,Loyal Customers
C08640,116,5,193885.5,2,3,2,7,Potential Customers
C03210,57,7,193880.0,3,4,2,9,Potential Customers
C15809,80,5,193837.0,2,3,2,7,Potential Customers
C09485,9,2,193805.0,5,1,2,8,Potential Customers
C11872,46,5,193795.0,3,3,2,8,Potential Customers
C06322,5,6,193795.0,5,3,2,10,Loyal Customers
C00755,3,3,193760.0,5,1,2,8,Potential Customers
C01814,13,5,193729.0,5,3,2,10,Loyal Customers
C05125,41,4,193709.0,3,2,2,7,Potential Customers
C14754,3,8,193703.5,5,4,2,11,Loyal Customers
C11758,40,6,193692.5,3,3,2,8,Potential Customers
C18474,132,3,193660.5,2,1,2,5,At Risk
C02787,7,3,193654.5,5,1,2,8,Potential Customers
C02299,21,4,193653.5,4,2,2,8,Potential Customers
C06728,12,4,193649.5,5,2,2,9,Potential Customers
C13693,23,5,193647.5,4,3,2,9,Potential Customers
C15909,21,3,193598.0,4,1,2,7,Potential Customers
C05647,43,2,193597.5,3,1,2,6,At Risk
C13023,49,5,193597.0,3,3,2,8,Potential Customers
C12479,153,4,193595.0,2,2,2,6,At Risk
C11124,135,3,193576.0,2,1,2,5,At Risk
C19080,86,6,193546.5,2,3,2,7,Potential Customers
C09511,23,6,193514.0,4,3,2,9,Potential Customers
C18609,75,4,193446.0,3,2,2,7,Potential Customers
C16428,13,8,193394.5,5,4,2,11,Loyal Customers
C18215,27,4,193369.0,4,2,2,8,Potential Customers
C14443,13,4,193359.0,5,2,2,9,Potential Customers
C07349,38,7,193355.0,4,4,2,10,Loyal Customers
C04532,155,6,193320.0,2,3,2,7,Potential Customers
C00575,231,8,193310.5,1,4,2,7,Potential Customers
C09107,8,4,193305.0,5,2,2,9,Potential Customers
C00116,28,5,193259.5,4,3,2,9,Potential Customers
C17495,109,8,193237.0,2,4,2,8,Potential Customers
C17156,5,6,193232.5,5,3,2,10,Loyal Customers
C12694,347,2,193220.0,1,1,2,4,At Risk
C02781,193,6,193212.5,1,3,2,6,At Risk
C12224,10,9,193202.5,5,5,2,12,Loyal Customers
C19449,171,5,193181.5,2,3,2,7,Potential Customers
C02259,27,7,193157.5,4,4,2,10,Loyal Customers
C05909,27,2,193153.5,4,1,2,7,Potential Customers
C08654,67,2,193138.5,3,1,2,6,At Risk
C13416,53,4,193134.0,3,2,2,7,Potential Customers
C08831,270,4,193117.0,1,2,2,5,At Risk
C10308,1,4,193116.0,5,2,2,9,Potential Customers
C13853,45,6,193069.0,3,3,2,8,Potential Customers
C03088,163,3,193039.0,2,1,2,5,At Risk
C08995,66,7,193029.0,3,4,2,9,Potential Customers
C00273,128,2,193008.0,2,1,2,5,At Risk
C07023,75,4,192959.0,3,2,2,7,Potential Customers
C05895,95,5,192935.0,2,3,2,7,Potential Customers
C06825,47,4,192909.5,3,2,2,7,Potential Customers
C19863,63,7,192863.5,3,4,2,9,Potential Customers
C19632,86,6,192861.5,2,3,2,7,Potential Customers
C09085,47,6,192842.5,3,3,2,8,Potential Customers
C17354,100,3,192835.0,2,1,2,5,At Risk
C14664,11,9,192812.0,5,5,2,12,Loyal Customers
C13971,431,3,192773.5,1,1,2,4,At Risk
C11870,88,2,192738.5,2,1,2,5,At Risk
C12245,2,4,192720.5,5,2,2,9,Potential Customers
C10784,7,7,192708.0,5,4,2,11,Loyal Customers
C04918,107,5,192700.5,2,3,2,7,Potential Customers
C14053,56,2,192677.5,3,1,2,6,At Risk
C11965,5,6,192616.5,5,3,2,10,Loyal Customers
C05083,174,4,192603.0,2,2,2,6,At Risk
C00518,56,4,192581.5,3,2,2,7,Potential Customers
C02355,208,4,192581.0,1,2,2,5,At Risk
C09171,96,4,192524.5,2,2,2,6,At Risk
C10365,18,6,192506.0,4,3,2,9,Potential Customers
C02731,55,2,192498.0,3,1,2,6,At Risk
C14364,127,2,192476.0,2,1,2,5,At Risk
C08370,14,6,192411.0,5,3,2,10,Loyal Customers
C06924,6,6,192385.0,5,3,2,10,Loyal Customers
C12192,1,4,192377.0,5,2,2,9,Potential Customers
C17706,130,3,192375.5,2,1,2,5,At Risk
C09035,80,3,192348.0,2,1,2,5,At Risk
C05730,13,8,192347.5,5,4,2,11,Loyal Customers
C02193,6,7,192345.0,5,4,2,11,Loyal Customers
C12453,113,5,192339.5,2,3,2,7,Potential Customers
C19717,48,2,192338.5,3,1,2,6,At Risk
C08213,73,6,192337.5,3,3,2,8,Potential Customers
C14427,121,3,192335.0,2,1,2,5,At Risk
C00896,55,4,192308.0,3,2,2,7,Potential Customers
C03141,11,4,192302.5,5,2,2,9,Potential Customers
C10803,209,7,192256.5,1,4,2,7,Potential Customers
C02119,15,5,192242.0,5,3,2,10,Loyal Customers
C10379,2,6,192231.5,5,3,2,10,Loyal Customers
C15716,33,6,192117.5,4,3,2,9,Potential Customers
C16608,161,4,192116.5,2,2,2,6,At Risk
C03452,7,4,192107.0,5,2,2,9,Potential Customers
C14225,71,4,192090.0,3,2,2,7,Potential Customers
C12320,7,6,192076.5,5,3,2,10,Loyal Customers
C05182,90,3,192056.0,2,1,2,5,At Risk
C01300,13,4,192051.5,5,2,2,9,Potential Customers
C08911,53,5,192046.0,3,3,2,8,Potential Customers
C09326,87,7,191945.5,2,4,2,8,Potential Customers
C12265,214,4,191894.5,1,2,2,5,At Risk
C08540,2,6,191891.5,5,3,2,10,Loyal Customers
C18947,3,6,191871.5,5,3,2,10,Loyal Customers
C11351,30,3,191870.0,4,1,2,7,Potential Customers
C04826,102,5,191863.0,2,3,2,7,Potential Customers
C04443,150,4,191852.5,2,2,2,6,At Risk
C15230,63,3,191838.5,3,1,2,6,At Risk
C08494,442,3,191833.0,1,1,2,4,At Risk
C05643,3,7,191819.5,5,4,2,11,Loyal Customers
C01383,9,6,191817.0,5,3,2,10,Loyal Customers
C03235,364,4,191815.5,1,2,2,5,At Risk
C17745,103,3,191803.0,2,1,2,5,At Risk
C17355,4,7,191792.0,5,4,2,11,Loyal Customers
C08214,2,5,191746.0,5,3,2,10,Loyal Customers
C17563,121,4,191730.5,2,2,2,6,At Risk
C07484,83,5,191719.0,2,3,2,7,Potential Customers
C18882,14,4,191712.5,5,2,2,9,Potential Customers
C00660,147,5,191702.5,2,3,2,7,Potential Customers
C19535,39,7,191608.5,4,4,2,10,Loyal Customers
C05787,10,7,191608.0,5,4,2,11,Loyal Customers
C04422,59,3,191573.0,3,1,2,6,At Risk
C02039,52,6,191537.0,3,3,2,8,Potential Customers
C08675,34,5,191532.5,4,3,2,9,Potential Customers
C19150,123,3,191522.0,2,1,2,5,At Risk
C16665,23,3,191512.5,4,1,2,7,Potential Customers
C15887,5,6,191457.5,5,3,2,10,Loyal Customers
C04542,227,4,191437.5,1,2,2,5,At Risk
C04197,16,5,191419.5,5,3,2,10,Loyal Customers
C03777,1,6,191409.0,5,3,2,10,Loyal Customers
C19374,203,2,191378.0,1,1,2,4,At Risk
C10611,10,5,191371.5,5,3,2,10,Loyal Customers
C06902,23,6,191368.5,4,3,2,9,Potential Customers
C17136,2,4,191361.5,5,2,2,9,Potential Customers
C12704,48,4,191324.0,3,2,2,7,Potential Customers
C03256,32,2,191304.0,4,1,2,7,Potential Customers
C14956,9,2,191285.5,5,1,2,8,Potential Customers
C16460,53,4,191272.5,3,2,2,7,Potential Customers
C08554,71,4,191261.0,3,2,2,7,Potential Customers
C17938,38,4,191260.0,4,2,2,8,Potential Customers
C11729,6,5,191238.5,5,3,2,10,Loyal Customers
C16163,31,4,191234.5,4,2,2,8,Potential Customers
C09196,6,5,191207.0,5,3,2,10,Loyal Customers
C16854,8,6,191204.0,5,3,2,10,Loyal Customers
C19234,27,6,191198.0,4,3,2,9,Potential Customers
C06985,121,4,191196.5,2,2,2,6,At Risk
C10421,55,6,191180.5,3,3,2,8,Potential Customers
C16531,241,2,191158.5,1,1,2,4,At Risk
C07572,78,8,191154.5,3,4,2,9,Potential Customers
C04665,47,6,191084.5,3,3,2,8,Potential Customers
C05057,50,6,191083.5,3,3,2,8,Potential Customers
C19755,37,4,191070.5,4,2,2,8,Potential Customers
C11004,8,5,191051.5,5,3,2,10,Loyal Customers
C14938,24,5,191032.0,4,3,2,9,Potential Customers
C11844,179,4,190991.0,2,2,2,6,At Risk
C19083,28,6,190967.0,4,3,2,9,Potential Customers
C16944,14,5,190965.0,5,3,2,10,Loyal Customers
C01163,44,3,190964.5,3,1,2,6,At Risk
C18089,221,4,190907.0,1,2,2,5,At Risk
C00304,83,6,190905.5,2,3,2,7,Potential Customers
C18537,85,4,190892.5,2,2,2,6,At Risk
C05092,15,6,190842.5,5,3,2,10,Loyal Customers
C04559,1,4,190842.5,5,2,2,9,Potential Customers
C02998,28,4,190820.5,4,2,2,8,Potential Customers
C05786,6,6,190792.0,5,3,2,10,Loyal Customers
C14444,43,2,190741.0,3,1,2,6,At Risk
C13151,42,2,190712.0,3,1,2,6,At Risk
C07945,40,6,190698.5,3,3,2,8,Potential Customers
C18242,10,7,190679.0,5,4,2,11,Loyal Customers
C09084,104,6,190676.5,2,3,2,7,Potential Customers
C05654,19,5,190668.5,4,3,2,9,Potential Customers
C18679,26,4,190653.5,4,2,2,8,Potential Customers
C07434,19,5,190647.5,4,3,2,9,Potential Customers
C08835,57,5,190632.0,3,3,2,8,Potential Customers
C17831,136,4,190593.0,2,2,2,6,At Risk
C07524,177,3,190584.0,2,1,2,5,At Risk
C19161,16,5,190552.0,5,3,2,10,Loyal Customers
C12088,56,4,190550.5,3,2,2,7,Potential Customers
C13252,10,5,190533.0,5,3,2,10,Loyal Customers
C09711,41,5,190504.0,3,3,2,8,Potential Customers
C04169,11,5,190500.0,5,3,2,10,Loyal Customers
C11229,7,6,190499.0,5,3,2,10,Loyal Customers
C09327,24,4,190493.0,4,2,2,8,Potential Customers
C17717,189,4,190484.0,1,2,2,5,At Risk
C10782,2,3,190481.0,5,1,2,8,Potential Customers
C00920,333,3,190451.0,1,1,2,4,At Risk
C09042,23,3,190443.0,4,1,2,7,Potential Customers
C02078,2,8,190420.0,5,4,2,11,Loyal Customers
C00867,299,3,190391.0,1,1,2,4,At Risk
C12464,64,4,190367.0,3,2,2,7,Potential Customers
C18578,50,4,190347.5,3,2,2,7,Potential Customers
C12686,87,3,190326.0,2,1,2,5,At Risk
C19830,156,4,190313.5,2,2,2,6,At Risk
C15190,33,5,190308.0,4,3,2,9,Potential Customers
C18571,65,3,190264.0,3,1,2,6,At Risk
C17957,76,5,190236.5,3,3,2,8,Potential Customers
C17357,42,4,190220.0,3,2,2,7,Potential Customers
C19615,35,6,190215.0,4,3,2,9,Potential Customers
C07367,34,2,190109.5,4,1,2,7,Potential Customers
C15207,1,4,190097.0,5,2,2,9,Potential Customers
C09531,185,5,190084.5,1,3,2,6,At Risk
C08019,8,5,190077.0,5,3,2,10,Loyal Customers
C17522,62,5,190070.5,3,3,2,8,Potential Customers
C13306,203,3,190059.0,1,1,2,4,At Risk
C17109,36,5,190048.5,4,3,2,9,Potential Customers
C14691,163,5,190030.5,2,3,2,7,Potential Customers
C16943,134,4,190009.0,2,2,2,6,At Risk
C08099,45,5,190004.0,3,3,2,8,Potential Customers
C12641,45,2,189992.5,3,1,2,6,At Risk
C19898,1,3,189989.5,5,1,2,8,Potential Customers
C10758,43,4,189974.0,3,2,2,7,Potential Customers
C16461,28,5,189944.5,4,3,2,9,Potential Customers
C04170,59,5,189933.0,3,3,2,8,Potential Customers
C18476,71,2,189923.0,3,1,2,6,At Risk
C01302,6,5,189902.0,5,3,2,10,Loyal Customers
C14284,4,4,189896.0,5,2,2,9,Potential Customers
C07999,167,5,189896.0,2,3,2,7,Potential Customers
C18137,233,2,189892.0,1,1,2,4,At Risk
C12375,8,6,189883.5,5,3,2,10,Loyal Customers
C16705,28,5,189878.0,4,3,2,9,Potential Customers
C03026,53,2,189873.0,3,1,2,6,At Risk
C06431,15,6,189872.0,5,3,2,10,Loyal Customers
C14449,11,3,189848.0,5,1,2,8,Potential Customers
C03106,162,6,189770.5,2,3,2,7,Potential Customers
C07211,65,5,189765.0,3,3,2,8,Potential Customers
C08793,359,6,189704.0,1,3,2,6,At Risk
C03667,14,4,189691.0,5,2,2,9,Potential Customers
C17777,26,6,189687.5,4,3,2,9,Potential Customers
C02597,38,7,189651.0,4,4,2,10,Loyal Customers
C08013,13,5,189634.5,5,3,2,10,Loyal Customers
C18773,98,5,189600.0,2,3,2,7,Potential Customers
C16606,32,6,189587.0,4,3,2,9,Potential Customers
C04407,9,3,189583.0,5,1,2,8,Potential Customers
C11078,46,4,189572.5,3,2,2,7,Potential Customers
C09777,2,5,189538.5,5,3,2,10,Loyal Customers
C09149,7,6,189530.5,5,3,2,10,Loyal Customers
C02442,69,7,189513.5,3,4,2,9,Potential Customers
C13088,28,4,189439.0,4,2,2,8,Potential Customers
C00345,23,6,189435.5,4,3,2,9,Potential Customers
C19068,39,7,189418.0,4,4,2,10,Loyal Customers
C08034,50,5,189415.5,3,3,2,8,Potential Customers
C06309,35,5,189402.5,4,3,2,9,Potential Customers
C10359,38,5,189402.5,4,3,2,9,Potential Customers
C10060,187,2,189397.5,1,1,2,4,At Risk
C10475,3,4,189375.0,5,2,2,9,Potential Customers
C17421,147,5,189359.0,2,3,2,7,Potential Customers
C05868,13,5,189351.5,5,3,2,10,Loyal Customers
C10152,3,7,189332.0,5,4,2,11,Loyal Customers
C14262,20,4,189332.0,4,2,2,8,Potential Customers
C18528,36,7,189302.5,4,4,2,10,Loyal Customers
C00741,92,5,189294.0,2,3,2,7,Potential Customers
C12223,10,4,189278.0,5,2,2,9,Potential Customers
C04483,61,4,189275.0,3,2,2,7,Potential Customers
C00429,37,9,189269.0,4,5,2,11,Loyal Customers
C07896,26,7,189267.5,4,4,2,10,Loyal Customers
C18351,39,4,189259.0,4,2,2,8,Potential Customers
C08821,46,5,189258.5,3,3,2,8,Potential Customers
C18989,119,3,189187.5,2,1,2,5,At Risk
C10882,14,7,189170.0,5,4,2,11,Loyal Customers
C07000,483,3,189156.0,1,1,2,4,At Risk
C01137,37,5,189122.5,4,3,2,9,Potential Customers
C05803,19,2,189121.0,4,1,2,7,Potential Customers
C11737,4,4,189117.5,5,2,2,9,Potential Customers
C17498,137,8,189090.0,2,4,2,8,Potential Customers
C18990,9,4,189087.0,5,2,2,9,Potential Customers
C00466,32,3,189074.5,4,1,2,7,Potential Customers
C09278,50,6,189070.0,3,3,2,8,Potential Customers
C17850,141,5,189053.0,2,3,2,7,Potential Customers
C19163,1,3,189026.0,5,1,2,8,Potential Customers
C08108,22,6,189017.0,4,3,2,9,Potential Customers
C14305,162,3,189004.0,2,1,2,5,At Risk
C10085,2,6,188988.0,5,3,2,10,Loyal Customers
C04822,1,8,188984.0,5,4,2,11,Loyal Customers
C13092,85,6,188974.5,2,3,2,7,Potential Customers
C05952,204,3,188967.0,1,1,2,4,At Risk
C05645,47,6,188967.0,3,3,2,8,Potential Customers
C04605,40,7,188935.0,3,4,2,9,Potential Customers
C16841,5,5,188924.5,5,3,2,10,Loyal Customers
C02336,3,4,188918.5,5,2,2,9,Potential Customers
C06469,165,3,188916.5,2,1,2,5,At Risk
C08548,42,6,188912.5,3,3,2,8,Potential Customers
C04065,12,5,188896.0,5,3,2,10,Loyal Customers
C12613,8,6,188869.5,5,3,2,10,Loyal Customers
C15250,220,3,188864.0,1,1,2,4,At Risk
C03624,14,3,188810.0,5,1,2,8,Potential Customers
C19857,119,4,188802.0,2,2,2,6,At Risk
C15160,50,3,188797.5,3,1,2,6,At Risk
C03280,74,10,188788.0,3,5,2,10,Loyal Customers
C02555,37,5,188779.5,4,3,2,9,Potential Customers
C07685,73,5,188765.5,3,3,2,8,Potential Customers
C11538,316,5,188733.0,1,3,2,6,At Risk
C03875,4,4,188717.5,5,2,2,9,Potential Customers
C16731,44,5,188702.5,3,3,2,8,Potential Customers
C02714,278,4,188689.0,1,2,2,5,At Risk
C03076,12,4,188667.0,5,2,2,9,Potential Customers
C18748,72,3,188665.5,3,1,2,6,At Risk
C06203,2,4,188652.5,5,2,2,9,Potential Customers
C06662,116,4,188641.5,2,2,2,6,At Risk
C08961,72,5,188574.0,3,3,2,8,Potential Customers
C01218,4,5,188570.0,5,3,2,10,Loyal Customers
C12652,70,5,188566.5,3,3,2,8,Potential Customers
C17552,94,3,188562.5,2,1,2,5,At Risk
C15717,57,5,188540.5,3,3,2,8,Potential Customers
C14711,16,4,188534.5,5,2,2,9,Potential Customers
C07351,116,3,188530.0,2,1,2,5,At Risk
C12716,2,7,188446.0,5,4,2,11,Loyal Customers
C08020,37,5,188410.5,4,3,2,9,Potential Customers
C07745,3,7,188321.0,5,4,2,11,Loyal Customers
C18501,41,7,188299.0,3,4,2,9,Potential Customers
C05132,43,5,188244.5,3,3,2,8,Potential Customers
C03884,24,5,188224.0,4,3,2,9,Potential Customers
C07521,82,6,188201.0,2,3,2,7,Potential Customers
C04851,61,5,188197.5,3,3,2,8,Potential Customers
C16412,159,6,188190.0,2,3,2,7,Potential Customers
C04788,221,5,188180.5,1,3,2,6,At Risk
C01826,121,5,188107.5,2,3,2,7,Potential Customers
C00774,108,5,188096.5,2,3,2,7,Potential Customers
C14719,55,4,188091.5,3,2,2,7,Potential Customers
C19404,3,4,188057.5,5,2,2,9,Potential Customers
C00988,7,3,188029.0,5,1,2,8,Potential Customers
C02159,25,4,188012.5,4,2,2,8,Potential Customers
C16722,72,5,187980.5,3,3,2,8,Potential Customers
C11781,44,4,187947.0,3,2,2,7,Potential Customers
C04109,114,5,187932.0,2,3,2,7,Potential Customers
C13010,3,2,187930.5,5,1,2,8,Potential Customers
C13625,167,4,187921.0,2,2,2,6,At Risk
C10141,10,7,187910.0,5,4,2,11,Loyal Customers
C12622,34,4,187908.0,4,2,2,8,Potential Customers
C16056,27,7,187886.5,4,4,2,10,Loyal Customers
C00973,23,4,187875.5,4,2,2,8,Potential Customers
C12364,61,5,187815.0,3,3,2,8,Potential Customers
C16181,9,4,187812.0,5,2,2,9,Potential Customers
C10596,49,6,187809.5,3,3,2,8,Potential Customers
C14541,27,4,187804.0,4,2,2,8,Potential Customers
C13580,190,7,187782.5,1,4,2,7,Potential Customers
C17242,75,4,187778.0,3,2,2,7,Potential Customers
C16074,8,2,187755.0,5,1,2,8,Potential Customers
C02270,89,3,187733.5,2,1,2,5,At Risk
C13771,2,5,187724.5,5,3,2,10,Loyal Customers
C18413,36,4,187714.0,4,2,2,8,Potential Customers
C03207,174,4,187681.5,2,2,2,6,At Risk
C17907,25,4,187676.5,4,2,2,8,Potential Customers
C14931,44,7,187664.5,3,4,2,9,Potential Customers
C16842,17,5,187659.0,5,3,2,10,Loyal Customers
C16773,32,5,187611.0,4,3,2,9,Potential Customers
C12893,53,6,187565.0,3,3,2,8,Potential Customers
C15384,52,3,187539.0,3,1,2,6,At Risk
C01110,7,5,187535.0,5,3,2,10,Loyal Customers
C08745,2,4,187519.0,5,2,2,9,Potential Customers
C09340,244,7,187431.5,1,4,2,7,Potential Customers
C02915,148,4,187423.0,2,2,2,6,At Risk
C01596,91,3,187418.5,2,1,2,5,At Risk
C07802,8,4,187407.0,5,2,2,9,Potential Customers
C03077,4,3,187403.0,5,1,2,8,Potential Customers
C09826,6,3,187381.0,5,1,2,8,Potential Customers
C08561,322,3,187361.5,1,1,2,4,At Risk
C08080,31,3,187342.5,4,1,2,7,Potential Customers
C04153,36,5,187340.5,4,3,2,9,Potential Customers
C14870,19,6,187295.0,4,3,2,9,Potential Customers
C02981,41,4,187291.0,3,2,2,7,Potential Customers
C09999,6,2,187271.5,5,1,2,8,Potential Customers
C06082,48,6,187261.5,3,3,2,8,Potential Customers
C06105,7,6,187231.0,5,3,2,10,Loyal Customers
C07586,41,4,187190.0,3,2,2,7,Potential Customers
C15863,5,6,187179.0,5,3,2,10,Loyal Customers
C08225,2,4,187115.5,5,2,2,9,Potential Customers
C16971,102,3,187100.5,2,1,2,5,At Risk
C02892,101,4,187090.5,2,2,2,6,At Risk
C09913,4,5,187088.0,5,3,2,10,Loyal Customers
C05655,32,5,187085.5,4,3,2,9,Potential Customers
C05494,147,1,187053.5,2,1,2,5,At Risk
C16089,8,5,187035.0,5,3,2,10,Loyal Customers
C10582,234,4,186997.5,1,2,2,5,At Risk
C04662,4,7,186997.0,5,4,2,11,Loyal Customers
C12828,18,6,186995.0,4,3,2,9,Potential Customers
C05127,16,5,186980.0,5,3,2,10,Loyal Customers
C00516,44,7,186972.0,3,4,2,9,Potential Customers
C14024,6,5,186959.0,5,3,2,10,Loyal Customers
C11222,17,8,186913.0,5,4,2,11,Loyal Customers
C06646,56,8,186883.5,3,4,2,9,Potential Customers
C15568,44,8,186855.0,3,4,2,9,Potential Customers
C04217,33,3,186848.5,4,1,2,7,Potential Customers
C03238,36,3,186842.0,4,1,2,7,Potential Customers
C18198,13,3,186831.0,5,1,2,8,Potential Customers
C05829,211,5,186743.5,1,3,2,6,At Risk
C13308,1,5,186742.0,5,3,2,10,Loyal Customers
C13100,55,3,186717.5,3,1,2,6,At Risk
C06674,359,3,186716.5,1,1,2,4,At Risk
C03669,78,8,186709.5,3,4,2,9,Potential Customers
C06213,170,5,186685.5,2,3,2,7,Potential Customers
C11985,32,2,186666.0,4,1,2,7,Potential Customers
C13962,14,4,186637.5,5,2,2,9,Potential Customers
C04801,23,3,186622.5,4,1,2,7,Potential Customers
C18061,46,4,186622.5,3,2,2,7,Potential Customers
C00586,5,5,186616.0,5,3,2,10,Loyal Customers
C07563,9,6,186592.0,5,3,2,10,Loyal Customers
C11156,446,1,186591.0,1,1,2,4,At Risk
C02021,2,5,186572.5,5,3,2,10,Loyal Customers
C00802,113,6,186563.0,2,3,2,7,Potential Customers
C12463,10,5,186561.5,5,3,2,10,Loyal Customers
C18015,32,2,186525.5,4,1,2,7,Potential Customers
C11284,50,5,186498.0,3,3,2,8,Potential Customers
C02982,65,5,186459.0,3,3,2,8,Potential Customers
C13646,193,5,186414.0,1,3,2,6,At Risk
C06932,97,2,186412.0,2,1,2,5,At Risk
C16168,46,4,186388.5,3,2,2,7,Potential Customers
C04161,2,6,186364.0,5,3,2,10,Loyal Customers
C01488,9,4,186341.5,5,2,2,9,Potential Customers
C00003,109,4,186321.5,2,2,2,6,At Risk
C14961,117,3,186271.0,2,1,2,5,At Risk
C10573,14,6,186252.0,5,3,2,10,Loyal Customers
C04071,8,2,186243.5,5,1,2,8,Potential Customers
C01446,128,3,186203.0,2,1,2,5,At Risk
C12610,3,5,186195.0,5,3,2,10,Loyal Customers
C11101,4,5,186192.5,5,3,2,10,Loyal Customers
C01732,171,4,186181.0,2,2,2,6,At Risk
C13096,29,4,186172.5,4,2,2,8,Potential Customers
C11343,95,7,186166.5,2,4,2,8,Potential Customers
C12313,9,3,186120.5,5,1,2,8,Potential Customers
C07312,51,6,186111.0,3,3,2,8,Potential Customers
C06912,57,4,186104.0,3,2,2,7,Potential Customers
C19361,4,4,186087.5,5,2,2,9,Potential Customers
C12253,28,5,186045.0,4,3,2,9,Potential Customers
C16750,105,7,186031.5,2,4,2,8,Potential Customers
C04932,84,7,186029.5,2,4,2,8,Potential Customers
C01304,431,1,186013.0,1,1,2,4,At Risk
C13915,4,3,186000.5,5,1,2,8,Potential Customers
C04039,5,5,185997.0,5,3,2,10,Loyal Customers
C06856,51,7,185996.0,3,4,2,9,Potential Customers
C00848,33,4,185970.5,4,2,2,8,Potential Customers
C07878,49,7,185954.0,3,4,2,9,Potential Customers
C15632,292,2,185922.0,1,1,2,4,At Risk
C06380,39,5,185891.5,4,3,2,9,Potential Customers
C07976,3,2,185891.0,5,1,2,8,Potential Customers
C17196,67,6,185877.5,3,3,2,8,Potential Customers
C08523,33,6,185840.0,4,3,2,9,Potential Customers
C03248,18,2,185824.0,4,1,2,7,Potential Customers
C03195,83,3,185808.0,2,1,2,5,At Risk
C17038,15,5,185730.0,5,3,2,10,Loyal Customers
C10703,8,5,185721.5,5,3,2,10,Loyal Customers
C14187,79,7,185690.5,3,4,2,9,Potential Customers
C07421,2,7,185650.0,5,4,2,11,Loyal Customers
C17382,47,5,185617.0,3,3,2,8,Potential Customers
C11000,20,7,185594.0,4,4,2,10,Loyal Customers
C19971,50,4,185585.0,3,2,2,7,Potential Customers
C05577,164,4,185579.5,2,2,2,6,At Risk
C07515,28,4,185564.5,4,2,2,8,Potential Customers
C12080,16,5,185563.5,5,3,2,10,Loyal Customers
C18069,6,5,185506.5,5,3,2,10,Loyal Customers
C02280,36,5,185478.5,4,3,2,9,Potential Customers
C04717,33,6,185435.5,4,3,2,9,Potential Customers
C07005,91,2,185412.0,2,1,2,5,At Risk
C12867,79,4,185383.5,3,2,2,7,Potential Customers
C04361,51,4,185381.0,3,2,2,7,Potential Customers
C12289,21,4,185360.0,4,2,2,8,Potential Customers
C11532,51,4,185357.5,3,2,2,7,Potential Customers
C10578,12,5,185330.0,5,3,2,10,Loyal Customers
C18094,130,4,185315.0,2,2,2,6,At Risk
C00243,76,6,185314.5,3,3,2,8,Potential Customers
C18174,54,6,185277.0,3,3,2,8,Potential Customers
C14130,164,1,185247.0,2,1,2,5,At Risk
C05419,21,4,185233.0,4,2,2,8,Potential Customers
C14265,8,5,185232.5,5,3,2,10,Loyal Customers
C03642,8,4,185180.0,5,2,2,9,Potential Customers
C09686,36,4,185157.0,4,2,2,8,Potential Customers
C15085,27,5,185084.5,4,3,2,9,Potential Customers
C15375,10,4,185040.0,5,2,2,9,Potential Customers
C02933,24,5,185032.5,4,3,2,9,Potential Customers
C13968,138,6,185032.0,2,3,2,7,Potential Customers
C15528,12,3,185024.0,5,1,2,8,Potential Customers
C04961,3,5,185018.0,5,3,2,10,Loyal Customers
C18917,3,6,184995.0,5,3,2,10,Loyal Customers
C13682,59,4,184982.5,3,2,2,7,Potential Customers
C03916,16,5,184972.5,5,3,2,10,Loyal Customers
C19477,90,3,184893.0,2,1,2,5,At Risk
C15098,82,3,184885.5,2,1,2,5,At Risk
C08896,21,3,184841.5,4,1,2,7,Potential Customers
C16661,3,5,184827.0,5,3,2,10,Loyal Customers
C16119,8,3,184814.5,5,1,2,8,Potential Customers
C10212,61,5,184755.0,3,3,2,8,Potential Customers
C07177,22,4,184739.5,4,2,2,8,Potential Customers
C05644,13,7,184731.0,5,4,2,11,Loyal Customers
C15781,28,5,184728.0,4,3,2,9,Potential Customers
C04468,14,6,184677.5,5,3,2,10,Loyal Customers
C04091,85,5,184675.0,2,3,2,7,Potential Customers
C08144,8,6,184664.5,5,3,2,10,Loyal Customers
C08000,93,4,184648.0,2,2,2,6,At Risk
C13925,1,6,184626.0,5,3,2,10,Loyal Customers
C01102,57,7,184611.0,3,4,2,9,Potential Customers
C17617,20,5,184599.0,4,3,2,9,Potential Customers
C07762,224,3,184597.0,1,1,2,4,At Risk
C12842,77,5,184584.0,3,3,2,8,Potential Customers
C07835,67,3,184584.0,3,1,2,6,At Risk
C00030,85,3,184551.5,2,1,2,5,At Risk
C19111,431,3,184523.5,1,1,2,4,At Risk
C09619,2,4,184518.5,5,2,2,9,Potential Customers
C02638,8,4,184513.0,5,2,2,9,Potential Customers
C16397,110,5,184487.5,2,3,2,7,Potential Customers
C15526,30,4,184486.0,4,2,2,8,Potential Customers
C06636,4,6,184483.5,5,3,2,10,Loyal Customers
C15280,29,4,184473.0,4,2,2,8,Potential Customers
C05948,12,5,184466.5,5,3,2,10,Loyal Customers
C08234,7,3,184439.0,5,1,2,8,Potential Customers
C14728,80,3,184385.5,2,1,2,5,At Risk
C17828,16,9,184381.5,5,5,2,12,Loyal Customers
C09740,4,7,184377.0,5,4,2,11,Loyal Customers
C03584,42,6,184362.0,3,3,2,8,Potential Customers
C08004,88,6,184351.5,2,3,2,7,Potential Customers
C17477,3,4,184338.0,5,2,2,9,Potential Customers
C04628,86,3,184331.0,2,1,2,5,At Risk
C17657,50,4,184328.0,3,2,2,7,Potential Customers
C15974,77,4,184313.5,3,2,2,7,Potential Customers
C03279,209,5,184293.0,1,3,2,6,At Risk
C03524,48,4,184284.0,3,2,2,7,Potential Customers
C10756,350,3,184282.0,1,1,2,4,At Risk
C15933,9,5,184269.5,5,3,2,10,Loyal Customers
C08024,143,3,184249.0,2,1,2,5,At Risk
C04784,110,5,184228.0,2,3,2,7,Potential Customers
C16725,13,2,184185.5,5,1,2,8,Potential Customers
C09996,37,3,184174.5,4,1,2,7,Potential Customers
C07641,202,5,184161.5,1,3,2,6,At Risk
C01319,196,5,184158.5,1,3,2,6,At Risk
C18328,1,6,184145.0,5,3,2,10,Loyal Customers
C13155,77,7,184101.5,3,4,2,9,Potential Customers
C14383,6,5,184033.5,5,3,2,10,Loyal Customers
C13175,129,5,184004.0,2,3,2,7,Potential Customers
C00912,12,5,183982.0,5,3,2,10,Loyal Customers
C14840,18,5,183970.5,4,3,2,9,Potential Customers
C15489,153,4,183969.0,2,2,2,6,At Risk
C19288,4,4,183960.0,5,2,2,9,Potential Customers
C08257,57,3,183932.0,3,1,2,6,At Risk
C17424,136,4,183888.0,2,2,2,6,At Risk
C01099,3,5,183866.5,5,3,2,10,Loyal Customers
C09942,8,4,183850.5,5,2,2,9,Potential Customers
C19531,7,3,183846.5,5,1,2,8,Potential Customers
C10759,111,5,183834.0,2,3,2,7,Potential Customers
C03977,4,5,183776.5,5,3,2,10,Loyal Customers
C10123,49,4,183774.0,3,2,2,7,Potential Customers
C15976,4,6,183764.5,5,3,2,10,Loyal Customers
C02911,5,6,183760.0,5,3,2,10,Loyal Customers
C18584,12,7,183738.5,5,4,2,11,Loyal Customers
C11676,14,7,183730.0,5,4,2,11,Loyal Customers
C10591,30,4,183706.0,4,2,2,8,Potential Customers
C10543,152,2,183699.0,2,1,2,5,At Risk
C16894,7,9,183688.0,5,5,2,12,Loyal Customers
C14595,47,6,183663.0,3,3,2,8,Potential Customers
C04536,157,6,183651.5,2,3,2,7,Potential Customers
C19791,26,3,183635.0,4,1,2,7,Potential Customers
C07725,9,4,183616.0,5,2,2,9,Potential Customers
C06801,21,4,183594.5,4,2,2,8,Potential Customers
C16980,8,6,183584.5,5,3,2,10,Loyal Customers
C11130,2,4,183569.5,5,2,2,9,Potential Customers
C16545,199,5,183558.0,1,3,2,6,At Risk
C11700,7,5,183549.0,5,3,2,10,Loyal Customers
C06690,221,3,183529.5,1,1,2,4,At Risk
C05639,4,4,183522.5,5,2,2,9,Potential Customers
C11697,10,7,183484.0,5,4,2,11,Loyal Customers
C03651,14,4,183483.5,5,2,2,9,Potential Customers
C19633,32,6,183442.5,4,3,2,9,Potential Customers
C04307,22,6,183417.0,4,3,2,9,Potential Customers
C16035,332,2,183401.5,1,1,2,4,At Risk
C03837,105,5,183395.5,2,3,2,7,Potential Customers
C12638,126,6,183351.5,2,3,2,7,Potential Customers
C05361,21,5,183349.0,4,3,2,9,Potential Customers
C15023,13,9,183315.5,5,5,2,12,Loyal Customers
C05635,76,4,183301.5,3,2,2,7,Potential Customers
C04651,51,6,183289.0,3,3,2,8,Potential Customers
C11932,98,5,183178.5,2,3,2,7,Potential Customers
C07138,87,3,183138.0,2,1,2,5,At Risk
C13276,213,4,183101.0,1,2,2,5,At Risk
C07041,132,5,183080.5,2,3,2,7,Potential Customers
C19700,23,3,183046.0,4,1,2,7,Potential Customers
C13565,35,4,183029.5,4,2,2,8,Potential Customers
C02269,84,6,183011.0,2,3,2,7,Potential Customers
C12010,51,3,183000.5,3,1,2,6,At Risk
C04638,1,5,182999.0,5,3,2,10,Loyal Customers
C02965,17,6,182979.5,5,3,2,10,Loyal Customers
C01338,168,2,182977.5,2,1,2,5,At Risk
C11280,61,3,182974.0,3,1,2,6,At Risk
C01095,6,8,182969.5,5,4,2,11,Loyal Customers
C15213,1,4,182968.0,5,2,2,9,Potential Customers
C00782,290,2,182959.0,1,1,2,4,At Risk
C18424,30,3,182919.0,4,1,2,7,Potential Customers
C14887,9,6,182911.5,5,3,2,10,Loyal Customers
C17632,28,3,182898.0,4,1,2,7,Potential Customers
C17235,11,7,182876.5,5,4,2,11,Loyal Customers
C04516,46,5,182867.5,3,3,2,8,Potential Customers
C10122,38,4,182865.5,4,2,2,8,Potential Customers
C17076,181,5,182862.0,1,3,2,6,At Risk
C00140,154,6,182834.0,2,3,2,7,Potential Customers
C05676,188,5,182797.0,1,3,2,6,At Risk
C03620,56,3,182793.0,3,1,2,6,At Risk
C01725,76,4,182773.5,3,2,2,7,Potential Customers
C14521,4,4,182755.0,5,2,2,9,Potential Customers
C19344,236,4,182755.0,1,2,2,5,At Risk
C12438,1,6,182751.5,5,3,2,10,Loyal Customers
C19242,2,5,182696.5,5,3,2,10,Loyal Customers
C08959,27,5,182678.0,4,3,2,9,Potential Customers
C16292,212,5,182634.5,1,3,2,6,At Risk
C05475,39,4,182608.0,4,2,2,8,Potential Customers
C07375,154,6,182603.5,2,3,2,7,Potential Customers
C09687,241,9,182566.0,1,5,2,8,Potential Customers
C15103,28,5,182560.0,4,3,2,9,Potential Customers
C16512,33,5,182549.5,4,3,2,9,Potential Customers
C13410,63,4,182548.5,3,2,2,7,Potential Customers
C11001,5,5,182513.5,5,3,2,10,Loyal Customers
C05356,178,3,182507.0,2,1,2,5,At Risk
C07079,69,7,182504.0,3,4,2,9,Potential Customers
C01202,274,4,182493.5,1,2,2,5,At Risk
C13892,163,3,182481.0,2,1,2,5,At Risk
C17890,238,5,182471.0,1,3,2,6,At Risk
C15869,1,9,182469.5,5,5,2,12,Loyal Customers
C06557,30,3,182448.5,4,1,2,7,Potential Customers
C19982,32,5,182428.5,4,3,2,9,Potential Customers
C11942,21,5,182425.5,4,3,2,9,Potential Customers
C09935,18,7,182365.0,4,4,2,10,Loyal Customers
C14925,33,3,182344.5,4,1,2,7,Potential Customers
C05720,121,6,182314.0,2,3,2,7,Potential Customers
C00471,5,4,182311.0,5,2,2,9,Potential Customers
C08963,18,4,182276.0,4,2,2,8,Potential Customers
C04302,41,8,182271.5,3,4,2,9,Potential Customers
C07276,52,3,182269.5,3,1,2,6,At Risk
C04765,17,6,182264.5,5,3,2,10,Loyal Customers
C02054,50,5,182249.5,3,3,2,8,Potential Customers
C04485,88,4,182223.0,2,2,2,6,At Risk
C18734,128,5,182204.5,2,3,2,7,Potential Customers
C02618,13,6,182194.5,5,3,2,10,Loyal Customers
C08274,79,6,182187.0,3,3,2,8,Potential Customers
C17853,9,4,182183.0,5,2,2,9,Potential Customers
C18197,115,2,182159.5,2,1,2,5,At Risk
C02624,56,4,182112.0,3,2,2,7,Potential Customers
C15185,5,3,182099.0,5,1,2,8,Potential Customers
C18042,1,4,182058.0,5,2,2,9,Potential Customers
C01234,436,1,182054.5,1,1,2,4,At Risk
C19842,72,8,182052.0,3,4,2,9,Potential Customers
C08679,42,3,182006.0,3,1,2,6,At Risk
C08757,3,5,181987.5,5,3,2,10,Loyal Customers
C07475,230,3,181971.0,1,1,2,4,At Risk
C08957,22,4,181967.0,4,2,2,8,Potential Customers
C18709,1,5,181918.5,5,3,2,10,Loyal Customers
C01354,145,6,181916.0,2,3,2,7,Potential Customers
C11481,250,3,181828.5,1,1,2,4,At Risk
C05287,209,4,181795.0,1,2,2,5,At Risk
C17543,22,6,181770.0,4,3,2,9,Potential Customers
C16170,10,5,181763.0,5,3,2,10,Loyal Customers
C18262,84,6,181761.5,2,3,2,7,Potential Customers
C12290,20,6,181761.5,4,3,2,9,Potential Customers
C14759,59,2,181731.0,3,1,2,6,At Risk
C14298,10,9,181713.0,5,5,2,12,Loyal Customers
C18860,15,5,181702.5,5,3,2,10,Loyal Customers
C17610,150,5,181693.5,2,3,2,7,Potential Customers
C08653,140,3,181680.0,2,1,2,5,At Risk
C03216,7,2,181673.5,5,1,2,8,Potential Customers
C17478,21,5,181609.0,4,3,2,9,Potential Customers
C00298,157,3,181562.5,2,1,2,5,At Risk
C03138,59,5,181558.0,3,3,2,8,Potential Customers
C09334,34,3,181557.5,4,1,2,7,Potential Customers
C19950,146,8,181552.0,2,4,2,8,Potential Customers
C16501,12,3,181531.5,5,1,2,8,Potential Customers
C08405,15,7,181530.5,5,4,2,11,Loyal Customers
C05674,1,4,181527.0,5,2,2,9,Potential Customers
C17736,44,4,181496.5,3,2,2,7,Potential Customers
C00006,53,5,181481.5,3,3,2,8,Potential Customers
C04168,83,9,181471.0,2,5,2,9,Potential Customers
C19263,5,4,181450.0,5,2,2,9,Potential Customers
C17104,1,5,181445.5,5,3,2,10,Loyal Customers
C08128,2,8,181436.5,5,4,2,11,Loyal Customers
C06298,138,3,181408.5,2,1,2,5,At Risk
C13103,31,6,181341.0,4,3,2,9,Potential Customers
C03861,16,7,181288.0,5,4,2,11,Loyal Customers
C09855,29,5,181262.5,4,3,2,9,Potential Customers
C04292,16,7,181238.5,5,4,2,11,Loyal Customers
C07960,114,5,181231.0,2,3,2,7,Potential Customers
C03071,1,3,181224.0,5,1,2,8,Potential Customers
C03143,2,4,181175.0,5,2,2,9,Potential Customers
C01426,117,5,181173.5,2,3,2,7,Potential Customers
C02951,156,4,181173.5,2,2,2,6,At Risk
C03064,15,5,181099.5,5,3,2,10,Loyal Customers
C19181,4,3,181096.0,5,1,2,8,Potential Customers
C16108,3,6,181084.5,5,3,2,10,Loyal Customers
C04010,38,1,181026.5,4,1,2,7,Potential Customers
C13916,33,5,181018.0,4,3,2,9,Potential Customers
C01731,186,2,180990.5,1,1,2,4,At Risk
C09492,1,2,180979.5,5,1,2,8,Potential Customers
C12986,39,3,180966.5,4,1,2,7,Potential Customers
C08488,215,6,180916.5,1,3,2,6,At Risk
C07249,207,4,180887.5,1,2,2,5,At Risk
C19540,15,5,180884.0,5,3,2,10,Loyal Customers
C10219,9,5,180854.5,5,3,2,10,Loyal Customers
C06791,26,6,180828.0,4,3,2,9,Potential Customers
C15214,37,7,180813.5,4,4,2,10,Loyal Customers
C10598,10,4,180793.0,5,2,2,9,Potential Customers
C15892,17,6,180740.0,5,3,2,10,Loyal Customers
C18314,112,4,180732.5,2,2,2,6,At Risk
C02166,35,3,180714.5,4,1,2,7,Potential Customers
C05984,60,8,180714.0,3,4,2,9,Potential Customers
C13917,171,6,180713.5,2,3,2,7,Potential Customers
C03399,121,7,180689.0,2,4,2,8,Potential Customers
C03054,15,5,180682.0,5,3,2,10,Loyal Customers
C01004,13,4,180680.0,5,2,2,9,Potential Customers
C07670,29,4,180671.0,4,2,2,8,Potential Customers
C18551,114,3,180636.0,2,1,2,5,At Risk
C12926,86,2,180623.5,2,1,2,5,At Risk
C10513,88,5,180597.5,2,3,2,7,Potential Customers
C02622,45,3,180546.0,3,1,2,6,At Risk
C08916,11,7,180517.5,5,4,2,11,Loyal Customers
C00264,83,6,180498.5,2,3,2,7,Potential Customers
C08402,19,7,180481.5,4,4,2,10,Loyal Customers
C12880,88,4,180461.0,2,2,2,6,At Risk
C01906,30,5,180433.0,4,3,2,9,Potential Customers
C04111,212,4,180425.0,1,2,2,5,At Risk
C00441,15,6,180416.0,5,3,2,10,Loyal Customers
C09237,160,5,180367.5,2,3,2,7,Potential Customers
C16208,189,4,180363.5,1,2,2,5,At Risk
C00130,2,4,180362.0,5,2,2,9,Potential Customers
C16474,67,6,180358.0,3,3,2,8,Potential Customers
C06560,16,4,180356.5,5,2,2,9,Potential Customers
C05030,70,5,180330.0,3,3,2,8,Potential Customers
C03964,36,4,180319.5,4,2,2,8,Potential Customers
C00311,25,5,180306.0,4,3,2,9,Potential Customers
C19616,38,4,180303.5,4,2,2,8,Potential Customers
C00727,47,6,180279.0,3,3,2,8,Potential Customers
C19145,17,3,180268.5,5,1,2,8,Potential Customers
C16336,13,5,180267.0,5,3,2,10,Loyal Customers
C06681,97,4,180241.0,2,2,2,6,At Risk
C12319,101,4,180229.0,2,2,2,6,At Risk
C06311,4,5,180193.5,5,3,2,10,Loyal Customers
C19233,199,4,180189.0,1,2,2,5,At Risk
C06532,21,5,180171.0,4,3,2,9,Potential Customers
C08755,54,7,180139.5,3,4,2,9,Potential Customers
C01100,10,3,180113.0,5,1,2,8,Potential Customers
C11277,1,6,180111.0,5,3,2,10,Loyal Customers
C01316,4,5,180084.5,5,3,2,10,Loyal Customers
C13473,14,7,180083.0,5,4,2,11,Loyal Customers
C02062,106,6,180077.0,2,3,2,7,Potential Customers
C15496,48,4,180065.0,3,2,2,7,Potential Customers
C01548,8,7,180049.5,5,4,2,11,Loyal Customers
C00691,42,5,180006.0,3,3,2,8,Potential Customers
C06317,5,6,179993.5,5,3,2,10,Loyal Customers
C14731,104,2,179981.0,2,1,2,5,At Risk
C10620,29,9,179977.0,4,5,2,11,Loyal Customers
C05279,8,6,179967.5,5,3,2,10,Loyal Customers
C04369,12,4,179956.0,5,2,2,9,Potential Customers
C06437,41,5,179908.0,3,3,2,8,Potential Customers
C05850,1,4,179879.0,5,2,2,9,Potential Customers
C02416,1,3,179848.0,5,1,2,8,Potential Customers
C07547,28,8,179831.0,4,4,2,10,Loyal Customers
C00626,395,3,179788.0,1,1,2,4,At Risk
C13611,25,5,179739.5,4,3,2,9,Potential Customers
C16388,112,3,179726.0,2,1,2,5,At Risk
C17933,98,6,179715.0,2,3,2,7,Potential Customers
C00672,1,5,179693.0,5,3,2,10,Loyal Customers
C10392,82,2,179689.0,2,1,2,5,At Risk
C07071,148,2,179663.5,2,1,2,5,At Risk
C09345,2,5,179657.0,5,3,2,10,Loyal Customers
C04400,46,5,179641.0,3,3,2,8,Potential Customers
C11270,8,4,179619.5,5,2,2,9,Potential Customers
C07613,11,6,179588.5,5,3,2,10,Loyal Customers
C01466,59,7,179568.0,3,4,2,9,Potential Customers
C10371,191,3,179557.5,1,1,2,4,At Risk
C08625,163,4,179528.0,2,2,2,6,At Risk
C13255,13,3,179511.5,5,1,2,8,Potential Customers
C03113,38,2,179474.5,4,1,2,7,Potential Customers
C12825,57,3,179459.0,3,1,2,6,At Risk
C04729,49,3,179450.5,3,1,2,6,At Risk
C06290,11,4,179416.0,5,2,2,9,Potential Customers
C15600,12,4,179405.0,5,2,2,9,Potential Customers
C12594,29,4,179403.0,4,2,2,8,Potential Customers
C08803,112,4,179399.5,2,2,2,6,At Risk
C12137,202,3,179382.0,1,1,2,4,At Risk
C01864,54,6,179341.5,3,3,2,8,Potential Customers
C10148,1,7,179329.5,5,4,2,11,Loyal Customers
C19301,11,3,179326.0,5,1,2,8,Potential Customers
C11375,212,5,179278.0,1,3,2,6,At Risk
C14307,122,5,179269.0,2,3,2,7,Potential Customers
C00402,36,4,179245.5,4,2,2,8,Potential Customers
C11752,51,2,179228.5,3,1,2,6,At Risk
C16016,189,5,179222.5,1,3,2,6,At Risk
C18922,178,3,179152.5,2,1,2,5,At Risk
C01337,21,3,179127.0,4,1,2,7,Potential Customers
C15901,299,2,179069.5,1,1,2,4,At Risk
C14235,33,5,179045.5,4,3,2,9,Potential Customers
C12212,20,5,179036.0,4,3,2,9,Potential Customers
C02627,6,3,179031.0,5,1,2,8,Potential Customers
C03332,7,3,179030.0,5,1,2,8,Potential Customers
C14757,15,3,179026.5,5,1,2,8,Potential Customers
C17471,35,4,178972.5,4,2,2,8,Potential Customers
C06787,137,3,178930.5,2,1,2,5,At Risk
C03831,47,5,178912.0,3,3,2,8,Potential Customers
C17682,217,3,178900.5,1,1,2,4,At Risk
C00421,128,3,178858.0,2,1,2,5,At Risk
C14992,63,5,178796.5,3,3,2,8,Potential Customers
C04810,170,4,178795.0,2,2,2,6,At Risk
C03992,123,3,178782.5,2,1,2,5,At Risk
C09159,30,3,178774.5,4,1,2,7,Potential Customers
C11975,3,7,178698.5,5,4,2,11,Loyal Customers
C19273,110,2,178691.5,2,1,2,5,At Risk
C03751,2,4,178652.5,5,2,2,9,Potential Customers
C06005,6,4,178615.0,5,2,2,9,Potential Customers
C06339,77,5,178611.0,3,3,2,8,Potential Customers
C04425,10,5,178605.0,5,3,2,10,Loyal Customers
C08827,1,6,178566.5,5,3,2,10,Loyal Customers
C09024,178,6,178560.5,2,3,2,7,Potential Customers
C07587,126,3,178554.0,2,1,2,5,At Risk
C15586,92,5,178538.5,2,3,2,7,Potential Customers
C19845,244,4,178526.5,1,2,2,5,At Risk
C11812,95,7,178496.5,2,4,2,8,Potential Customers
C16997,182,4,178473.0,1,2,2,5,At Risk
C15382,87,3,178445.0,2,1,2,5,At Risk
C00933,40,5,178443.5,3,3,2,8,Potential Customers
C06797,2,5,178435.5,5,3,2,10,Loyal Customers
C11065,30,5,178425.5,4,3,2,9,Potential Customers
C17568,219,6,178421.0,1,3,2,6,At Risk
C16635,109,4,178411.5,2,2,2,6,At Risk
C12196,30,3,178380.5,4,1,2,7,Potential Customers
C16776,40,5,178354.0,3,3,2,8,Potential Customers
C01022,50,6,178334.5,3,3,2,8,Potential Customers
C05006,175,7,178323.0,2,4,2,8,Potential Customers
C00411,36,3,178255.0,4,1,2,7,Potential Customers
C17904,74,4,178251.5,3,2,2,7,Potential Customers
C08037,48,5,178194.5,3,3,2,8,Potential Customers
C00590,11,4,178182.0,5,2,2,9,Potential Customers
C16605,97,6,178177.5,2,3,2,7,Potential Customers
C19198,2,5,178173.5,5,3,2,10,Loyal Customers
C12905,2,4,178158.5,5,2,2,9,Potential Customers
C03962,19,5,178131.5,4,3,2,9,Potential Customers
C03760,10,4,178131.0,5,2,2,9,Potential Customers
C15694,90,3,178121.0,2,1,2,5,At Risk
C12474,397,2,178115.0,1,1,2,4,At Risk
C09514,190,5,178090.0,1,3,2,6,At Risk
C06169,139,4,178064.5,2,2,2,6,At Risk
C00022,69,4,178051.5,3,2,2,7,Potential Customers
C15663,114,4,178050.0,2,2,2,6,At Risk
C04372,1,4,177941.0,5,2,2,9,Potential Customers
C00437,29,6,177883.0,4,3,2,9,Potential Customers
C00571,31,4,177794.0,4,2,2,8,Potential Customers
C01652,12,5,177791.0,5,3,2,10,Loyal Customers
C10983,19,6,177789.0,4,3,2,9,Potential Customers
C19787,15,3,177781.0,5,1,2,8,Potential Customers
C06911,15,7,177775.5,5,4,2,11,Loyal Customers
C07711,17,3,177758.5,5,1,2,8,Potential Customers
C05744,15,3,177727.5,5,1,2,8,Potential Customers
C00893,45,3,177696.5,3,1,2,6,At Risk
C19323,32,6,177694.5,4,3,2,9,Potential Customers
C15729,29,4,177683.5,4,2,2,8,Potential Customers
C04394,309,4,177647.5,1,2,2,5,At Risk
C11701,227,6,177624.5,1,3,2,6,At Risk
C07686,2,5,177577.5,5,3,2,10,Loyal Customers
C11131,55,4,177565.5,3,2,2,7,Potential Customers
C09399,24,4,177546.5,4,2,2,8,Potential Customers
C05986,189,5,177517.0,1,3,2,6,At Risk
C09502,5,5,177513.0,5,3,2,10,Loyal Customers
C12951,2,2,177511.5,5,1,2,8,Potential Customers
C03838,44,6,177511.5,3,3,2,8,Potential Customers
C07196,1,5,177506.0,5,3,2,10,Loyal Customers
C07326,5,4,177474.5,5,2,2,9,Potential Customers
C09973,136,5,177474.0,2,3,2,7,Potential Customers
C00824,138,5,177469.5,2,3,2,7,Potential Customers
C17594,115,4,177429.5,2,2,2,6,At Risk
C06600,123,3,177388.5,2,1,2,5,At Risk
C10530,63,2,177356.5,3,1,2,6,At Risk
C11705,55,5,177353.5,3,3,2,8,Potential Customers
C03531,13,7,177342.0,5,4,2,11,Loyal Customers
C16456,48,5,177309.5,3,3,2,8,Potential Customers
C10876,12,5,177301.0,5,3,2,10,Loyal Customers
C16664,15,6,177287.5,5,3,2,10,Loyal Customers
C17051,78,4,177286.5,3,2,2,7,Potential Customers
C19588,113,6,177274.0,2,3,2,7,Potential Customers
C13432,255,3,177260.5,1,1,2,4,At Risk
C15746,333,3,177256.5,1,1,2,4,At Risk
C10636,19,4,177242.0,4,2,2,8,Potential Customers
C14289,357,4,177237.5,1,2,2,5,At Risk
C18412,1,5,177215.0,5,3,2,10,Loyal Customers
C18406,11,4,177159.0,5,2,2,9,Potential Customers
C19009,79,3,177159.0,3,1,2,6,At Risk
C01647,44,4,177143.0,3,2,2,7,Potential Customers
C01397,4,5,177125.0,5,3,2,10,Loyal Customers
C19098,94,6,177098.5,2,3,2,7,Potential Customers
C11761,5,3,177094.0,5,1,2,8,Potential Customers
C06685,72,3,177087.0,3,1,2,6,At Risk
C01336,3,4,177053.5,5,2,2,9,Potential Customers
C04712,16,6,177024.5,5,3,2,10,Loyal Customers
C10284,34,4,177018.0,4,2,2,8,Potential Customers
C00995,139,6,177003.5,2,3,2,7,Potential Customers
C18490,26,4,177000.5,4,2,2,8,Potential Customers
C13367,456,1,176999.5,1,1,2,4,At Risk
C11760,26,3,176977.5,4,1,2,7,Potential Customers
C11518,27,4,176949.5,4,2,2,8,Potential Customers
C02363,201,5,176937.0,1,3,2,6,At Risk
C11417,179,4,176930.0,2,2,2,6,At Risk
C14186,48,6,176888.5,3,3,2,8,Potential Customers
C05466,37,6,176852.0,4,3,2,9,Potential Customers
C06003,127,2,176850.5,2,1,2,5,At Risk
C02919,219,2,176826.0,1,1,2,4,At Risk
C10662,15,8,176808.0,5,4,2,11,Loyal Customers
C11092,68,4,176802.0,3,2,2,7,Potential Customers
C11005,10,7,176783.5,5,4,2,11,Loyal Customers
C16584,24,4,176774.0,4,2,2,8,Potential Customers
C03721,37,4,176772.5,4,2,2,8,Potential Customers
C05373,147,5,176750.0,2,3,2,7,Potential Customers
C14050,236,3,176734.0,1,1,2,4,At Risk
C10508,278,3,176724.5,1,1,2,4,At Risk
C04992,60,6,176696.0,3,3,2,8,Potential Customers
C12124,284,4,176687.5,1,2,2,5,At Risk
C10905,58,3,176675.5,3,1,2,6,At Risk
C11006,1,5,176671.0,5,3,2,10,Loyal Customers
C18007,16,4,176652.5,5,2,2,9,Potential Customers
C05736,24,6,176651.0,4,3,2,9,Potential Customers
C04831,82,3,176624.0,2,1,2,5,At Risk
C13803,63,3,176586.0,3,1,2,6,At Risk
C00639,334,3,176565.5,1,1,2,4,At Risk
C13291,38,3,176541.0,4,1,2,7,Potential Customers
C18868,83,2,176508.0,2,1,2,5,At Risk
C11754,47,5,176507.5,3,3,2,8,Potential Customers
C08607,87,3,176506.5,2,1,2,5,At Risk
C08125,2,5,176489.0,5,3,2,10,Loyal Customers
C05751,208,8,176444.5,1,4,2,7,Potential Customers
C03083,5,5,176439.0,5,3,2,10,Loyal Customers
C08739,71,3,176430.5,3,1,2,6,At Risk
C16338,41,5,176425.0,3,3,2,8,Potential Customers
C06196,95,6,176420.5,2,3,2,7,Potential Customers
C10922,98,5,176386.5,2,3,2,7,Potential Customers
C16978,28,6,176360.0,4,3,2,9,Potential Customers
C07799,197,4,176325.0,1,2,2,5,At Risk
C12538,32,5,176314.5,4,3,2,9,Potential Customers
C10147,9,3,176219.0,5,1,2,8,Potential Customers
C00112,45,5,176216.5,3,3,2,8,Potential Customers
C07332,145,5,176214.0,2,3,2,7,Potential Customers
C07409,165,5,176179.0,2,3,2,7,Potential Customers
C01851,1,7,176167.5,5,4,2,11,Loyal Customers
C18605,14,8,176153.5,5,4,2,11,Loyal Customers
C05012,8,4,176119.0,5,2,2,9,Potential Customers
C14150,14,7,176095.0,5,4,2,11,Loyal Customers
C09564,116,3,176079.5,2,1,2,5,At Risk
C15574,20,6,176072.0,4,3,2,9,Potential Customers
C14097,49,5,176042.5,3,3,2,8,Potential Customers
C03864,18,7,176022.0,4,4,2,10,Loyal Customers
C12248,55,3,176013.0,3,1,2,6,At Risk
C01067,31,4,176004.5,4,2,2,8,Potential Customers
C01406,29,4,175995.5,4,2,2,8,Potential Customers
C13142,139,3,175993.0,2,1,2,5,At Risk
C08571,30,5,175976.0,4,3,2,9,Potential Customers
C16738,1,3,175951.0,5,1,2,8,Potential Customers
C10930,106,3,175944.0,2,1,2,5,At Risk
C12091,1,5,175941.0,5,3,2,10,Loyal Customers
C06178,14,4,175927.0,5,2,2,9,Potential Customers
C05619,128,2,175914.5,2,1,2,5,At Risk
C16871,115,6,175878.0,2,3,2,7,Potential Customers
C19636,194,2,175873.0,1,1,2,4,At Risk
C06957,116,1,175845.0,2,1,2,5,At Risk
C07176,165,3,175839.0,2,1,2,5,At Risk
C14399,25,2,175837.5,4,1,2,7,Potential Customers
C17700,3,4,175817.0,5,2,2,9,Potential Customers
C09045,500,3,175793.0,1,1,2,4,At Risk
C07826,41,4,175757.0,3,2,2,7,Potential Customers
C03829,36,5,175744.0,4,3,2,9,Potential Customers
C12304,71,6,175723.0,3,3,2,8,Potential Customers
C06599,9,4,175722.5,5,2,2,9,Potential Customers
C11049,1,5,175714.0,5,3,2,10,Loyal Customers
C16350,4,4,175699.0,5,2,2,9,Potential Customers
C00638,26,4,175677.5,4,2,2,8,Potential Customers
C15193,5,5,175665.0,5,3,2,10,Loyal Customers
C11012,94,6,175645.0,2,3,2,7,Potential Customers
C07972,22,3,175640.5,4,1,2,7,Potential Customers
C07385,60,5,175615.0,3,3,2,8,Potential Customers
C00892,4,5,175604.0,5,3,2,10,Loyal Customers
C07743,111,4,175598.5,2,2,2,6,At Risk
C16932,56,6,175593.0,3,3,2,8,Potential Customers
C01572,22,4,175563.5,4,2,2,8,Potential Customers
C14065,4,4,175556.0,5,2,2,9,Potential Customers
C19521,5,7,175542.0,5,4,2,11,Loyal Customers
C03434,65,2,175516.0,3,1,2,6,At Risk
C17107,200,4,175514.0,1,2,2,5,At Risk
C04909,29,5,175487.0,4,3,2,9,Potential Customers
C09575,116,3,175462.0,2,1,2,5,At Risk
C18725,12,5,175440.5,5,3,2,10,Loyal Customers
C04664,76,4,175435.5,3,2,2,7,Potential Customers
C11759,52,4,175430.5,3,2,2,7,Potential Customers
C11371,84,5,175423.5,2,3,2,7,Potential Customers
C11699,97,8,175415.5,2,4,2,8,Potential Customers
C10272,233,6,175367.5,1,3,2,6,At Risk
C18884,48,5,175363.0,3,3,2,8,Potential Customers
C16719,1,6,175361.0,5,3,2,10,Loyal Customers
C19727,276,2,175344.5,1,1,2,4,At Risk
C05739,72,5,175313.0,3,3,2,8,Potential Customers
C13514,499,3,175293.0,1,1,2,4,At Risk
C06620,34,4,175291.5,4,2,2,8,Potential Customers
C13139,135,4,175258.5,2,2,2,6,At Risk
C08516,50,7,175253.5,3,4,2,9,Potential Customers
C01949,90,2,175251.5,2,1,2,5,At Risk
C00293,20,8,175233.0,4,4,2,10,Loyal Customers
C07046,101,3,175211.0,2,1,2,5,At Risk
C12805,80,4,175210.5,2,2,2,6,At Risk
C10874,66,4,175205.0,3,2,2,7,Potential Customers
C17583,235,5,175202.5,1,3,2,6,At Risk
C06250,3,6,175199.0,5,3,2,10,Loyal Customers
C14139,245,5,175157.0,1,3,2,6,At Risk
C17374,7,6,175144.5,5,3,2,10,Loyal Customers
C09105,67,6,175141.0,3,3,2,8,Potential Customers
C14579,21,7,175133.5,4,4,2,10,Loyal Customers
C00512,3,7,175080.0,5,4,2,11,Loyal Customers
C15463,187,4,175065.0,1,2,2,5,At Risk
C16156,45,4,175056.0,3,2,2,7,Potential Customers
C19881,87,7,175027.0,2,4,2,8,Potential Customers
C19085,11,7,174955.0,5,4,2,11,Loyal Customers
C15339,49,3,174951.0,3,1,2,6,At Risk
C19047,40,5,174908.5,3,3,2,8,Potential Customers
C16532,38,4,174893.5,4,2,2,8,Potential Customers
C06163,301,2,174891.0,1,1,2,4,At Risk
C16542,70,7,174860.0,3,4,2,9,Potential Customers
C12367,170,4,174858.5,2,2,2,6,At Risk
C07648,20,4,174856.0,4,2,2,8,Potential Customers
C17989,73,5,174809.5,3,3,2,8,Potential Customers
C17638,13,3,174809.5,5,1,2,8,Potential Customers
C04919,51,4,174808.0,3,2,2,7,Potential Customers
C06370,86,5,174807.0,2,3,2,7,Potential Customers
C02474,6,3,174803.5,5,1,2,8,Potential Customers
C17285,15,3,174716.0,5,1,2,8,Potential Customers
C06977,16,4,174619.5,5,2,2,9,Potential Customers
C06156,2,5,174611.0,5,3,2,10,Loyal Customers
C13035,298,3,174559.5,1,1,2,4,At Risk
C16902,251,3,174544.0,1,1,2,4,At Risk
C02942,43,8,174533.0,3,4,2,9,Potential Customers
C18921,16,6,174528.0,5,3,2,10,Loyal Customers
C07264,41,4,174442.5,3,2,2,7,Potential Customers
C10235,53,5,174427.0,3,3,2,8,Potential Customers
C13906,82,2,174403.0,2,1,2,5,At Risk
C06649,54,5,174402.5,3,3,2,8,Potential Customers
C07783,200,4,174401.0,1,2,2,5,At Risk
C00610,65,2,174391.0,3,1,2,6,At Risk
C18757,18,5,174390.0,4,3,2,9,Potential Customers
C03139,32,7,174389.5,4,4,2,10,Loyal Customers
C08792,11,5,174314.5,5,3,2,10,Loyal Customers
C12378,167,5,174298.0,2,3,2,7,Potential Customers
C11445,26,5,174297.5,4,3,2,9,Potential Customers
C04226,68,4,174283.0,3,2,2,7,Potential Customers
C06510,10,3,174256.5,5,1,2,8,Potential Customers
C11081,64,3,174230.0,3,1,2,6,At Risk
C02229,17,7,174222.0,5,4,2,11,Loyal Customers
C01651,180,6,174202.5,2,3,2,7,Potential Customers
C03600,132,2,174185.0,2,1,2,5,At Risk
C07917,189,2,174181.0,1,1,2,4,At Risk
C17662,27,5,174157.5,4,3,2,9,Potential Customers
C01453,57,7,174147.0,3,4,2,9,Potential Customers
C19041,250,4,174096.0,1,2,2,5,At Risk
C12576,7,6,174076.0,5,3,2,10,Loyal Customers
C06366,21,6,174051.0,4,3,2,9,Potential Customers
C01677,39,4,174037.0,4,2,2,8,Potential Customers
C16272,13,6,174027.5,5,3,2,10,Loyal Customers
C19988,541,2,173950.0,1,1,2,4,At Risk
C04276,33,4,173891.5,4,2,2,8,Potential Customers
C19017,11,5,173844.5,5,3,2,10,Loyal Customers
C08427,2,4,173836.0,5,2,2,9,Potential Customers
C15281,14,2,173826.0,5,1,2,8,Potential Customers
C13914,34,6,173822.5,4,3,2,9,Potential Customers
C11558,43,7,173790.0,3,4,2,9,Potential Customers
C12744,33,8,173767.0,4,4,2,10,Loyal Customers
C14884,79,3,173760.0,3,1,2,6,At Risk
C16143,9,4,173755.5,5,2,2,9,Potential Customers
C00004,19,5,173746.5,4,3,2,9,Potential Customers
C18756,26,4,173744.5,4,2,2,8,Potential Customers
C00426,15,3,173727.0,5,1,2,8,Potential Customers
C17334,122,5,173719.5,2,3,2,7,Potential Customers
C01032,12,6,173663.0,5,3,2,10,Loyal Customers
C19538,77,3,173607.0,3,1,2,6,At Risk
C17249,13,6,173599.5,5,3,2,10,Loyal Customers
C11356,86,5,173561.0,2,3,2,7,Potential Customers
C02626,71,3,173531.0,3,1,2,6,At Risk
C09190,41,5,173527.5,3,3,2,8,Potential Customers
C09513,43,6,173524.0,3,3,2,8,Potential Customers
C17651,12,2,173473.0,5,1,2,8,Potential Customers
C04279,29,4,173465.5,4,2,2,8,Potential Customers
C04324,12,5,173464.5,5,3,2,10,Loyal Customers
C04871,77,8,173444.5,3,4,2,9,Potential Customers
C10211,2,6,173416.5,5,3,2,10,Loyal Customers
C16260,90,5,173408.0,2,3,2,7,Potential Customers
C10448,2,2,173391.5,5,1,2,8,Potential Customers
C06379,156,6,173359.5,2,3,2,7,Potential Customers
C03215,52,3,173358.5,3,1,2,6,At Risk
C10301,38,5,173336.5,4,3,2,9,Potential Customers
C18928,80,5,173293.0,2,3,2,7,Potential Customers
C10243,36,6,173290.0,4,3,2,9,Potential Customers
C10270,270,4,173259.0,1,2,2,5,At Risk
C10925,215,6,173204.5,1,3,2,6,At Risk
C06793,10,7,173198.0,5,4,2,11,Loyal Customers
C01298,14,3,173193.5,5,1,2,8,Potential Customers
C16931,26,4,173160.0,4,2,2,8,Potential Customers
C06295,66,5,173141.0,3,3,2,8,Potential Customers
C02855,92,5,173135.5,2,3,2,7,Potential Customers
C06425,13,6,173088.0,5,3,2,10,Loyal Customers
C00709,3,5,173071.5,5,3,2,10,Loyal Customers
C00168,9,5,173069.5,5,3,2,10,Loyal Customers
C15348,29,7,173062.0,4,4,2,10,Loyal Customers
C06092,52,6,173061.5,3,3,2,8,Potential Customers
C07039,70,4,173054.0,3,2,2,7,Potential Customers
C01118,91,3,173036.5,2,1,2,5,At Risk
C12836,65,4,172983.5,3,2,2,7,Potential Customers
C01999,113,4,172983.0,2,2,2,6,At Risk
C00785,103,3,172962.0,2,1,2,5,At Risk
C15074,210,5,172896.5,1,3,2,6,At Risk
C05618,69,3,172896.0,3,1,2,6,At Risk
C14518,27,3,172882.0,4,1,2,7,Potential Customers
C15994,26,3,172865.5,4,1,2,7,Potential Customers
C13220,36,4,172862.5,4,2,2,8,Potential Customers
C10036,28,7,172828.0,4,4,2,10,Loyal Customers
C19328,40,3,172811.5,3,1,2,6,At Risk
C07400,231,4,172805.5,1,2,2,5,At Risk
C07329,90,1,172769.5,2,1,2,5,At Risk
C08386,8,5,172750.5,5,3,2,10,Loyal Customers
C03988,37,5,172705.0,4,3,2,9,Potential Customers
C19407,349,4,172668.0,1,2,2,5,At Risk
C19430,29,6,172643.5,4,3,2,9,Potential Customers
C01983,36,3,172562.0,4,1,2,7,Potential Customers
C10422,38,4,172471.0,4,2,2,8,Potential Customers
C13656,50,4,172461.0,3,2,2,7,Potential Customers
C19456,133,4,172454.5,2,2,2,6,At Risk
C15792,68,6,172442.0,3,3,2,8,Potential Customers
C07350,104,4,172439.5,2,2,2,6,At Risk
C00465,71,3,172431.5,3,1,2,6,At Risk
C10318,28,6,172424.0,4,3,2,9,Potential Customers
C07208,17,5,172415.0,5,3,2,10,Loyal Customers
C19153,53,6,172412.5,3,3,2,8,Potential Customers
C07732,212,4,172395.0,1,2,2,5,At Risk
C10273,66,4,172389.5,3,2,2,7,Potential Customers
C04795,500,4,172383.5,1,2,2,5,At Risk
C06071,39,5,172379.0,4,3,2,9,Potential Customers
C05498,6,4,172367.5,5,2,2,9,Potential Customers
C15450,58,5,172344.5,3,3,2,8,Potential Customers
C19454,14,5,172301.5,5,3,2,10,Loyal Customers
C18448,125,4,172279.0,2,2,2,6,At Risk
C08069,1,4,172249.5,5,2,2,9,Potential Customers
C16414,72,4,172229.0,3,2,2,7,Potential Customers
C15623,39,4,172228.0,4,2,2,8,Potential Customers
C12385,252,4,172162.5,1,2,2,5,At Risk
C06127,1,7,172143.0,5,4,2,11,Loyal Customers
C13446,20,6,172066.5,4,3,2,9,Potential Customers
C09206,87,6,172044.5,2,3,2,7,Potential Customers
C07673,13,3,172044.0,5,1,2,8,Potential Customers
C16032,3,4,172037.0,5,2,2,9,Potential Customers
C08725,22,7,172024.5,4,4,2,10,Loyal Customers
C17379,25,4,172019.5,4,2,2,8,Potential Customers
C12065,25,4,172008.0,4,2,2,8,Potential Customers
C08325,33,4,172003.0,4,2,2,8,Potential Customers
C01939,191,7,171998.0,1,4,2,7,Potential Customers
C02479,7,5,171993.0,5,3,2,10,Loyal Customers
C13285,13,8,171974.0,5,4,2,11,Loyal Customers
C08286,63,5,171948.0,3,3,2,8,Potential Customers
C13298,210,2,171933.5,1,1,2,4,At Risk
C17573,587,4,171914.5,1,2,2,5,At Risk
C01454,296,5,171893.5,1,3,2,6,At Risk
C15465,1,6,171871.5,5,3,2,10,Loyal Customers
C14705,1,4,171838.0,5,2,2,9,Potential Customers
C08676,122,4,171823.5,2,2,2,6,At Risk
C09620,4,6,171816.0,5,3,2,10,Loyal Customers
C04088,6,6,171813.5,5,3,2,10,Loyal Customers
C03530,46,6,171767.0,3,3,2,8,Potential Customers
C16574,181,5,171761.0,1,3,2,6,At Risk
C07837,39,6,171753.0,4,3,2,9,Potential Customers
C17808,65,4,171729.5,3,2,2,7,Potential Customers
C05638,90,5,171712.5,2,3,2,7,Potential Customers
C13686,286,2,171686.0,1,1,2,4,At Risk
C17100,1,3,171683.0,5,1,2,8,Potential Customers
C19270,151,5,171672.5,2,3,2,7,Potential Customers
C14965,50,4,171653.0,3,2,2,7,Potential Customers
C06966,183,7,171652.5,1,4,2,7,Potential Customers
C09337,62,3,171621.5,3,1,2,6,At Risk
C07779,32,3,171618.0,4,1,2,7,Potential Customers
C04349,18,4,171615.5,4,2,2,8,Potential Customers
C13791,332,3,171603.0,1,1,2,4,At Risk
C06323,23,2,171594.0,4,1,2,7,Potential Customers
C00747,30,5,171590.0,4,3,2,9,Potential Customers
C00841,13,5,171583.5,5,3,2,10,Loyal Customers
C07758,166,5,171578.5,2,3,2,7,Potential Customers
C18811,54,4,171550.5,3,2,2,7,Potential Customers
C00119,99,7,171547.0,2,4,2,8,Potential Customers
C18330,2,6,171534.5,5,3,2,10,Loyal Customers
C01268,261,3,171512.5,1,1,2,4,At Risk
C03996,1,4,171473.0,5,2,2,9,Potential Customers
C05400,138,4,171467.0,2,2,2,6,At Risk
C10128,6,5,171462.0,5,3,2,10,Loyal Customers
C17203,25,4,171457.0,4,2,2,8,Potential Customers
C01121,19,7,171416.5,4,4,2,10,Loyal Customers
C09164,75,4,171407.5,3,2,2,7,Potential Customers
C08490,93,3,171406.0,2,1,2,5,At Risk
C04716,3,5,171366.5,5,3,2,10,Loyal Customers
C16059,22,6,171358.0,4,3,2,9,Potential Customers
C03681,28,7,171347.5,4,4,2,10,Loyal Customers
C12925,6,4,171327.5,5,2,2,9,Potential Customers
C14551,129,5,171293.5,2,3,2,7,Potential Customers
C11921,106,4,171206.0,2,2,2,6,At Risk
C08203,65,7,171174.0,3,4,2,9,Potential Customers
C01635,371,4,171155.0,1,2,2,5,At Risk
C19738,2,5,171088.0,5,3,2,10,Loyal Customers
C15877,97,4,171065.0,2,2,2,6,At Risk
C16941,2,2,171052.5,5,1,2,8,Potential Customers
C14849,8,8,171047.5,5,4,2,11,Loyal Customers
C00712,1,7,171024.5,5,4,2,11,Loyal Customers
C12401,8,6,171021.5,5,3,2,10,Loyal Customers
C14651,163,1,171012.0,2,1,2,5,At Risk
C04614,4,7,170956.0,5,4,2,11,Loyal Customers
C18270,8,5,170940.5,5,3,2,10,Loyal Customers
C00059,152,6,170901.0,2,3,2,7,Potential Customers
C18970,37,6,170849.0,4,3,2,9,Potential Customers
C03660,149,7,170843.0,2,4,2,8,Potential Customers
C12039,39,4,170843.0,4,2,2,8,Potential Customers
C07111,81,3,170826.5,2,1,2,5,At Risk
C12906,219,6,170826.0,1,3,2,6,At Risk
C13002,23,8,170817.5,4,4,2,10,Loyal Customers
C15939,81,4,170808.5,2,2,2,6,At Risk
C08492,4,5,170792.5,5,3,2,10,Loyal Customers
C02511,108,5,170723.0,2,3,2,7,Potential Customers
C06391,132,5,170711.0,2,3,2,7,Potential Customers
C05670,205,3,170671.0,1,1,2,4,At Risk
C14566,1,4,170625.5,5,2,2,9,Potential Customers
C02854,16,4,170613.5,5,2,2,9,Potential Customers
C17359,61,6,170607.0,3,3,2,8,Potential Customers
C15421,64,9,170546.5,3,5,2,10,Loyal Customers
C18830,157,4,170530.0,2,2,2,6,At Risk
C03664,34,4,170491.0,4,2,2,8,Potential Customers
C11289,51,5,170489.5,3,3,2,8,Potential Customers
C16339,16,3,170489.0,5,1,2,8,Potential Customers
C06593,37,3,170465.5,4,1,2,7,Potential Customers
C15442,179,6,170453.5,2,3,2,7,Potential Customers
C01815,12,6,170451.0,5,3,2,10,Loyal Customers
C05231,4,3,170441.5,5,1,2,8,Potential Customers
C19360,121,6,170421.0,2,3,2,7,Potential Customers
C10973,29,6,170397.0,4,3,2,9,Potential Customers
C00558,133,3,170392.5,2,1,2,5,At Risk
C02717,71,7,170390.5,3,4,2,9,Potential Customers
C16383,25,5,170375.0,4,3,2,9,Potential Customers
C19813,5,5,170348.5,5,3,2,10,Loyal Customers
C05796,27,7,170341.0,4,4,2,10,Loyal Customers
C02074,159,3,170320.5,2,1,2,5,At Risk
C18230,23,4,170283.0,4,2,2,8,Potential Customers
C00733,147,5,170245.0,2,3,2,7,Potential Customers
C03449,1,4,170244.0,5,2,2,9,Potential Customers
C08826,104,5,170225.0,2,3,2,7,Potential Customers
C19222,174,3,170195.0,2,1,2,5,At Risk
C18539,139,5,170190.0,2,3,2,7,Potential Customers
C07950,342,2,170158.5,1,1,2,4,At Risk
C04570,75,6,170153.0,3,3,2,8,Potential Customers
C10316,26,4,170145.0,4,2,2,8,Potential Customers
C14256,24,3,170129.5,4,1,2,7,Potential Customers
C15263,102,5,170107.5,2,3,2,7,Potential Customers
C06297,62,3,170098.5,3,1,2,6,At Risk
C03509,15,3,170085.0,5,1,2,8,Potential Customers
C12392,9,4,170080.0,5,2,2,9,Potential Customers
C04295,71,5,170075.5,3,3,2,8,Potential Customers
C08188,23,4,170028.5,4,2,2,8,Potential Customers
C18726,309,2,170010.5,1,1,2,4,At Risk
C16954,2,3,169995.0,5,1,2,8,Potential Customers
C03233,39,4,169978.0,4,2,2,8,Potential Customers
C16707,111,4,169938.0,2,2,2,6,At Risk
C17090,1,3,169924.0,5,1,2,8,Potential Customers
C16741,52,4,169894.5,3,2,2,7,Potential Customers
C00828,178,5,169886.5,2,3,2,7,Potential Customers
C03526,43,4,169863.0,3,2,2,7,Potential Customers
C05631,66,5,169849.0,3,3,2,8,Potential Customers
C16106,36,6,169827.0,4,3,2,9,Potential Customers
C05775,65,5,169827.0,3,3,2,8,Potential Customers
C00592,66,5,169822.0,3,3,2,8,Potential Customers
C00718,4,2,169811.0,5,1,2,8,Potential Customers
C11052,304,5,169807.0,1,3,2,6,At Risk
C12819,53,3,169793.5,3,1,2,6,At Risk
C03671,110,7,169789.5,2,4,2,8,Potential Customers
C12860,108,2,169771.0,2,1,2,5,At Risk
C01439,246,3,169735.0,1,1,2,4,At Risk
C03987,1,3,169682.0,5,1,2,8,Potential Customers
C00821,159,1,169675.0,2,1,2,5,At Risk
C07128,131,4,169641.5,2,2,2,6,At Risk
C08273,120,4,169626.0,2,2,2,6,At Risk
C13293,3,4,169624.0,5,2,2,9,Potential Customers
C00331,82,4,169610.0,2,2,2,6,At Risk
C14099,52,5,169601.0,3,3,2,8,Potential Customers
C02735,87,2,169566.5,2,1,2,5,At Risk
C03868,3,2,169540.5,5,1,2,8,Potential Customers
C15856,2,5,169534.0,5,3,2,10,Loyal Customers
C02050,34,6,169527.5,4,3,2,9,Potential Customers
C08761,246,3,169487.5,1,1,2,4,At Risk
C07049,15,5,169481.0,5,3,2,10,Loyal Customers
C07341,2,5,169459.5,5,3,2,10,Loyal Customers
C11477,303,4,169457.0,1,2,2,5,At Risk
C18931,129,4,169452.0,2,2,2,6,At Risk
C10124,24,4,169450.5,4,2,2,8,Potential Customers
C12034,72,3,169439.5,3,1,2,6,At Risk
C06554,46,6,169439.0,3,3,2,8,Potential Customers
C16660,153,3,169424.0,2,1,2,5,At Risk
C04934,44,6,169423.5,3,3,2,8,Potential Customers
C17135,58,4,169412.0,3,2,2,7,Potential Customers
C16783,1,7,169400.0,5,4,2,11,Loyal Customers
C10309,148,5,169395.0,2,3,2,7,Potential Customers
C04910,90,6,169395.0,2,3,2,7,Potential Customers
C06412,11,9,169353.5,5,5,2,12,Loyal Customers
C06110,19,6,169352.0,4,3,2,9,Potential Customers
C17805,74,9,169335.0,3,5,2,10,Loyal Customers
C15700,13,3,169289.5,5,1,2,8,Potential Customers
C11534,71,7,169280.0,3,4,2,9,Potential Customers
C14287,12,4,169271.5,5,2,2,9,Potential Customers
C03963,21,3,169264.0,4,1,2,7,Potential Customers
C07394,50,6,169237.5,3,3,2,8,Potential Customers
C00617,5,6,169216.5,5,3,2,10,Loyal Customers
C03566,190,3,169190.5,1,1,2,4,At Risk
C10075,63,6,169171.5,3,3,2,8,Potential Customers
C11073,31,2,169125.0,4,1,2,7,Potential Customers
C06632,154,6,169117.0,2,3,2,7,Potential Customers
C11831,168,4,169109.0,2,2,2,6,At Risk
C01713,174,3,169095.0,2,1,2,5,At Risk
C16560,33,5,169093.5,4,3,2,9,Potential Customers
C04152,75,4,169093.5,3,2,2,7,Potential Customers
C07218,4,4,169084.5,5,2,2,9,Potential Customers
C01449,23,3,169081.5,4,1,2,7,Potential Customers
C17819,36,6,169077.0,4,3,2,9,Potential Customers
C13899,66,4,169067.5,3,2,2,7,Potential Customers
C02870,29,5,169057.5,4,3,2,9,Potential Customers
C13246,43,2,168982.5,3,1,2,6,At Risk
C04667,11,4,168981.5,5,2,2,9,Potential Customers
C08890,28,7,168973.0,4,4,2,10,Loyal Customers
C09373,16,3,168954.0,5,1,2,8,Potential Customers
C13118,11,3,168942.5,5,1,2,8,Potential Customers
C01211,121,5,168937.0,2,3,2,7,Potential Customers
C02891,22,4,168935.5,4,2,2,8,Potential Customers
C09167,63,4,168915.5,3,2,2,7,Potential Customers
C13992,22,5,168903.0,4,3,2,9,Potential Customers
C04489,6,6,168887.0,5,3,2,10,Loyal Customers
C08534,39,6,168823.0,4,3,2,9,Potential Customers
C19188,22,8,168800.0,4,4,2,10,Loyal Customers
C17181,25,4,168765.5,4,2,2,8,Potential Customers
C12513,162,5,168753.0,2,3,2,7,Potential Customers
C18854,90,7,168697.5,2,4,2,8,Potential Customers
C15802,18,6,168686.5,4,3,2,9,Potential Customers
C10554,6,7,168677.5,5,4,2,11,Loyal Customers
C17160,118,4,168663.5,2,2,2,6,At Risk
C07863,27,5,168645.0,4,3,2,9,Potential Customers
C09776,14,3,168575.0,5,1,2,8,Potential Customers
C06709,43,4,168562.5,3,2,2,7,Potential Customers
C02779,1,3,168543.0,5,1,2,8,Potential Customers
C13130,48,4,168540.5,3,2,2,7,Potential Customers
C02387,21,5,168538.0,4,3,2,9,Potential Customers
C19338,4,4,168534.5,5,2,2,9,Potential Customers
C19380,119,3,168529.0,2,1,2,5,At Risk
C13227,9,4,168519.0,5,2,2,9,Potential Customers
C13733,9,5,168517.0,5,3,2,10,Loyal Customers
C12634,11,8,168489.5,5,4,2,11,Loyal Customers
C18391,102,2,168452.5,2,1,2,5,At Risk
C15604,92,5,168438.5,2,3,2,7,Potential Customers
C17619,60,5,168431.5,3,3,2,8,Potential Customers
C00266,326,3,168397.0,1,1,2,4,At Risk
C05044,10,4,168393.5,5,2,2,9,Potential Customers
C19794,166,5,168392.5,2,3,2,7,Potential Customers
C07441,116,6,168377.5,2,3,2,7,Potential Customers
C10194,78,3,168346.0,3,1,2,6,At Risk
C14939,340,4,168325.0,1,2,2,5,At Risk
C10134,44,5,168316.5,3,3,2,8,Potential Customers
C15493,154,5,168311.0,2,3,2,7,Potential Customers
C09218,212,4,168306.5,1,2,2,5,At Risk
C16257,1,3,168272.0,5,1,2,8,Potential Customers
C03903,80,3,168269.5,2,1,2,5,At Risk
C06786,48,6,168238.5,3,3,2,8,Potential Customers
C07534,106,4,168222.0,2,2,2,6,At Risk
C17608,108,3,168221.0,2,1,2,5,At Risk
C16749,18,4,168191.5,4,2,2,8,Potential Customers
C16100,2,4,168178.5,5,2,2,9,Potential Customers
C14474,138,5,168175.0,2,3,2,7,Potential Customers
C17399,81,6,168082.0,2,3,2,7,Potential Customers
C06386,244,2,168075.5,1,1,2,4,At Risk
C19184,8,7,168056.0,5,4,2,11,Loyal Customers
C07109,23,5,168033.5,4,3,2,9,Potential Customers
C05903,11,3,168027.5,5,1,2,8,Potential Customers
C12548,15,5,167966.0,5,3,2,10,Loyal Customers
C12781,122,3,167952.0,2,1,2,5,At Risk
C09662,13,5,167952.0,5,3,2,10,Loyal Customers
C11482,1,3,167911.0,5,1,2,8,Potential Customers
C04198,119,5,167884.5,2,3,2,7,Potential Customers
C12303,4,5,167860.5,5,3,2,10,Loyal Customers
C04146,17,4,167828.0,5,2,2,9,Potential Customers
C09633,3,6,167789.5,5,3,2,10,Loyal Customers
C01854,41,4,167745.0,3,2,2,7,Potential Customers
C08832,11,1,167736.0,5,1,2,8,Potential Customers
C17082,17,6,167706.5,5,3,2,10,Loyal Customers
C07968,101,4,167700.0,2,2,2,6,At Risk
C16468,12,5,167696.5,5,3,2,10,Loyal Customers
C16322,311,2,167693.0,1,1,2,4,At Risk
C04806,80,5,167683.5,2,3,2,7,Potential Customers
C04434,2,3,167652.5,5,1,2,8,Potential Customers
C16203,49,2,167646.0,3,1,2,6,At Risk
C09213,25,6,167613.5,4,3,2,9,Potential Customers
C02236,38,5,167612.5,4,3,2,9,Potential Customers
C16405,28,7,167609.5,4,4,2,10,Loyal Customers
C08778,210,4,167577.5,1,2,2,5,At Risk
C18415,29,5,167564.0,4,3,2,9,Potential Customers
C12311,232,4,167562.5,1,2,2,5,At Risk
C08950,113,3,167551.0,2,1,2,5,At Risk
C05798,55,3,167531.0,3,1,2,6,At Risk
C12837,95,4,167526.0,2,2,2,6,At Risk
C13279,94,5,167511.5,2,3,2,7,Potential Customers
C16446,27,4,167481.5,4,2,2,8,Potential Customers
C12505,9,2,167478.0,5,1,2,8,Potential Customers
C15829,4,5,167463.0,5,3,2,10,Loyal Customers
C13937,226,2,167438.0,1,1,2,4,At Risk
C14493,26,2,167433.5,4,1,2,7,Potential Customers
C13907,356,6,167404.0,1,3,2,6,At Risk
C15104,1,8,167399.5,5,4,2,11,Loyal Customers
C10832,25,7,167394.5,4,4,2,10,Loyal Customers
C04131,29,5,167387.5,4,3,2,9,Potential Customers
C10028,82,3,167379.0,2,1,2,5,At Risk
C08323,33,5,167360.5,4,3,2,9,Potential Customers
C06675,111,5,167358.5,2,3,2,7,Potential Customers
C14087,9,5,167358.5,5,3,2,10,Loyal Customers
C11113,14,4,167316.0,5,2,2,9,Potential Customers
C14696,54,4,167311.0,3,2,2,7,Potential Customers
C12173,79,6,167309.5,3,3,2,8,Potential Customers
C15520,74,5,167263.5,3,3,2,8,Potential Customers
C07703,82,2,167255.5,2,1,2,5,At Risk
C00371,43,4,167241.5,3,2,2,7,Potential Customers
C15033,60,4,167197.5,3,2,2,7,Potential Customers
C01103,3,10,167179.0,5,5,2,12,Loyal Customers
C02123,3,6,167178.0,5,3,2,10,Loyal Customers
C16097,56,6,167176.5,3,3,2,8,Potential Customers
C17517,188,6,167153.0,1,3,2,6,At Risk
C00214,308,3,167104.0,1,1,2,4,At Risk
C00895,73,9,167086.5,3,5,2,10,Loyal Customers
C09792,30,7,167055.0,4,4,2,10,Loyal Customers
C03063,26,4,167050.5,4,2,2,8,Potential Customers
C06916,50,4,167037.0,3,2,2,7,Potential Customers
C06296,1,5,167030.5,5,3,2,10,Loyal Customers
C00377,190,3,167029.0,1,1,2,4,At Risk
C19731,6,5,167017.0,5,3,2,10,Loyal Customers
C12052,22,5,167011.0,4,3,2,9,Potential Customers
C04941,124,4,166997.0,2,2,2,6,At Risk
C19089,222,4,166927.5,1,2,2,5,At Risk
C16882,44,5,166896.0,3,3,2,8,Potential Customers
C07558,77,4,166811.5,3,2,2,7,Potential Customers
C17101,6,3,166805.5,5,1,2,8,Potential Customers
C01720,2,8,166792.0,5,4,2,11,Loyal Customers
C18053,3,4,166787.0,5,2,2,9,Potential Customers
C19414,85,8,166785.0,2,4,2,8,Potential Customers
C02450,356,4,166755.0,1,2,2,5,At Risk
C11167,124,2,166732.5,2,1,2,5,At Risk
C05819,62,3,166732.5,3,1,2,6,At Risk
C07499,213,4,166732.0,1,2,2,5,At Risk
C08033,241,4,166718.0,1,2,2,5,At Risk
C07254,18,3,166709.0,4,1,2,7,Potential Customers
C10408,2,6,166676.5,5,3,2,10,Loyal Customers
C19770,2,6,166640.0,5,3,2,10,Loyal Customers
C10763,12,4,166474.5,5,2,2,9,Potential Customers
C09441,156,2,166468.0,2,1,2,5,At Risk
C01341,200,4,166454.0,1,2,2,5,At Risk
C19712,35,6,166453.5,4,3,2,9,Potential Customers
C14484,2,5,166432.0,5,3,2,10,Loyal Customers
C05518,81,4,166432.0,2,2,2,6,At Risk
C18919,11,9,166363.5,5,5,2,12,Loyal Customers
C04240,6,5,166358.0,5,3,2,10,Loyal Customers
C03565,106,3,166327.0,2,1,2,5,At Risk
C08781,18,4,166316.5,4,2,2,8,Potential Customers
C12195,114,4,166257.5,2,2,2,6,At Risk
C11043,68,4,166255.0,3,2,2,7,Potential Customers
C11361,242,4,166205.0,1,2,2,5,At Risk
C04107,83,4,166173.5,2,2,2,6,At Risk
C18167,94,7,166151.0,2,4,2,8,Potential Customers
C03550,34,3,166139.0,4,1,2,7,Potential Customers
C13457,95,7,166116.0,2,4,2,8,Potential Customers
C17979,67,3,166110.0,3,1,2,6,At Risk
C03662,146,5,166077.0,2,3,2,7,Potential Customers
C05340,26,6,166074.0,4,3,2,9,Potential Customers
C09601,132,5,166065.5,2,3,2,7,Potential Customers
C02890,137,4,166064.0,2,2,2,6,At Risk
C02042,10,6,166042.5,5,3,2,10,Loyal Customers
C10941,53,4,166036.0,3,2,2,7,Potential Customers
C05149,29,5,166017.0,4,3,2,9,Potential Customers
C19912,68,4,165994.5,3,2,2,7,Potential Customers
C02828,4,4,165962.5,5,2,2,9,Potential Customers
C11150,47,7,165945.0,3,4,2,9,Potential Customers
C04568,3,2,165918.0,5,1,2,8,Potential Customers
C01442,57,5,165916.5,3,3,2,8,Potential Customers
C09191,25,3,165860.0,4,1,2,7,Potential Customers
C03079,82,5,165854.5,2,3,2,7,Potential Customers
C11304,171,5,165849.0,2,3,2,7,Potential Customers
C09349,3,5,165773.0,5,3,2,10,Loyal Customers
C16216,41,5,165719.0,3,3,2,8,Potential Customers
C14559,6,5,165707.0,5,3,2,10,Loyal Customers
C19335,20,3,165685.5,4,1,2,7,Potential Customers
C03343,45,4,165685.0,3,2,2,7,Potential Customers
C18747,79,3,165659.5,3,1,2,6,At Risk
C11117,28,3,165654.5,4,1,2,7,Potential Customers
C02200,16,4,165648.0,5,2,2,9,Potential Customers
C06287,42,3,165642.0,3,1,2,6,At Risk
C02713,1,7,165641.0,5,4,2,11,Loyal Customers
C18365,22,6,165636.5,4,3,2,9,Potential Customers
C19336,119,7,165626.5,2,4,2,8,Potential Customers
C07399,37,3,165565.5,4,1,2,7,Potential Customers
C07136,120,6,165553.5,2,3,2,7,Potential Customers
C17601,165,8,165546.0,2,4,2,8,Potential Customers
C12692,16,6,165540.0,5,3,2,10,Loyal Customers
C11391,4,5,165512.5,5,3,2,10,Loyal Customers
C15947,63,4,165504.0,3,2,2,7,Potential Customers
C17326,23,8,165450.5,4,4,2,10,Loyal Customers
C12636,284,3,165426.0,1,1,2,4,At Risk
C08521,130,7,165419.5,2,4,2,8,Potential Customers
C01938,25,1,165400.0,4,1,2,7,Potential Customers
C17992,63,2,165381.5,3,1,2,6,At Risk
C02520,1,5,165369.5,5,3,2,10,Loyal Customers
C09275,4,3,165352.5,5,1,2,8,Potential Customers
C01020,218,2,165341.0,1,1,2,4,At Risk
C07190,24,4,165326.5,4,2,2,8,Potential Customers
C12549,3,3,165316.5,5,1,2,8,Potential Customers
C07963,5,3,165304.5,5,1,2,8,Potential Customers
C18507,13,4,165273.0,5,2,2,9,Potential Customers
C16960,125,5,165256.0,2,3,2,7,Potential Customers
C05687,88,4,165209.5,2,2,2,6,At Risk
C10480,19,4,165174.0,4,2,2,8,Potential Customers
C09985,204,4,165162.5,1,2,2,5,At Risk
C11224,9,4,165143.5,5,2,2,9,Potential Customers
C02603,155,3,165139.5,2,1,2,5,At Risk
C12494,311,4,165128.0,1,2,2,5,At Risk
C06477,118,4,165121.0,2,2,2,6,At Risk
C16433,31,5,165108.0,4,3,2,9,Potential Customers
C06026,6,3,165089.5,5,1,2,8,Potential Customers
C15741,15,4,165048.0,5,2,2,9,Potential Customers
C03203,338,4,165015.5,1,2,2,5,At Risk
C19897,13,6,164973.5,5,3,2,10,Loyal Customers
C06609,106,5,164965.0,2,3,2,7,Potential Customers
C10655,42,5,164936.0,3,3,2,8,Potential Customers
C14901,154,6,164917.0,2,3,2,7,Potential Customers
C11875,10,3,164849.0,5,1,2,8,Potential Customers
C11989,8,8,164830.5,5,4,2,11,Loyal Customers
C17068,4,7,164776.0,5,4,2,11,Loyal Customers
C07794,40,3,164757.5,3,1,2,6,At Risk
C19557,31,8,164757.0,4,4,2,10,Loyal Customers
C03053,71,8,164713.0,3,4,2,9,Potential Customers
C16152,37,6,164691.5,4,3,2,9,Potential Customers
C05322,92,4,164680.5,2,2,2,6,At Risk
C06964,9,5,164673.5,5,3,2,10,Loyal Customers
C10340,14,5,164670.0,5,3,2,10,Loyal Customers
C10080,57,4,164646.0,3,2,2,7,Potential Customers
C03557,4,5,164623.0,5,3,2,10,Loyal Customers
C11725,163,5,164606.5,2,3,2,7,Potential Customers
C08790,3,7,164601.0,5,4,2,11,Loyal Customers
C09075,13,3,164547.5,5,1,2,8,Potential Customers
C11027,169,5,164533.5,2,3,2,7,Potential Customers
C18897,16,2,164523.5,5,1,2,8,Potential Customers
C01825,2,3,164512.0,5,1,2,8,Potential Customers
C05855,14,7,164496.0,5,4,2,11,Loyal Customers
C05505,24,4,164495.0,4,2,2,8,Potential Customers
C00292,58,4,164488.5,3,2,2,7,Potential Customers
C02400,427,3,164464.5,1,1,2,4,At Risk
C10290,86,6,164450.0,2,3,2,7,Potential Customers
C07209,37,6,164423.5,4,3,2,9,Potential Customers
C01181,19,3,164415.5,4,1,2,7,Potential Customers
C12743,189,4,164405.0,1,2,2,5,At Risk
C15152,155,5,164372.0,2,3,2,7,Potential Customers
C02466,1,2,164364.5,5,1,2,8,Potential Customers
C16206,32,3,164363.0,4,1,2,7,Potential Customers
C03610,268,1,164339.0,1,1,2,4,At Risk
C12201,39,5,164285.0,4,3,2,9,Potential Customers
C12973,119,4,164283.5,2,2,2,6,At Risk
C18436,11,6,164281.0,5,3,2,10,Loyal Customers
C12218,25,6,164281.0,4,3,2,9,Potential Customers
C00475,49,4,164193.0,3,2,2,7,Potential Customers
C11877,36,3,164184.0,4,1,2,7,Potential Customers
C14737,171,3,164176.5,2,1,2,5,At Risk
C19405,73,4,164172.5,3,2,2,7,Potential Customers
C01529,7,3,164155.5,5,1,2,8,Potential Customers
C15912,21,4,164136.5,4,2,2,8,Potential Customers
C00036,36,6,164126.5,4,3,2,9,Potential Customers
C19314,8,7,164105.5,5,4,2,11,Loyal Customers
C06062,33,5,164104.0,4,3,2,9,Potential Customers
C07833,6,6,164093.0,5,3,2,10,Loyal Customers
C01789,30,5,164037.5,4,3,2,9,Potential Customers
C11464,11,4,164016.0,5,2,2,9,Potential Customers
C09836,13,6,164015.5,5,3,2,10,Loyal Customers
C12585,16,5,164011.5,5,3,2,10,Loyal Customers
C19626,2,5,164007.5,5,3,2,10,Loyal Customers
C05843,27,5,163998.0,4,3,2,9,Potential Customers
C10223,5,7,163986.0,5,4,2,11,Loyal Customers
C07715,276,4,163942.5,1,2,2,5,At Risk
C04844,43,3,163931.0,3,1,2,6,At Risk
C07636,59,4,163907.5,3,2,2,7,Potential Customers
C09731,243,7,163880.5,1,4,2,7,Potential Customers
C18619,1,7,163853.0,5,4,2,11,Loyal Customers
C16313,62,5,163827.0,3,3,2,8,Potential Customers
C12545,1,5,163802.5,5,3,2,10,Loyal Customers
C07369,29,4,163792.0,4,2,2,8,Potential Customers
C08132,38,5,163775.0,4,3,2,9,Potential Customers
C06948,28,4,163694.0,4,2,2,8,Potential Customers
C04213,52,3,163690.0,3,1,2,6,At Risk
C14363,1,6,163690.0,5,3,2,10,Loyal Customers
C13861,20,6,163675.0,4,3,2,9,Potential Customers
C07934,305,3,163666.5,1,1,2,4,At Risk
C13319,92,4,163631.0,2,2,2,6,At Risk
C17046,8,3,163625.0,5,1,2,8,Potential Customers
C18199,148,3,163623.0,2,1,2,5,At Risk
C14857,32,6,163614.0,4,3,2,9,Potential Customers
C09984,153,2,163612.5,2,1,2,5,At Risk
C13176,3,3,163603.0,5,1,2,8,Potential Customers
C08018,94,4,163592.5,2,2,2,6,At Risk
C16094,160,5,163569.5,2,3,2,7,Potential Customers
C09365,144,2,163563.5,2,1,2,5,At Risk
C08603,85,4,163559.0,2,2,2,6,At Risk
C09180,14,4,163539.0,5,2,2,9,Potential Customers
C10986,23,5,163511.5,4,3,2,9,Potential Customers
C19513,165,6,163508.5,2,3,2,7,Potential Customers
C14456,47,4,163494.5,3,2,2,7,Potential Customers
C13224,8,5,163463.0,5,3,2,10,Loyal Customers
C11212,31,3,163426.0,4,1,2,7,Potential Customers
C03690,13,5,163395.0,5,3,2,10,Loyal Customers
C09078,18,3,163366.0,4,1,2,7,Potential Customers
C09062,110,4,163360.5,2,2,2,6,At Risk
C16914,14,4,163349.0,5,2,2,9,Potential Customers
C07107,8,5,163332.5,5,3,2,10,Loyal Customers
C06643,46,3,163321.0,3,1,2,6,At Risk
C03288,72,4,163276.0,3,2,2,7,Potential Customers
C16290,99,2,163218.0,2,1,2,5,At Risk
C15070,169,4,163208.0,2,2,2,6,At Risk
C07263,37,3,163190.0,4,1,2,7,Potential Customers
C01144,159,6,163188.5,2,3,2,7,Potential Customers
C03917,216,3,163182.5,1,1,2,4,At Risk
C02484,67,5,163169.0,3,3,2,8,Potential Customers
C13091,76,3,163138.0,3,1,2,6,At Risk
C15503,106,2,163135.0,2,1,2,5,At Risk
C09394,68,4,163134.5,3,2,2,7,Potential Customers
C03925,213,5,163097.0,1,3,2,6,At Risk
C11702,2,3,163078.0,5,1,2,8,Potential Customers
C19725,39,2,163046.0,4,1,2,7,Potential Customers
C13909,100,3,162996.5,2,1,2,5,At Risk
C06347,89,3,162982.0,2,1,2,5,At Risk
C11468,54,4,162910.5,3,2,2,7,Potential Customers
C08173,171,4,162904.0,2,2,2,6,At Risk
C08652,13,7,162898.0,5,4,2,11,Loyal Customers
C15524,65,5,162873.5,3,3,2,8,Potential Customers
C02211,19,6,162862.0,4,3,2,9,Potential Customers
C11405,8,4,162812.0,5,2,2,9,Potential Customers
C06373,222,3,162808.5,1,1,2,4,At Risk
C01303,55,3,162787.5,3,1,2,6,At Risk
C09546,85,6,162740.0,2,3,2,7,Potential Customers
C00118,28,6,162738.5,4,3,2,9,Potential Customers
C19158,299,2,162726.5,1,1,2,4,At Risk
C12625,16,5,162709.0,5,3,2,10,Loyal Customers
C09927,14,5,162698.5,5,3,2,10,Loyal Customers
C06790,54,3,162667.0,3,1,2,6,At Risk
C15752,159,2,162627.0,2,1,2,5,At Risk
C17115,28,4,162612.0,4,2,2,8,Potential Customers
C07594,60,5,162608.5,3,3,2,8,Potential Customers
C08178,186,5,162604.0,1,3,2,6,At Risk
C07146,394,3,162575.0,1,1,2,4,At Risk
C19452,8,4,162554.5,5,2,2,9,Potential Customers
C00253,47,5,162544.5,3,3,2,8,Potential Customers
C15647,145,4,162477.0,2,2,2,6,At Risk
C14612,110,6,162380.0,2,3,2,7,Potential Customers
C10216,18,7,162349.0,4,4,2,10,Loyal Customers
C19003,266,3,162348.0,1,1,2,4,At Risk
C19579,273,6,162330.0,1,3,2,6,At Risk
C09163,108,3,162322.0,2,1,2,5,At Risk
C14508,44,6,162319.5,3,3,2,8,Potential Customers
C04301,184,2,162317.5,1,1,2,4,At Risk
C00295,6,4,162305.5,5,2,2,9,Potential Customers
C00323,29,4,162301.5,4,2,2,8,Potential Customers
C05095,13,5,162250.5,5,3,2,10,Loyal Customers
C16631,78,3,162240.0,3,1,2,6,At Risk
C16787,25,5,162237.0,4,3,2,9,Potential Customers
C15914,34,6,162229.0,4,3,2,9,Potential Customers
C13357,133,4,162193.5,2,2,2,6,At Risk
C09181,36,4,162160.5,4,2,2,8,Potential Customers
C10864,31,4,162151.5,4,2,2,8,Potential Customers
C10724,151,5,162147.0,2,3,2,7,Potential Customers
C16400,35,6,162117.0,4,3,2,9,Potential Customers
C15690,301,3,162109.5,1,1,2,4,At Risk
C19876,40,4,162108.0,3,2,2,7,Potential Customers
C14413,156,5,162106.5,2,3,2,7,Potential Customers
C10565,5,4,162076.0,5,2,2,9,Potential Customers
C00698,4,6,162072.0,5,3,2,10,Loyal Customers
C01222,76,7,162068.5,3,4,2,9,Potential Customers
C16365,8,4,162021.5,5,2,2,9,Potential Customers
C07435,220,4,161989.5,1,2,2,5,At Risk
C05393,87,5,161985.5,2,3,2,7,Potential Customers
C08572,10,5,161985.0,5,3,2,10,Loyal Customers
C04149,54,7,161971.5,3,4,2,9,Potential Customers
C01623,81,2,161936.0,2,1,2,5,At Risk
C11714,66,5,161927.5,3,3,2,8,Potential Customers
C18374,184,3,161899.5,1,1,2,4,At Risk
C15968,133,5,161898.5,2,3,2,7,Potential Customers
C04282,95,3,161892.0,2,1,2,5,At Risk
C13886,3,6,161829.0,5,3,2,10,Loyal Customers
C12767,13,6,161822.5,5,3,2,10,Loyal Customers
C01929,189,6,161822.0,1,3,2,6,At Risk
C05642,28,3,161789.0,4,1,2,7,Potential Customers
C05965,316,3,161760.0,1,1,2,4,At Risk
C04045,448,5,161725.0,1,3,2,6,At Risk
C13325,39,2,161723.5,4,1,2,7,Potential Customers
C04780,23,6,161696.5,4,3,2,9,Potential Customers
C04321,268,3,161690.0,1,1,2,4,At Risk
C17930,17,9,161685.0,5,5,2,12,Loyal Customers
C06627,33,8,161668.0,4,4,2,10,Loyal Customers
C18059,120,7,161650.0,2,4,2,8,Potential Customers
C11949,432,4,161609.0,1,2,2,5,At Risk
C07424,576,1,161595.0,1,1,2,4,At Risk
C02910,93,4,161584.0,2,2,2,6,At Risk
C10094,21,7,161583.5,4,4,2,10,Loyal Customers
C00831,7,4,161561.0,5,2,2,9,Potential Customers
C04476,100,2,161548.5,2,1,2,5,At Risk
C06401,71,4,161546.5,3,2,2,7,Potential Customers
C16407,51,6,161535.5,3,3,2,8,Potential Customers
C15373,21,5,161532.0,4,3,2,9,Potential Customers
C02061,49,6,161519.5,3,3,2,8,Potential Customers
C19583,20,4,161514.5,4,2,2,8,Potential Customers
C02453,56,3,161508.5,3,1,2,6,At Risk
C05395,42,6,161496.0,3,3,2,8,Potential Customers
C16981,126,5,161461.0,2,3,2,7,Potential Customers
C00276,24,3,161440.5,4,1,2,7,Potential Customers
C15355,6,4,161432.0,5,2,2,9,Potential Customers
C03663,448,4,161421.0,1,2,2,5,At Risk
C12535,230,5,161420.0,1,3,2,6,At Risk
C07544,2,5,161419.0,5,3,2,10,Loyal Customers
C09157,7,6,161415.5,5,3,2,10,Loyal Customers
C01986,18,5,161366.0,4,3,2,9,Potential Customers
C15848,5,4,161363.0,5,2,2,9,Potential Customers
C19144,19,1,161343.5,4,1,2,7,Potential Customers
C08798,9,5,161335.5,5,3,2,10,Loyal Customers
C15926,155,4,161325.0,2,2,2,6,At Risk
C01062,56,7,161307.0,3,4,2,9,Potential Customers
C14464,74,5,161197.0,3,3,2,8,Potential Customers
C09238,104,2,161135.5,2,1,2,5,At Risk
C00364,252,2,161130.0,1,1,2,4,At Risk
C09072,53,4,161098.0,3,2,2,7,Potential Customers
C17361,3,6,161089.0,5,3,2,10,Loyal Customers
C10627,3,6,161047.5,5,3,2,10,Loyal Customers
C14791,93,5,161042.0,2,3,2,7,Potential Customers
C12251,162,2,161007.5,2,1,2,5,At Risk
C09636,130,6,160992.0,2,3,2,7,Potential Customers
C13270,89,3,160962.5,2,1,2,5,At Risk
C01104,75,4,160953.0,3,2,2,7,Potential Customers
C07984,50,6,160932.5,3,3,2,8,Potential Customers
C19654,259,4,160911.5,1,2,2,5,At Risk
C08363,60,6,160907.5,3,3,2,8,Potential Customers
C11641,114,6,160900.0,2,3,2,7,Potential Customers
C06768,78,5,160873.5,3,3,2,8,Potential Customers
C06980,248,3,160868.5,1,1,2,4,At Risk
C16207,29,6,160863.5,4,3,2,9,Potential Customers
C02128,15,7,160837.5,5,4,2,11,Loyal Customers
C05189,126,7,160794.0,2,4,2,8,Potential Customers
C07756,2,8,160789.0,5,4,2,11,Loyal Customers
C03237,48,7,160762.5,3,4,2,9,Potential Customers
C16408,501,2,160755.0,1,1,2,4,At Risk
C15610,303,3,160740.0,1,1,2,4,At Risk
C09957,25,5,160730.5,4,3,2,9,Potential Customers
C03028,10,3,160719.0,5,1,2,8,Potential Customers
C17321,60,4,160660.0,3,2,2,7,Potential Customers
C11191,73,8,160660.0,3,4,2,9,Potential Customers
C04976,6,4,160642.5,5,2,2,9,Potential Customers
C15116,4,6,160615.5,5,3,2,10,Loyal Customers
C13071,10,5,160611.0,5,3,2,10,Loyal Customers
C14031,90,7,160598.0,2,4,2,8,Potential Customers
C06350,94,5,160575.0,2,3,2,7,Potential Customers
C16149,245,3,160560.5,1,1,2,4,At Risk
C16500,60,2,160519.0,3,1,2,6,At Risk
C15866,161,3,160517.0,2,1,2,5,At Risk
C14897,8,3,160475.0,5,1,2,8,Potential Customers
C02612,94,9,160394.0,2,5,2,9,Potential Customers
C06171,240,5,160350.0,1,3,2,6,At Risk
C19623,1,2,160346.5,5,1,2,8,Potential Customers
C19295,37,4,160345.0,4,2,2,8,Potential Customers
C14795,4,4,160329.0,5,2,2,9,Potential Customers
C18118,170,3,160328.0,2,1,2,5,At Risk
C00533,1,3,160320.5,5,1,2,8,Potential Customers
C17876,31,5,160319.5,4,3,2,9,Potential Customers
C07700,50,4,160292.5,3,2,2,7,Potential Customers
C06022,7,8,160270.5,5,4,2,11,Loyal Customers
C05900,45,4,160264.5,3,2,2,7,Potential Customers
C01326,43,3,160219.5,3,1,2,6,At Risk
C14137,49,3,160198.5,3,1,2,6,At Risk
C01506,97,4,160192.5,2,2,2,6,At Risk
C16158,36,4,160191.5,4,2,2,8,Potential Customers
C17950,65,5,160169.0,3,3,2,8,Potential Customers
C08756,82,5,160132.5,2,3,2,7,Potential Customers
C10750,32,4,160119.0,4,2,2,8,Potential Customers
C04230,35,5,160101.0,4,3,2,9,Potential Customers
C19932,79,6,160100.5,3,3,2,8,Potential Customers
C18579,17,5,160056.0,5,3,2,10,Loyal Customers
C19711,94,4,159948.0,2,2,2,6,At Risk
C04368,6,6,159947.5,5,3,2,10,Loyal Customers
C03720,16,6,159945.5,5,3,2,10,Loyal Customers
C13424,139,2,159940.0,2,1,2,5,At Risk
C03788,75,5,159919.0,3,3,2,8,Potential Customers
C15264,64,4,159918.0,3,2,2,7,Potential Customers
C19090,1,3,159890.0,5,1,2,8,Potential Customers
C14935,16,4,159886.5,5,2,2,9,Potential Customers
C02288,7,6,159881.5,5,3,2,10,Loyal Customers
C17579,20,7,159879.0,4,4,2,10,Loyal Customers
C09868,77,6,159877.5,3,3,2,8,Potential Customers
C02588,17,4,159843.0,5,2,2,9,Potential Customers
C04529,12,5,159808.5,5,3,2,10,Loyal Customers
C05743,9,4,159804.0,5,2,2,9,Potential Customers
C19602,29,4,159784.0,4,2,2,8,Potential Customers
C02143,159,6,159768.0,2,3,2,7,Potential Customers
C13800,62,5,159758.5,3,3,2,8,Potential Customers
C05175,79,4,159743.0,3,2,2,7,Potential Customers
C05292,4,2,159630.0,5,1,2,8,Potential Customers
C11089,12,7,159577.0,5,4,2,11,Loyal Customers
C02548,25,3,159531.5,4,1,2,7,Potential Customers
C15057,15,3,159515.5,5,1,2,8,Potential Customers
C17978,70,5,159478.0,3,3,2,8,Potential Customers
C01823,1,6,159477.0,5,3,2,10,Loyal Customers
C09574,6,6,159476.5,5,3,2,10,Loyal Customers
C12987,1,4,159470.0,5,2,2,9,Potential Customers
C18225,107,4,159469.0,2,2,2,6,At Risk
C07042,12,6,159464.0,5,3,2,10,Loyal Customers
C11850,73,5,159459.5,3,3,2,8,Potential Customers
C06917,45,3,159437.0,3,1,2,6,At Risk
C12114,13,9,159416.0,5,5,2,12,Loyal Customers
C16318,16,5,159410.0,5,3,2,10,Loyal Customers
C10903,130,6,159407.5,2,3,2,7,Potential Customers
C12416,109,3,159371.0,2,1,2,5,At Risk
C11132,66,5,159341.0,3,3,2,8,Potential Customers
C09615,77,3,159303.5,3,1,2,6,At Risk
C00138,6,4,159253.0,5,2,2,9,Potential Customers
C09332,13,8,159247.5,5,4,2,11,Loyal Customers
C04457,22,5,159245.5,4,3,2,9,Potential Customers
C01879,33,5,159235.5,4,3,2,9,Potential Customers
C14634,23,3,159235.5,4,1,2,7,Potential Customers
C12456,9,4,159226.0,5,2,2,9,Potential Customers
C04741,8,4,159200.5,5,2,2,9,Potential Customers
C10694,36,3,159190.5,4,1,2,7,Potential Customers
C07020,49,1,159178.0,3,1,2,6,At Risk
C16815,2,2,159167.5,5,1,2,8,Potential Customers
C19209,111,6,159166.0,2,3,2,7,Potential Customers
C17461,3,3,159159.5,5,1,2,8,Potential Customers
C16861,26,3,159152.0,4,1,2,7,Potential Customers
C07987,6,5,159123.5,5,3,2,10,Loyal Customers
C07559,255,4,159119.5,1,2,2,5,At Risk
C16236,53,7,159046.5,3,4,2,9,Potential Customers
C19851,71,2,159045.5,3,1,2,6,At Risk
C13163,8,4,159042.5,5,2,2,9,Potential Customers
C03626,37,5,159014.5,4,3,2,9,Potential Customers
C05019,97,5,159010.0,2,3,2,7,Potential Customers
C04748,85,3,159001.0,2,1,2,5,At Risk
C19519,14,5,158982.0,5,3,2,10,Loyal Customers
C07683,204,5,158975.0,1,3,2,6,At Risk
C12949,32,2,158974.0,4,1,2,7,Potential Customers
C03486,9,4,158948.5,5,2,2,9,Potential Customers
C06464,6,5,158928.0,5,3,2,10,Loyal Customers
C15657,48,2,158907.5,3,1,2,6,At Risk
C08251,3,3,158907.0,5,1,2,8,Potential Customers
C08634,20,3,158877.5,4,1,2,7,Potential Customers
C03247,1,5,158870.0,5,3,2,10,Loyal Customers
C12465,117,4,158868.5,2,2,2,6,At Risk
C05278,21,5,158826.0,4,3,2,9,Potential Customers
C06230,150,5,158817.0,2,3,2,7,Potential Customers
C19061,265,2,158787.0,1,1,2,4,At Risk
C10133,195,4,158785.5,1,2,2,5,At Risk
C05062,11,5,158768.0,5,3,2,10,Loyal Customers
C10329,37,4,158764.5,4,2,2,8,Potential Customers
C04520,75,6,158740.5,3,3,2,8,Potential Customers
C02018,15,3,158739.5,5,1,2,8,Potential Customers
C15021,222,6,158733.5,1,3,2,6,At Risk
C08357,57,3,158725.5,3,1,2,6,At Risk
C06814,9,3,158725.0,5,1,2,8,Potential Customers
C10034,106,2,158718.0,2,1,2,5,At Risk
C00420,100,7,158713.5,2,4,2,8,Potential Customers
C00560,9,6,158706.0,5,3,2,10,Loyal Customers
C19618,136,3,158693.5,2,1,2,5,At Risk
C19986,167,4,158681.5,2,2,2,6,At Risk
C08933,54,8,158647.0,3,4,2,9,Potential Customers
C18093,5,6,158637.5,5,3,2,10,Loyal Customers
C11647,47,4,158635.0,3,2,2,7,Potential Customers
C01765,38,5,158631.5,4,3,2,9,Potential Customers
C10976,1,6,158629.5,5,3,2,10,Loyal Customers
C13750,10,6,158605.5,5,3,2,10,Loyal Customers
C11801,33,2,158590.0,4,1,2,7,Potential Customers
C11582,1,4,158581.0,5,2,2,9,Potential Customers
C03459,232,2,158559.0,1,1,2,4,At Risk
C06914,147,5,158555.0,2,3,2,7,Potential Customers
C02001,1,4,158543.5,5,2,2,9,Potential Customers
C03423,64,3,158540.0,3,1,2,6,At Risk
C09651,513,3,158410.5,1,1,2,4,At Risk
C07561,48,3,158368.5,3,1,2,6,At Risk
C11213,210,4,158365.0,1,2,2,5,At Risk
C15718,177,5,158358.5,2,3,2,7,Potential Customers
C01484,68,5,158344.5,3,3,2,8,Potential Customers
C00178,123,5,158336.5,2,3,2,7,Potential Customers
C10332,44,5,158307.5,3,3,2,8,Potential Customers
C10356,23,3,158270.0,4,1,2,7,Potential Customers
C06215,126,5,158214.5,2,3,2,7,Potential Customers
C19112,50,4,158203.0,3,2,2,7,Potential Customers
C05038,102,2,158199.5,2,1,2,5,At Risk
C01327,243,7,158164.5,1,4,2,7,Potential Customers
C03224,48,4,158121.5,3,2,2,7,Potential Customers
C01798,24,3,158121.0,4,1,2,7,Potential Customers
C13958,1,4,158104.0,5,2,2,9,Potential Customers
C00777,178,3,158025.0,2,1,2,5,At Risk
C17349,36,6,158007.5,4,3,2,9,Potential Customers
C18371,49,6,157994.0,3,3,2,8,Potential Customers
C16754,12,4,157982.5,5,2,2,9,Potential Customers
C11241,180,3,157974.0,2,1,2,5,At Risk
C15619,285,4,157958.5,1,2,2,5,At Risk
C16796,11,5,157955.0,5,3,2,10,Loyal Customers
C14386,35,6,157938.5,4,3,2,9,Potential Customers
C00325,31,7,157938.5,4,4,2,10,Loyal Customers
C16202,99,5,157927.5,2,3,2,7,Potential Customers
C03525,6,4,157890.0,5,2,2,9,Potential Customers
C10802,115,4,157880.0,2,2,2,6,At Risk
C06637,39,6,157837.0,4,3,2,9,Potential Customers
C15538,20,4,157831.0,4,2,2,8,Potential Customers
C00204,102,3,157805.5,2,1,2,5,At Risk
C17288,1,6,157803.0,5,3,2,10,Loyal Customers
C05113,35,3,157713.0,4,1,2,7,Potential Customers
C10817,8,6,157710.5,5,3,2,10,Loyal Customers
C13007,367,2,157672.0,1,1,2,4,At Risk
C14419,168,3,157663.0,2,1,2,5,At Risk
C00735,303,5,157662.5,1,3,2,6,At Risk
C01401,122,5,157661.5,2,3,2,7,Potential Customers
C13388,215,5,157613.5,1,3,2,6,At Risk
C05215,32,3,157563.0,4,1,2,7,Potential Customers
C12511,44,5,157530.5,3,3,2,8,Potential Customers
C17023,119,5,157522.0,2,3,2,7,Potential Customers
C02178,181,5,157520.0,1,3,2,6,At Risk
C11019,15,4,157451.0,5,2,2,9,Potential Customers
C01698,10,5,157449.5,5,3,2,10,Loyal Customers
C16413,159,6,157432.5,2,3,2,7,Potential Customers
C19573,422,2,157429.5,1,1,2,4,At Risk
C01030,2,5,157419.5,5,3,2,10,Loyal Customers
C08138,149,4,157410.5,2,2,2,6,At Risk
C05564,89,3,157408.5,2,1,2,5,At Risk
C12459,1,6,157399.5,5,3,2,10,Loyal Customers
C17151,4,6,157380.0,5,3,2,10,Loyal Customers
C05464,506,3,157363.5,1,1,2,4,At Risk
C05451,123,6,157360.5,2,3,2,7,Potential Customers
C03804,78,4,157352.5,3,2,2,7,Potential Customers
C16777,97,4,157343.0,2,2,2,6,At Risk
C11527,46,4,157336.0,3,2,2,7,Potential Customers
C03986,66,4,157327.0,3,2,2,7,Potential Customers
C04184,3,3,157326.0,5,1,2,8,Potential Customers
C17492,45,3,157311.0,3,1,2,6,At Risk
C07325,63,3,157310.0,3,1,2,6,At Risk
C03287,3,5,157309.5,5,3,2,10,Loyal Customers
C03534,243,5,157265.0,1,3,2,6,At Risk
C01431,39,4,157175.0,4,2,2,8,Potential Customers
C10104,68,4,157163.5,3,2,2,7,Potential Customers
C16122,15,4,157152.0,5,2,2,9,Potential Customers
C03225,50,4,157115.5,3,2,2,7,Potential Customers
C05964,28,7,157112.0,4,4,2,10,Loyal Customers
C10202,30,4,157111.0,4,2,2,8,Potential Customers
C05511,14,4,157107.5,5,2,2,9,Potential Customers
C19949,115,3,157079.0,2,1,2,5,At Risk
C04609,18,5,157050.5,4,3,2,9,Potential Customers
C12735,115,5,157031.5,2,3,2,7,Potential Customers
C08620,9,4,157020.5,5,2,2,9,Potential Customers
C02455,26,5,157012.5,4,3,2,9,Potential Customers
C16913,216,4,157001.5,1,2,2,5,At Risk
C19136,181,4,156977.0,1,2,2,5,At Risk
C11529,30,3,156925.0,4,1,2,7,Potential Customers
C06272,1,5,156922.0,5,3,2,10,Loyal Customers
C14942,27,4,156914.0,4,2,2,8,Potential Customers
C19206,79,4,156894.5,3,2,2,7,Potential Customers
C18912,112,5,156885.5,2,3,2,7,Potential Customers
C09674,49,5,156885.0,3,3,2,8,Potential Customers
C03269,58,5,156880.0,3,3,2,8,Potential Customers
C10595,13,6,156822.0,5,3,2,10,Loyal Customers
C09871,200,3,156781.0,1,1,2,4,At Risk
C00360,27,6,156778.0,4,3,2,9,Potential Customers
C03758,9,4,156770.0,5,2,2,9,Potential Customers
C15744,46,5,156759.0,3,3,2,8,Potential Customers
C19106,16,4,156744.5,5,2,2,9,Potential Customers
C01475,46,5,156723.5,3,3,2,8,Potential Customers
C13049,414,1,156723.0,1,1,2,4,At Risk
C03619,48,3,156711.5,3,1,2,6,At Risk
C08149,102,4,156702.5,2,2,2,6,At Risk
C04464,164,3,156694.5,2,1,2,5,At Risk
C10386,199,4,156684.0,1,2,2,5,At Risk
C04796,29,7,156676.0,4,4,2,10,Loyal Customers
C06820,24,6,156670.5,4,3,2,9,Potential Customers
C01078,37,3,156654.0,4,1,2,7,Potential Customers
C16872,7,3,156645.0,5,1,2,8,Potential Customers
C01360,11,4,156600.0,5,2,2,9,Potential Customers
C08809,149,5,156597.0,2,3,2,7,Potential Customers
C07964,59,2,156586.5,3,1,2,6,At Risk
C19839,93,4,156585.5,2,2,2,6,At Risk
C02941,67,6,156565.0,3,3,2,8,Potential Customers
C14447,102,2,156548.5,2,1,2,5,At Risk
C03659,71,5,156462.5,3,3,2,8,Potential Customers
C12657,131,5,156420.5,2,3,2,7,Potential Customers
C18467,3,7,156398.5,5,4,2,11,Loyal Customers
C17663,4,3,156386.5,5,1,2,8,Potential Customers
C07989,141,4,156376.0,2,2,2,6,At Risk
C12287,41,8,156344.0,3,4,2,9,Potential Customers
C09219,18,4,156315.0,4,2,2,8,Potential Customers
C07339,5,2,156313.0,5,1,2,8,Potential Customers
C03627,216,4,156305.0,1,2,2,5,At Risk
C16226,274,6,156304.5,1,3,2,6,At Risk
C10443,245,5,156301.0,1,3,2,6,At Risk
C17593,16,6,156285.0,5,3,2,10,Loyal Customers
C04916,40,5,156283.5,3,3,2,8,Potential Customers
C03180,22,7,156273.5,4,4,2,10,Loyal Customers
C14336,91,8,156272.0,2,4,2,8,Potential Customers
C00306,7,4,156259.0,5,2,2,9,Potential Customers
C08005,60,6,156250.5,3,3,2,8,Potential Customers
C01580,123,3,156247.0,2,1,2,5,At Risk
C12383,63,5,156236.5,3,3,2,8,Potential Customers
C08576,68,4,156231.5,3,2,2,7,Potential Customers
C19598,109,4,156195.0,2,2,2,6,At Risk
C13614,61,4,156194.0,3,2,2,7,Potential Customers
C09529,145,6,156184.5,2,3,2,7,Potential Customers
C13511,62,7,156134.0,3,4,2,9,Potential Customers
C06770,43,2,156116.0,3,1,2,6,At Risk
C02426,14,9,156112.0,5,5,2,12,Loyal Customers
C02875,107,5,156025.0,2,3,2,7,Potential Customers
C07607,6,6,155996.0,5,3,2,10,Loyal Customers
C04747,115,5,155924.0,2,3,2,7,Potential Customers
C07161,451,4,155921.0,1,2,2,5,At Risk
C09793,4,5,155919.5,5,3,2,10,Loyal Customers
C02215,22,4,155913.0,4,2,2,8,Potential Customers
C05675,38,2,155901.5,4,1,2,7,Potential Customers
C00996,17,8,155890.5,5,4,2,11,Loyal Customers
C04537,110,5,155890.0,2,3,2,7,Potential Customers
C15756,2,9,155874.5,5,5,2,12,Loyal Customers
C16993,17,5,155873.0,5,3,2,10,Loyal Customers
C11708,12,3,155863.0,5,1,2,8,Potential Customers
C06750,201,3,155839.5,1,1,2,4,At Risk
C14102,3,5,155793.0,5,3,2,10,Loyal Customers
C14929,101,3,155777.5,2,1,2,5,At Risk
C01987,48,7,155776.5,3,4,2,9,Potential Customers
C03679,22,3,155760.0,4,1,2,7,Potential Customers
C06080,138,4,155710.5,2,2,2,6,At Risk
C17155,7,5,155662.5,5,3,2,10,Loyal Customers
C09312,9,6,155620.5,5,3,2,10,Loyal Customers
C19164,64,3,155605.0,3,1,2,6,At Risk
C07476,110,3,155601.5,2,1,2,5,At Risk
C10628,115,2,155570.0,2,1,2,5,At Risk
C03708,153,5,155561.0,2,3,2,7,Potential Customers
C18026,102,6,155556.5,2,3,2,7,Potential Customers
C13939,1,6,155528.0,5,3,2,10,Loyal Customers
C03771,163,3,155493.5,2,1,2,5,At Risk
C02373,83,5,155480.5,2,3,2,7,Potential Customers
C04996,184,5,155453.5,1,3,2,6,At Risk
C06979,7,3,155440.5,5,1,2,8,Potential Customers
C19235,71,4,155437.5,3,2,2,7,Potential Customers
C06575,283,5,155411.5,1,3,2,6,At Risk
C02066,25,5,155404.5,4,3,2,9,Potential Customers
C13482,67,6,155403.5,3,3,2,8,Potential Customers
C11743,6,6,155367.0,5,3,2,10,Loyal Customers
C16385,16,2,155322.0,5,1,2,8,Potential Customers
C06773,30,3,155315.5,4,1,2,7,Potential Customers
C08449,254,6,155269.0,1,3,2,6,At Risk
C16818,14,5,155225.0,5,3,2,10,Loyal Customers
C07224,14,5,155204.5,5,3,2,10,Loyal Customers
C06222,50,4,155195.0,3,2,2,7,Potential Customers
C19322,128,6,155154.0,2,3,2,7,Potential Customers
C09848,19,6,155099.5,4,3,2,9,Potential Customers
C12964,56,6,155060.5,3,3,2,8,Potential Customers
C17743,90,3,155060.0,2,1,2,5,At Risk
C07889,225,3,155049.0,1,1,2,4,At Risk
C18397,108,4,155045.0,2,2,2,6,At Risk
C06011,41,3,155042.5,3,1,2,6,At Risk
C00283,54,5,155029.0,3,3,2,8,Potential Customers
C07238,39,4,155022.0,4,2,2,8,Potential Customers
C01516,6,6,155010.0,5,3,2,10,Loyal Customers
C04070,37,4,155004.5,4,2,2,8,Potential Customers
C09403,90,3,154985.0,2,1,2,5,At Risk
C18251,135,6,154960.5,2,3,2,7,Potential Customers
C19928,100,4,154954.5,2,2,2,6,At Risk
C12241,7,6,154950.0,5,3,2,10,Loyal Customers
C11871,408,3,154949.5,1,1,2,4,At Risk
C00613,71,3,154942.0,3,1,2,6,At Risk
C18760,7,3,154899.5,5,1,2,8,Potential Customers
C17071,284,4,154886.0,1,2,2,5,At Risk
C11380,92,4,154813.0,2,2,2,6,At Risk
C13825,14,4,154793.5,5,2,2,9,Potential Customers
C06650,20,2,154784.0,4,1,2,7,Potential Customers
C08894,134,5,154770.0,2,3,2,7,Potential Customers
C15179,5,5,154754.0,5,3,2,10,Loyal Customers
C06539,25,3,154754.0,4,1,2,7,Potential Customers
C09767,44,6,154735.0,3,3,2,8,Potential Customers
C06997,24,7,154691.5,4,4,2,10,Loyal Customers
C17768,83,3,154571.0,2,1,2,5,At Risk
C13102,235,2,154557.0,1,1,2,4,At Risk
C10624,113,3,154541.5,2,1,2,5,At Risk
C17170,114,2,154540.0,2,1,2,5,At Risk
C12386,14,2,154516.5,5,1,2,8,Potential Customers
C14175,44,2,154511.5,3,1,2,6,At Risk
C01839,37,4,154503.5,4,2,2,8,Potential Customers
C00915,22,3,154481.0,4,1,2,7,Potential Customers
C12111,44,3,154427.0,3,1,2,6,At Risk
C19865,7,6,154420.0,5,3,2,10,Loyal Customers
C02744,26,4,154411.0,4,2,2,8,Potential Customers
C04116,19,2,154397.0,4,1,2,7,Potential Customers
C07940,97,5,154365.5,2,3,2,7,Potential Customers
C14006,167,6,154362.5,2,3,2,7,Potential Customers
C14040,332,5,154316.5,1,3,2,6,At Risk
C15019,21,5,154262.5,4,3,2,9,Potential Customers
C00863,78,4,154258.5,3,2,2,7,Potential Customers
C06754,42,8,154236.5,3,4,2,9,Potential Customers
C01563,47,2,154233.0,3,1,2,6,At Risk
C17875,93,3,154194.0,2,1,2,5,At Risk
C01853,45,3,154168.0,3,1,2,6,At Risk
C14436,66,5,154150.0,3,3,2,8,Potential Customers
C06208,117,2,154123.0,2,1,2,5,At Risk
C06247,21,6,154122.0,4,3,2,9,Potential Customers
C18133,88,5,154109.0,2,3,2,7,Potential Customers
C00754,48,7,154096.5,3,4,2,9,Potential Customers
C19667,67,2,154087.5,3,1,2,6,At Risk
C14637,237,2,154036.0,1,1,2,4,At Risk
C05849,14,4,154020.0,5,2,2,9,Potential Customers
C11491,18,5,154016.0,4,3,2,9,Potential Customers
C18214,8,4,154003.0,5,2,2,9,Potential Customers
C09886,249,4,153969.0,1,2,2,5,At Risk
C08766,22,4,153958.5,4,2,2,8,Potential Customers
C14533,49,4,153954.5,3,2,2,7,Potential Customers
C07080,24,5,153943.5,4,3,2,9,Potential Customers
C19331,19,5,153925.0,4,3,2,9,Potential Customers
C02190,69,7,153924.0,3,4,2,9,Potential Customers
C00563,580,1,153905.0,1,1,2,4,At Risk
C07791,52,5,153888.5,3,3,2,8,Potential Customers
C02549,80,3,153888.0,2,1,2,5,At Risk
C13251,77,2,153873.5,3,1,2,6,At Risk
C18136,32,3,153869.5,4,1,2,7,Potential Customers
C05597,126,5,153866.5,2,3,2,7,Potential Customers
C03021,393,3,153793.0,1,1,2,4,At Risk
C17169,76,4,153763.0,3,2,2,7,Potential Customers
C02908,19,3,153747.5,4,1,2,7,Potential Customers
C03234,12,6,153721.0,5,3,2,10,Loyal Customers
C17903,56,6,153717.0,3,3,2,8,Potential Customers
C05976,64,4,153691.0,3,2,2,7,Potential Customers
C12514,215,4,153690.0,1,2,2,5,At Risk
C15669,12,6,153672.0,5,3,2,10,Loyal Customers
C05126,67,5,153633.0,3,3,2,8,Potential Customers
C10336,101,6,153602.0,2,3,2,7,Potential Customers
C16360,12,6,153576.5,5,3,2,10,Loyal Customers
C13872,43,6,153566.5,3,3,2,8,Potential Customers
C04507,13,5,153560.5,5,3,2,10,Loyal Customers
C10167,64,4,153560.5,3,2,2,7,Potential Customers
C18708,171,5,153558.5,2,3,2,7,Potential Customers
C01258,220,2,153558.0,1,1,2,4,At Risk
C18032,24,4,153525.5,4,2,2,8,Potential Customers
C08818,2,4,153521.5,5,2,2,9,Potential Customers
C18612,39,4,153516.0,4,2,2,8,Potential Customers
C08021,553,3,153478.5,1,1,2,4,At Risk
C12177,2,4,153473.5,5,2,2,9,Potential Customers
C00007,51,7,153432.5,3,4,2,9,Potential Customers
C06478,92,8,153429.0,2,4,2,8,Potential Customers
C02494,50,6,153414.0,3,3,2,8,Potential Customers
C06550,34,3,153401.0,4,1,2,7,Potential Customers
C00412,15,5,153399.0,5,3,2,10,Loyal Customers
C00606,25,3,153376.0,4,1,2,7,Potential Customers
C10125,40,3,153343.5,3,1,2,6,At Risk
C16380,308,5,153334.0,1,3,2,6,At Risk
C01909,54,2,153332.5,3,1,2,6,At Risk
C18149,172,3,153321.0,2,1,2,5,At Risk
C18565,34,5,153307.5,4,3,2,9,Potential Customers
C10319,2,3,153276.5,5,1,2,8,Potential Customers
C13668,32,5,153274.5,4,3,2,9,Potential Customers
C04047,30,6,153247.0,4,3,2,9,Potential Customers
C10239,76,4,153195.0,3,2,2,7,Potential Customers
C11621,56,4,153180.5,3,2,2,7,Potential Customers
C04833,84,4,153178.0,2,2,2,6,At Risk
C05399,11,3,153155.0,5,1,2,8,Potential Customers
C07425,1,5,153140.5,5,3,2,10,Loyal Customers
C07310,15,3,153087.5,5,1,2,8,Potential Customers
C17738,14,3,153069.5,5,1,2,8,Potential Customers
C06140,47,4,153064.0,3,2,2,7,Potential Customers
C09460,13,7,153054.5,5,4,2,11,Loyal Customers
C12598,113,2,153053.0,2,1,2,5,At Risk
C06882,93,5,153041.5,2,3,2,7,Potential Customers
C02476,192,2,153033.0,1,1,2,4,At Risk
C01779,20,3,153024.5,4,1,2,7,Potential Customers
C15985,19,7,153020.5,4,4,2,10,Loyal Customers
C15286,49,3,153015.5,3,1,2,6,At Risk
C01077,145,3,152998.5,2,1,2,5,At Risk
C09859,128,6,152992.5,2,3,2,7,Potential Customers
C13588,49,3,152978.5,3,1,2,6,At Risk
C05837,52,3,152978.5,3,1,2,6,At Risk
C16563,19,5,152947.0,4,3,2,9,Potential Customers
C14807,13,5,152923.5,5,3,2,10,Loyal Customers
C18530,107,5,152902.5,2,3,2,7,Potential Customers
C15749,10,7,152862.5,5,4,2,11,Loyal Customers
C05166,62,4,152844.5,3,2,2,7,Potential Customers
C13821,17,5,152843.5,5,3,2,10,Loyal Customers
C07366,139,5,152807.0,2,3,2,7,Potential Customers
C11585,159,5,152767.5,2,3,2,7,Potential Customers
C17320,66,5,152763.5,3,3,2,8,Potential Customers
C12231,8,3,152762.5,5,1,2,8,Potential Customers
C03754,48,5,152761.0,3,3,2,8,Potential Customers
C13835,71,6,152736.0,3,3,2,8,Potential Customers
C13331,76,3,152724.5,3,1,2,6,At Risk
C18247,26,4,152723.0,4,2,2,8,Potential Customers
C18899,36,4,152714.0,4,2,2,8,Potential Customers
C04154,78,4,152697.5,3,2,2,7,Potential Customers
C12023,32,3,152691.0,4,1,2,7,Potential Customers
C01233,100,3,152684.0,2,1,2,5,At Risk
C19943,53,3,152656.5,3,1,2,6,At Risk
C11620,246,3,152634.5,1,1,2,4,At Risk
C11320,285,3,152628.0,1,1,2,4,At Risk
C02967,24,4,152596.0,4,2,2,8,Potential Customers
C07256,30,3,152565.0,4,1,2,7,Potential Customers
C14850,17,5,152549.5,5,3,2,10,Loyal Customers
C18170,63,5,152548.5,3,3,2,8,Potential Customers
C19816,2,5,152541.0,5,3,2,10,Loyal Customers
C13362,56,3,152525.0,3,1,2,6,At Risk
C13651,17,5,152519.0,5,3,2,10,Loyal Customers
C10017,34,5,152491.0,4,3,2,9,Potential Customers
C13653,38,6,152472.0,4,3,2,9,Potential Customers
C12527,51,5,152418.5,3,3,2,8,Potential Customers
C15504,236,6,152395.0,1,3,2,6,At Risk
C17658,211,2,152390.0,1,1,2,4,At Risk
C14989,19,4,152388.0,4,2,2,8,Potential Customers
C08458,14,5,152375.5,5,3,2,10,Loyal Customers
C07248,41,5,152347.0,3,3,2,8,Potential Customers
C07500,113,5,152344.0,2,3,2,7,Potential Customers
C09034,107,4,152318.5,2,2,2,6,At Risk
C10489,20,3,152309.0,4,1,2,7,Potential Customers
C17393,73,4,152307.0,3,2,2,7,Potential Customers
C15158,19,4,152304.5,4,2,2,8,Potential Customers
C12414,107,2,152302.5,2,1,2,5,At Risk
C07734,16,4,152276.0,5,2,2,9,Potential Customers
C10091,3,6,152271.0,5,3,2,10,Loyal Customers
C07527,90,3,152253.0,2,1,2,5,At Risk
C02857,15,5,152242.0,5,3,2,10,Loyal Customers
C01339,132,3,152233.0,2,1,2,5,At Risk
C11855,35,5,152192.0,4,3,2,9,Potential Customers
C14197,87,3,152173.0,2,1,2,5,At Risk
C04508,31,4,152170.5,4,2,2,8,Potential Customers
C13852,80,5,152151.5,2,3,2,7,Potential Customers
C16266,22,6,152137.0,4,3,2,9,Potential Customers
C01093,65,4,152127.0,3,2,2,7,Potential Customers
C08243,32,3,152126.0,4,1,2,7,Potential Customers
C15668,7,6,152115.0,5,3,2,10,Loyal Customers
C15115,1,5,152062.5,5,3,2,10,Loyal Customers
C17667,16,4,152009.5,5,2,2,9,Potential Customers
C01428,348,2,151989.5,1,1,2,4,At Risk
C11722,80,3,151982.0,2,1,2,5,At Risk
C09609,242,3,151935.0,1,1,2,4,At Risk
C19544,24,4,151921.5,4,2,2,8,Potential Customers
C16772,173,4,151915.5,2,2,2,6,At Risk
C10658,9,4,151889.0,5,2,2,9,Potential Customers
C05860,6,4,151789.0,5,2,2,9,Potential Customers
C00958,17,6,151782.0,5,3,2,10,Loyal Customers
C17867,4,5,151777.5,5,3,2,10,Loyal Customers
C19610,62,2,151755.5,3,1,2,6,At Risk
C14468,18,5,151733.0,4,3,2,9,Potential Customers
C00724,56,5,151725.5,3,3,2,8,Potential Customers
C07639,34,5,151677.5,4,3,2,9,Potential Customers
C12263,128,4,151676.5,2,2,2,6,At Risk
C03172,105,5,151641.5,2,3,2,7,Potential Customers
C02009,2,5,151620.0,5,3,2,10,Loyal Customers
C09874,464,4,151533.0,1,2,2,5,At Risk
C10231,27,7,151531.5,4,4,2,10,Loyal Customers
C00927,67,4,151515.0,3,2,2,7,Potential Customers
C00367,22,5,151505.5,4,3,2,9,Potential Customers
C08774,195,6,151460.5,1,3,2,6,At Risk
C07470,111,5,151458.0,2,3,2,7,Potential Customers
C11766,9,3,151423.5,5,1,2,8,Potential Customers
C16778,31,5,151417.0,4,3,2,9,Potential Customers
C18322,26,7,151389.0,4,4,2,10,Loyal Customers
C05557,121,5,151380.0,2,3,2,7,Potential Customers
C02526,67,2,151375.5,3,1,2,6,At Risk
C09548,79,5,151279.5,3,3,2,8,Potential Customers
C07393,125,2,151252.5,2,1,2,5,At Risk
C17187,45,7,151248.0,3,4,2,9,Potential Customers
C17284,22,7,151242.0,4,4,2,10,Loyal Customers
C13536,40,6,151229.0,3,3,2,8,Potential Customers
C11727,263,4,151203.5,1,2,2,5,At Risk
C15747,60,6,151163.5,3,3,2,8,Potential Customers
C14392,247,4,151139.0,1,2,2,5,At Risk
C18732,169,3,151136.0,2,1,2,5,At Risk
C01161,99,2,151130.0,2,1,2,5,At Risk
C16065,115,4,151129.5,2,2,2,6,At Risk
C03827,38,4,151109.5,4,2,2,8,Potential Customers
C01389,314,2,151080.0,1,1,2,4,At Risk
C00553,2,4,150980.0,5,2,2,9,Potential Customers
C15547,6,3,150951.0,5,1,2,8,Potential Customers
C08710,140,4,150921.0,2,2,2,6,At Risk
C01521,110,4,150912.0,2,2,2,6,At Risk
C06264,7,5,150890.5,5,3,2,10,Loyal Customers
C04600,365,2,150863.0,1,1,2,4,At Risk
C06160,105,4,150740.0,2,2,2,6,At Risk
C09199,116,2,150613.5,2,1,2,5,At Risk
C14098,45,5,150613.0,3,3,2,8,Potential Customers
C18370,34,5,150564.5,4,3,2,9,Potential Customers
C03668,6,5,150541.0,5,3,2,10,Loyal Customers
C02292,17,5,150495.0,5,3,2,10,Loyal Customers
C17737,178,5,150486.5,2,3,2,7,Potential Customers
C00624,28,5,150478.0,4,3,2,9,Potential Customers
C17606,1,5,150440.5,5,3,2,10,Loyal Customers
C00289,45,5,150422.0,3,3,2,8,Potential Customers
C18188,59,3,150416.5,3,1,2,6,At Risk
C16760,313,3,150413.0,1,1,2,4,At Risk
C12969,6,4,150412.5,5,2,2,9,Potential Customers
C08009,15,4,150407.5,5,2,2,9,Potential Customers
C00390,3,5,150403.0,5,3,2,10,Loyal Customers
C11903,39,4,150394.0,4,2,2,8,Potential Customers
C09891,125,3,150358.5,2,1,2,5,At Risk
C16492,103,4,150352.5,2,2,2,6,At Risk
C09311,2,6,150351.5,5,3,2,10,Loyal Customers
C19737,33,2,150304.0,4,1,2,7,Potential Customers
C09377,37,4,150303.0,4,2,2,8,Potential Customers
C16320,75,3,150287.5,3,1,2,6,At Risk
C12357,2,6,150281.0,5,3,2,10,Loyal Customers
C14963,1,4,150235.5,5,2,2,9,Potential Customers
C07978,50,5,150207.0,3,3,2,8,Potential Customers
C03251,205,4,150195.5,1,2,2,5,At Risk
C12496,388,2,150189.0,1,1,2,4,At Risk
C06257,64,5,150162.5,3,3,2,8,Potential Customers
C16965,1,6,150089.0,5,3,2,10,Loyal Customers
C09901,150,4,150065.5,2,2,2,6,At Risk
C03209,43,5,150064.0,3,3,2,8,Potential Customers
C13986,44,3,150057.5,3,1,2,6,At Risk
C08817,9,4,150028.0,5,2,2,9,Potential Customers
C12098,50,5,150022.5,3,3,2,8,Potential Customers
C15315,9,6,150021.5,5,3,2,10,Loyal Customers
C00669,273,5,150015.0,1,3,2,6,At Risk
C05875,93,1,149993.0,2,1,2,5,At Risk
C14998,61,6,149991.5,3,3,2,8,Potential Customers
C07704,180,2,149982.5,2,1,2,5,At Risk
C14412,10,2,149963.0,5,1,2,8,Potential Customers
C07456,80,5,149961.0,2,3,2,7,Potential Customers
C17069,1,3,149931.0,5,1,2,8,Potential Customers
C16640,1,4,149917.0,5,2,2,9,Potential Customers
C04182,106,3,149892.0,2,1,2,5,At Risk
C10863,2,6,149841.5,5,3,2,10,Loyal Customers
C18626,326,3,149840.0,1,1,2,4,At Risk
C13765,22,5,149836.5,4,3,2,9,Potential Customers
C09893,44,6,149820.0,3,3,2,8,Potential Customers
C05653,416,2,149808.0,1,1,2,4,At Risk
C16222,5,5,149800.5,5,3,2,10,Loyal Customers
C02032,12,3,149795.5,5,1,2,8,Potential Customers
C03212,131,6,149793.0,2,3,2,7,Potential Customers
C03276,101,3,149755.5,2,1,2,5,At Risk
C15206,4,3,149747.0,5,1,2,8,Potential Customers
C10044,2,6,149735.0,5,3,2,10,Loyal Customers
C19705,8,4,149695.0,5,2,2,9,Potential Customers
C18750,17,5,149671.0,5,3,2,10,Loyal Customers
C14535,15,6,149665.0,5,3,2,10,Loyal Customers
C19269,7,2,149648.0,5,1,2,8,Potential Customers
C16221,16,4,149645.5,5,2,2,9,Potential Customers
C09265,15,4,149637.5,5,2,2,9,Potential Customers
C07545,172,5,149622.5,2,3,2,7,Potential Customers
C19899,4,4,149621.0,5,2,2,9,Potential Customers
C16493,16,5,149607.0,5,3,2,10,Loyal Customers
C03555,137,4,149593.0,2,2,2,6,At Risk
C18300,29,5,149583.5,4,3,2,9,Potential Customers
C04564,24,5,149579.0,4,3,2,9,Potential Customers
C15841,12,4,149571.0,5,2,2,9,Potential Customers
C07411,188,6,149564.0,1,3,2,6,At Risk
C15285,24,6,149541.0,4,3,2,9,Potential Customers
C13203,125,5,149539.0,2,3,2,7,Potential Customers
C14553,8,2,149509.0,5,1,2,8,Potential Customers
C16281,22,7,149491.5,4,4,2,10,Loyal Customers
C03001,11,5,149491.0,5,3,2,10,Loyal Customers
C17699,132,4,149479.5,2,2,2,6,At Risk
C14366,2,9,149449.5,5,5,2,12,Loyal Customers
C16498,1,3,149441.0,5,1,2,8,Potential Customers
C07251,62,5,149415.0,3,3,2,8,Potential Customers
C03643,2,6,149413.5,5,3,2,10,Loyal Customers
C05041,91,5,149412.5,2,3,2,7,Potential Customers
C15079,9,7,149407.5,5,4,2,11,Loyal Customers
C13401,32,4,149403.5,4,2,2,8,Potential Customers
C12454,66,4,149374.5,3,2,2,7,Potential Customers
C12072,119,3,149370.0,2,1,2,5,At Risk
C04779,5,4,149357.5,5,2,2,9,Potential Customers
C13782,16,4,149338.0,5,2,2,9,Potential Customers
C02887,125,3,149319.0,2,1,1,4,At Risk
C14263,28,4,149315.5,4,2,1,7,Potential Customers
C00014,52,4,149308.5,3,2,1,6,At Risk
C03998,100,3,149275.5,2,1,1,4,At Risk
C18088,190,3,149254.0,1,1,1,3,Lost Customers
C10501,118,6,149222.0,2,3,1,6,At Risk
C11694,83,2,149215.5,2,1,1,4,At Risk
C17688,172,5,149190.0,2,3,1,6,At Risk
C18981,15,3,149157.5,5,1,1,7,Potential Customers
C10102,29,3,149153.0,4,1,1,6,At Risk
C11324,120,3,149131.0,2,1,1,4,At Risk
C13657,66,4,149126.5,3,2,1,6,At Risk
C11567,83,4,149118.0,2,2,1,5,At Risk
C04957,94,3,149096.5,2,1,1,4,At Risk
C08023,109,3,148989.0,2,1,1,4,At Risk
C05314,1,4,148986.5,5,2,1,8,Potential Customers
C04977,7,6,148982.5,5,3,1,9,Potential Customers
C04793,13,6,148975.0,5,3,1,9,Potential Customers
C01148,37,6,148974.0,4,3,1,8,Potential Customers
C05387,40,5,148960.0,3,3,1,7,Potential Customers
C13321,10,6,148948.5,5,3,1,9,Potential Customers
C06990,197,5,148939.0,1,3,1,5,At Risk
C01829,13,5,148936.5,5,3,1,9,Potential Customers
C05840,40,3,148935.0,3,1,1,5,At Risk
C03858,32,4,148933.0,4,2,1,7,Potential Customers
C18719,17,6,148931.0,5,3,1,9,Potential Customers
C11611,191,4,148902.0,1,2,1,4,At Risk
C03023,52,1,148894.5,3,1,1,5,At Risk
C09794,162,5,148892.0,2,3,1,6,At Risk
C11865,78,2,148876.0,3,1,1,5,At Risk
C12879,22,4,148866.0,4,2,1,7,Potential Customers
C02669,14,3,148866.0,5,1,1,7,Potential Customers
C13658,7,2,148839.0,5,1,1,7,Potential Customers
C06666,22,3,148838.0,4,1,1,6,At Risk
C03521,51,4,148808.0,3,2,1,6,At Risk
C18768,72,2,148776.0,3,1,1,5,At Risk
C19341,94,3,148673.0,2,1,1,4,At Risk
C08646,22,3,148665.5,4,1,1,6,At Risk
C04037,19,5,148626.5,4,3,1,8,Potential Customers
C07067,20,3,148597.0,4,1,1,6,At Risk
C09860,120,5,148593.0,2,3,1,6,At Risk
C12659,16,8,148553.0,5,4,1,10,Loyal Customers
C10126,302,1,148545.0,1,1,1,3,Lost Customers
C10406,70,4,148543.0,3,2,1,6,At Risk
C17843,225,4,148517.0,1,2,1,4,At Risk
C12853,71,5,148517.0,3,3,1,7,Potential Customers
C14821,4,2,148511.5,5,1,1,7,Potential Customers
C09583,101,2,148405.5,2,1,1,4,At Risk
C05612,20,4,148405.0,4,2,1,7,Potential Customers
C14179,249,3,148403.0,1,1,1,3,Lost Customers
C07622,8,4,148394.5,5,2,1,8,Potential Customers
C02680,56,3,148389.5,3,1,1,5,At Risk
C18432,6,4,148388.5,5,2,1,8,Potential Customers
C03567,20,6,148387.0,4,3,1,8,Potential Customers
C04035,2,2,148364.0,5,1,1,7,Potential Customers
C07877,14,5,148350.0,5,3,1,9,Potential Customers
C10468,47,3,148313.0,3,1,1,5,At Risk
C11480,47,4,148311.0,3,2,1,6,At Risk
C14282,353,5,148307.0,1,3,1,5,At Risk
C08459,13,4,148304.5,5,2,1,8,Potential Customers
C12280,3,5,148303.0,5,3,1,9,Potential Customers
C14029,1,2,148290.5,5,1,1,7,Potential Customers
C10281,7,3,148285.0,5,1,1,7,Potential Customers
C11237,54,4,148248.5,3,2,1,6,At Risk
C06468,78,5,148216.0,3,3,1,7,Potential Customers
C05353,57,7,148198.0,3,4,1,8,Potential Customers
C06799,4,5,148198.0,5,3,1,9,Potential Customers
C00619,28,5,148179.5,4,3,1,8,Potential Customers
C10373,78,4,148169.5,3,2,1,6,At Risk
C07747,17,4,148163.5,5,2,1,8,Potential Customers
C11783,3,2,148155.5,5,1,1,7,Potential Customers
C14547,8,6,148150.5,5,3,1,9,Potential Customers
C19549,39,7,148134.0,4,4,1,9,Potential Customers
C08382,4,7,148110.0,5,4,1,10,Loyal Customers
C06838,40,7,148094.5,3,4,1,8,Potential Customers
C19398,1,2,148093.5,5,1,1,7,Potential Customers
C02732,13,4,148060.0,5,2,1,8,Potential Customers
C19401,17,5,148031.5,5,3,1,9,Potential Customers
C02002,29,4,148011.0,4,2,1,7,Potential Customers
C05573,321,4,148000.5,1,2,1,4,At Risk
C05590,101,4,147995.0,2,2,1,5,At Risk
C06438,170,2,147940.5,2,1,1,4,At Risk
C16780,81,4,147906.0,2,2,1,5,At Risk
C16303,47,5,147859.0,3,3,1,7,Potential Customers
C02175,27,4,147857.0,4,2,1,7,Potential Customers
C18640,6,5,147834.0,5,3,1,9,Potential Customers
C04607,18,2,147821.0,4,1,1,6,At Risk
C00500,120,5,147721.5,2,3,1,6,At Risk
C18019,16,8,147685.0,5,4,1,10,Loyal Customers
C00124,28,4,147654.5,4,2,1,7,Potential Customers
C03414,301,2,147650.0,1,1,1,3,Lost Customers
C03267,3,5,147642.5,5,3,1,9,Potential Customers
C01719,77,2,147631.5,3,1,1,5,At Risk
C04586,69,4,147592.5,3,2,1,6,At Risk
C10100,37,5,147583.5,4,3,1,8,Potential Customers
C11612,31,4,147575.0,4,2,1,7,Potential Customers
C00433,20,4,147549.5,4,2,1,7,Potential Customers
C19991,100,4,147519.0,2,2,1,5,At Risk
C16586,81,4,147454.5,2,2,1,5,At Risk
C14933,99,3,147450.5,2,1,1,4,At Risk
C14180,34,6,147431.5,4,3,1,8,Potential Customers
C09582,54,3,147395.5,3,1,1,5,At Risk
C12631,20,4,147391.0,4,2,1,7,Potential Customers
C03002,63,7,147366.5,3,4,1,8,Potential Customers
C00154,22,3,147354.0,4,1,1,6,At Risk
C04469,36,3,147351.5,4,1,1,6,At Risk
C06292,160,5,147334.0,2,3,1,6,At Risk
C03873,34,5,147333.5,4,3,1,8,Potential Customers
C01462,198,4,147333.0,1,2,1,4,At Risk
C03905,72,5,147326.0,3,3,1,7,Potential Customers
C12963,83,6,147285.0,2,3,1,6,At Risk
C02993,18,7,147279.5,4,4,1,9,Potential Customers
C17704,2,3,147254.5,5,1,1,7,Potential Customers
C09729,236,4,147244.5,1,2,1,4,At Risk
C12612,30,4,147232.5,4,2,1,7,Potential Customers
C01956,2,5,147186.0,5,3,1,9,Potential Customers
C01883,43,4,147179.5,3,2,1,6,At Risk
C08732,38,3,147158.0,4,1,1,6,At Risk
C08318,69,4,147134.5,3,2,1,6,At Risk
C01905,24,3,147122.5,4,1,1,6,At Risk
C05756,129,4,147095.5,2,2,1,5,At Risk
C00620,177,5,147084.5,2,3,1,6,At Risk
C15346,236,4,147084.0,1,2,1,4,At Risk
C01902,175,3,147038.5,2,1,1,4,At Risk
C16396,172,4,147026.5,2,2,1,5,At Risk
C08726,16,7,147024.5,5,4,1,10,Loyal Customers
C13948,8,5,146993.5,5,3,1,9,Potential Customers
C05220,37,8,146970.5,4,4,1,9,Potential Customers
C01633,49,5,146957.5,3,3,1,7,Potential Customers
C18450,69,5,146954.0,3,3,1,7,Potential Customers
C06134,1,6,146918.0,5,3,1,9,Potential Customers
C15897,41,3,146864.0,3,1,1,5,At Risk
C18802,107,4,146854.5,2,2,1,5,At Risk
C16670,25,6,146827.5,4,3,1,8,Potential Customers
C16040,4,5,146800.5,5,3,1,9,Potential Customers
C00952,6,2,146785.0,5,1,1,7,Potential Customers
C15924,5,4,146777.5,5,2,1,8,Potential Customers
C16990,30,3,146771.0,4,1,1,6,At Risk
C18299,2,5,146771.0,5,3,1,9,Potential Customers
C07036,66,5,146763.0,3,3,1,7,Potential Customers
C00175,57,3,146726.0,3,1,1,5,At Risk
C03723,219,3,146705.5,1,1,1,3,Lost Customers
C19363,21,4,146690.5,4,2,1,7,Potential Customers
C10584,36,5,146689.0,4,3,1,8,Potential Customers
C00716,19,4,146685.0,4,2,1,7,Potential Customers
C08497,41,5,146661.5,3,3,1,7,Potential Customers
C00008,47,4,146639.5,3,2,1,6,At Risk
C03744,130,5,146638.0,2,3,1,6,At Risk
C10619,69,2,146623.5,3,1,1,5,At Risk
C03244,100,5,146623.0,2,3,1,6,At Risk
C04816,108,4,146610.5,2,2,1,5,At Risk
C12927,236,3,146592.5,1,1,1,3,Lost Customers
C06413,57,7,146587.5,3,4,1,8,Potential Customers
C07948,21,4,146509.5,4,2,1,7,Potential Customers
C11115,61,3,146490.0,3,1,1,5,At Risk
C11278,14,8,146474.0,5,4,1,10,Loyal Customers
C18264,69,3,146463.0,3,1,1,5,At Risk
C11735,26,4,146443.0,4,2,1,7,Potential Customers
C11264,16,7,146438.0,5,4,1,10,Loyal Customers
C00846,14,6,146422.5,5,3,1,9,Potential Customers
C15203,40,3,146420.0,3,1,1,5,At Risk
C04401,168,3,146419.5,2,1,1,4,At Risk
C11590,93,1,146396.0,2,1,1,4,At Risk
C08838,23,4,146360.0,4,2,1,7,Potential Customers
C16457,8,5,146338.5,5,3,1,9,Potential Customers
C08718,199,3,146331.5,1,1,1,3,Lost Customers
C02937,10,6,146311.5,5,3,1,9,Potential Customers
C19686,8,3,146295.5,5,1,1,7,Potential Customers
C13524,130,8,146293.5,2,4,1,7,Potential Customers
C09083,212,4,146254.5,1,2,1,4,At Risk
C12833,106,3,146247.5,2,1,1,4,At Risk
C15044,240,4,146231.5,1,2,1,4,At Risk
C00625,110,4,146169.0,2,2,1,5,At Risk
C14182,1,2,146156.0,5,1,1,7,Potential Customers
C02867,1,4,146133.5,5,2,1,8,Potential Customers
C05119,105,4,146063.5,2,2,1,5,At Risk
C08448,48,5,146058.0,3,3,1,7,Potential Customers
C07776,23,4,146038.5,4,2,1,7,Potential Customers
C03764,156,6,145971.5,2,3,1,6,At Risk
C14578,41,5,145955.0,3,3,1,7,Potential Customers
C06252,10,2,145945.5,5,1,1,7,Potential Customers
C09975,245,3,145940.0,1,1,1,3,Lost Customers
C03621,164,3,145917.0,2,1,1,4,At Risk
C17582,18,5,145898.5,4,3,1,8,Potential Customers
C11219,118,4,145897.0,2,2,1,5,At Risk
C18847,14,2,145862.0,5,1,1,7,Potential Customers
C07243,43,4,145861.5,3,2,1,6,At Risk
C00107,146,6,145816.5,2,3,1,6,At Risk
C16701,12,3,145800.5,5,1,1,7,Potential Customers
C17436,19,3,145784.5,4,1,1,6,At Risk
C14882,44,7,145769.0,3,4,1,8,Potential Customers
C14881,75,4,145706.0,3,2,1,6,At Risk
C06830,123,3,145700.0,2,1,1,4,At Risk
C14453,46,6,145670.5,3,3,1,7,Potential Customers
C18025,48,5,145602.5,3,3,1,7,Potential Customers
C15993,86,3,145592.0,2,1,1,4,At Risk
C03176,1,4,145571.0,5,2,1,8,Potential Customers
C06992,30,6,145562.5,4,3,1,8,Potential Customers
C19169,269,2,145544.0,1,1,1,3,Lost Customers
C08858,5,6,145539.5,5,3,1,9,Potential Customers
C14465,75,3,145530.0,3,1,1,5,At Risk
C05098,37,3,145516.0,4,1,1,6,At Risk
C07935,27,6,145499.5,4,3,1,8,Potential Customers
C05523,46,5,145464.0,3,3,1,7,Potential Customers
C06360,44,2,145440.5,3,1,1,5,At Risk
C15345,21,6,145426.5,4,3,1,8,Potential Customers
C17567,7,4,145410.0,5,2,1,8,Potential Customers
C03245,81,5,145405.5,2,3,1,6,At Risk
C09067,9,3,145382.0,5,1,1,7,Potential Customers
C12567,53,3,145382.0,3,1,1,5,At Risk
C05344,4,7,145378.5,5,4,1,10,Loyal Customers
C17298,64,4,145378.0,3,2,1,6,At Risk
C12068,210,3,145369.5,1,1,1,3,Lost Customers
C17316,6,4,145357.0,5,2,1,8,Potential Customers
C13995,95,5,145323.5,2,3,1,6,At Risk
C14374,122,3,145319.0,2,1,1,4,At Risk
C06760,79,5,145313.0,3,3,1,7,Potential Customers
C14621,32,5,145307.5,4,3,1,8,Potential Customers
C09578,50,6,145306.5,3,3,1,7,Potential Customers
C18427,9,4,145252.0,5,2,1,8,Potential Customers
C05429,8,6,145222.5,5,3,1,9,Potential Customers
C09752,55,8,145216.0,3,4,1,8,Potential Customers
C04598,472,3,145215.5,1,1,1,3,Lost Customers
C05450,45,6,145209.5,3,3,1,7,Potential Customers
C17788,102,4,145190.5,2,2,1,5,At Risk
C04879,115,3,145170.0,2,1,1,4,At Risk
C17012,186,3,145161.0,1,1,1,3,Lost Customers
C05379,20,5,145143.5,4,3,1,8,Potential Customers
C12802,40,3,145008.5,3,1,1,5,At Risk
C03159,110,3,144992.5,2,1,1,4,At Risk
C01914,280,3,144981.0,1,1,1,3,Lost Customers
C06925,281,5,144952.5,1,3,1,5,At Risk
C17564,7,5,144916.0,5,3,1,9,Potential Customers
C12785,1,3,144908.0,5,1,1,7,Potential Customers
C19779,33,3,144877.0,4,1,1,6,At Risk
C02059,359,4,144821.5,1,2,1,4,At Risk
C11916,127,3,144784.5,2,1,1,4,At Risk
C04841,5,4,144783.5,5,2,1,8,Potential Customers
C14972,115,4,144782.0,2,2,1,5,At Risk
C09653,11,3,144760.0,5,1,1,7,Potential Customers
C15468,17,3,144747.5,5,1,1,7,Potential Customers
C02829,3,5,144707.5,5,3,1,9,Potential Customers
C00582,84,2,144678.5,2,1,1,4,At Risk
C10176,38,8,144677.0,4,4,1,9,Potential Customers
C14433,91,3,144659.0,2,1,1,4,At Risk
C18346,9,2,144649.0,5,1,1,7,Potential Customers
C19701,223,3,144646.0,1,1,1,3,Lost Customers
C12074,7,4,144633.5,5,2,1,8,Potential Customers
C07012,14,4,144600.0,5,2,1,8,Potential Customers
C10067,47,9,144565.0,3,5,1,9,Potential Customers
C08230,244,3,144562.0,1,1,1,3,Lost Customers
C09152,28,3,144523.0,4,1,1,6,At Risk
C01667,135,3,144522.5,2,1,1,4,At Risk
C03902,2,5,144514.0,5,3,1,9,Potential Customers
C13869,108,4,144495.0,2,2,1,5,At Risk
C02203,53,3,144488.5,3,1,1,5,At Risk
C17025,9,5,144484.5,5,3,1,9,Potential Customers
C11873,27,4,144433.0,4,2,1,7,Potential Customers
C07212,18,5,144432.5,4,3,1,8,Potential Customers
C02546,94,3,144426.5,2,1,1,4,At Risk
C07053,8,5,144378.5,5,3,1,9,Potential Customers
C15026,299,4,144371.5,1,2,1,4,At Risk
C17999,256,3,144351.5,1,1,1,3,Lost Customers
C02489,109,3,144304.0,2,1,1,4,At Risk
C18122,51,4,144299.0,3,2,1,6,At Risk
C13636,24,3,144298.0,4,1,1,6,At Risk
C16376,101,5,144263.0,2,3,1,6,At Risk
C15007,18,5,144223.5,4,3,1,8,Potential Customers
C19274,138,4,144179.5,2,2,1,5,At Risk
C01487,11,6,144169.0,5,3,1,9,Potential Customers
C06999,6,5,144147.5,5,3,1,9,Potential Customers
C03562,17,3,144135.0,5,1,1,7,Potential Customers
C12643,84,2,144094.0,2,1,1,4,At Risk
C19564,4,5,144086.0,5,3,1,9,Potential Customers
C13552,114,6,144051.5,2,3,1,6,At Risk
C13730,277,3,144045.5,1,1,1,3,Lost Customers
C17639,1,7,144023.0,5,4,1,10,Loyal Customers
C03687,73,3,144001.5,3,1,1,5,At Risk
C04908,48,6,143993.5,3,3,1,7,Potential Customers
C02163,23,6,143991.5,4,3,1,8,Potential Customers
C00152,140,3,143987.0,2,1,1,4,At Risk
C19639,20,6,143942.5,4,3,1,8,Potential Customers
C16972,63,6,143926.5,3,3,1,7,Potential Customers
C18510,72,6,143899.0,3,3,1,7,Potential Customers
C02654,3,3,143877.0,5,1,1,7,Potential Customers
C07495,179,6,143876.0,2,3,1,6,At Risk
C13034,39,4,143862.0,4,2,1,7,Potential Customers
C10233,37,8,143798.0,4,4,1,9,Potential Customers
C06456,4,2,143785.5,5,1,1,7,Potential Customers
C19409,82,3,143780.0,2,1,1,4,At Risk
C11345,109,4,143775.0,2,2,1,5,At Risk
C14275,99,2,143772.0,2,1,1,4,At Risk
C03695,26,5,143768.0,4,3,1,8,Potential Customers
C08192,107,5,143749.0,2,3,1,6,At Risk
C13845,128,3,143697.0,2,1,1,4,At Risk
C18331,170,2,143672.0,2,1,1,4,At Risk
C15447,349,2,143665.5,1,1,1,3,Lost Customers
C16753,82,4,143659.0,2,2,1,5,At Risk
C12593,78,4,143649.0,3,2,1,6,At Risk
C16310,119,5,143636.5,2,3,1,6,At Risk
C09193,3,7,143621.0,5,4,1,10,Loyal Customers
C13592,15,4,143606.5,5,2,1,8,Potential Customers
C00972,50,4,143598.0,3,2,1,6,At Risk
C15300,46,4,143595.0,3,2,1,6,At Risk
C12178,9,6,143585.5,5,3,1,9,Potential Customers
C04263,1,4,143579.0,5,2,1,8,Potential Customers
C15409,51,2,143565.0,3,1,1,5,At Risk
C15140,3,7,143563.0,5,4,1,10,Loyal Customers
C02371,98,3,143558.0,2,1,1,4,At Risk
C15385,57,8,143532.5,3,4,1,8,Potential Customers
C15441,16,4,143531.0,5,2,1,8,Potential Customers
C13505,48,5,143516.5,3,3,1,7,Potential Customers
C00067,22,6,143479.0,4,3,1,8,Potential Customers
C09097,2,2,143469.0,5,1,1,7,Potential Customers
C18468,82,2,143435.5,2,1,1,4,At Risk
C11451,21,4,143416.0,4,2,1,7,Potential Customers
C06788,2,5,143415.5,5,3,1,9,Potential Customers
C02312,154,5,143404.0,2,3,1,6,At Risk
C19091,187,4,143403.5,1,2,1,4,At Risk
C01418,102,3,143357.0,2,1,1,4,At Risk
C12017,59,6,143339.5,3,3,1,7,Potential Customers
C11404,39,4,143323.0,4,2,1,7,Potential Customers
C00587,35,3,143322.0,4,1,1,6,At Risk
C17859,17,5,143313.0,5,3,1,9,Potential Customers
C12076,78,5,143290.5,3,3,1,7,Potential Customers
C07580,18,3,143256.0,4,1,1,6,At Risk
C16029,152,3,143255.5,2,1,1,4,At Risk
C10116,56,3,143237.0,3,1,1,5,At Risk
C12732,4,3,143235.5,5,1,1,7,Potential Customers
C06976,184,2,143223.0,1,1,1,3,Lost Customers
C05544,1,5,143191.0,5,3,1,9,Potential Customers
C01640,22,6,143158.5,4,3,1,8,Potential Customers
C06936,14,5,143137.0,5,3,1,9,Potential Customers
C13893,25,2,143134.0,4,1,1,6,At Risk
C05136,47,2,143124.5,3,1,1,5,At Risk
C16982,156,4,143089.5,2,2,1,5,At Risk
C19236,117,2,143049.0,2,1,1,4,At Risk
C05562,116,7,143044.5,2,4,1,7,Potential Customers
C11939,3,4,143042.0,5,2,1,8,Potential Customers
C18837,12,2,143037.0,5,1,1,7,Potential Customers
C17877,17,5,143024.0,5,3,1,9,Potential Customers
C03409,8,3,143011.0,5,1,1,7,Potential Customers
C12583,25,5,142964.5,4,3,1,8,Potential Customers
C08613,111,4,142938.0,2,2,1,5,At Risk
C09658,240,4,142930.0,1,2,1,4,At Risk
C16961,59,5,142891.5,3,3,1,7,Potential Customers
C13691,16,5,142888.0,5,3,1,9,Potential Customers
C00934,1,4,142872.0,5,2,1,8,Potential Customers
C05866,70,3,142862.0,3,1,1,5,At Risk
C10899,16,4,142848.5,5,2,1,8,Potential Customers
C08589,6,2,142825.5,5,1,1,7,Potential Customers
C00269,474,2,142821.0,1,1,1,3,Lost Customers
C07094,156,1,142814.5,2,1,1,4,At Risk
C18944,150,3,142731.5,2,1,1,4,At Risk
C11853,35,3,142702.5,4,1,1,6,At Risk
C04157,185,4,142666.5,1,2,1,4,At Risk
C16342,13,3,142658.5,5,1,1,7,Potential Customers
C02219,320,3,142647.0,1,1,1,3,Lost Customers
C05867,27,4,142636.0,4,2,1,7,Potential Customers
C10084,11,4,142634.0,5,2,1,8,Potential Customers
C05877,40,7,142630.5,3,4,1,8,Potential Customers
C18567,20,3,142602.5,4,1,1,6,At Risk
C10467,223,2,142598.5,1,1,1,3,Lost Customers
C11763,6,2,142594.5,5,1,1,7,Potential Customers
C11556,77,3,142581.5,3,1,1,5,At Risk
C00260,340,4,142575.0,1,2,1,4,At Risk
C17873,172,3,142563.0,2,1,1,4,At Risk
C10326,84,5,142510.5,2,3,1,6,At Risk
C10835,143,4,142474.5,2,2,1,5,At Risk
C02030,171,2,142474.5,2,1,1,4,At Risk
C11757,72,5,142467.0,3,3,1,7,Potential Customers
C17580,19,4,142464.0,4,2,1,7,Potential Customers
C09719,154,4,142462.0,2,2,1,5,At Risk
C00860,18,7,142456.5,4,4,1,9,Potential Customers
C07650,314,1,142437.0,1,1,1,3,Lost Customers
C15043,131,3,142413.5,2,1,1,4,At Risk
C19611,9,1,142398.0,5,1,1,7,Potential Customers
C18556,1,4,142375.5,5,2,1,8,Potential Customers
C18701,12,4,142370.0,5,2,1,8,Potential Customers
C08585,37,3,142314.5,4,1,1,6,At Risk
C09331,123,2,142310.0,2,1,1,4,At Risk
C07635,174,3,142275.0,2,1,1,4,At Risk
C05156,92,5,142246.5,2,3,1,6,At Risk
C15554,25,6,142205.5,4,3,1,8,Potential Customers
C12279,26,7,142144.0,4,4,1,9,Potential Customers
C09950,26,4,142130.5,4,2,1,7,Potential Customers
C13170,22,7,142115.5,4,4,1,9,Potential Customers
C10195,197,4,142107.0,1,2,1,4,At Risk
C18211,493,3,142106.0,1,1,1,3,Lost Customers
C08391,66,5,142088.5,3,3,1,7,Potential Customers
C02652,34,5,142088.0,4,3,1,8,Potential Customers
C15973,89,3,142086.0,2,1,1,4,At Risk
C12883,3,6,142083.5,5,3,1,9,Potential Customers
C12492,17,5,142079.5,5,3,1,9,Potential Customers
C04081,93,4,142079.0,2,2,1,5,At Risk
C15770,15,8,142049.5,5,4,1,10,Loyal Customers
C11094,8,5,142044.0,5,3,1,9,Potential Customers
C11204,219,4,142015.0,1,2,1,4,At Risk
C14987,49,7,142000.0,3,4,1,8,Potential Customers
C11326,127,5,141998.0,2,3,1,6,At Risk
C11008,69,3,141959.5,3,1,1,5,At Risk
C16358,41,4,141957.5,3,2,1,6,At Risk
C18738,56,7,141893.0,3,4,1,8,Potential Customers
C19973,113,5,141889.5,2,3,1,6,At Risk
C06484,31,4,141845.0,4,2,1,7,Potential Customers
C00651,13,2,141838.0,5,1,1,7,Potential Customers
C00602,86,4,141838.0,2,2,1,5,At Risk
C17693,37,4,141836.5,4,2,1,7,Potential Customers
C02949,31,5,141787.0,4,3,1,8,Potential Customers
C05991,13,6,141786.5,5,3,1,9,Potential Customers
C18378,27,3,141781.0,4,1,1,6,At Risk
C00018,80,4,141764.0,2,2,1,5,At Risk
C00451,96,5,141745.0,2,3,1,6,At Risk
C06531,158,4,141740.0,2,2,1,5,At Risk
C15010,50,3,141672.0,3,1,1,5,At Risk
C05188,210,6,141662.5,1,3,1,5,At Risk
C05547,61,4,141661.5,3,2,1,6,At Risk
C01150,3,5,141626.0,5,3,1,9,Potential Customers
C00548,155,5,141600.5,2,3,1,6,At Risk
C03242,192,1,141594.0,1,1,1,3,Lost Customers
C15170,150,5,141588.0,2,3,1,6,At Risk
C06849,52,5,141525.5,3,3,1,7,Potential Customers
C18008,26,1,141516.0,4,1,1,6,At Risk
C19891,4,4,141503.0,5,2,1,8,Potential Customers
C01568,6,5,141466.0,5,3,1,9,Potential Customers
C07760,2,3,141459.5,5,1,1,7,Potential Customers
C10310,10,6,141439.0,5,3,1,9,Potential Customers
C18190,5,4,141426.5,5,2,1,8,Potential Customers
C16328,29,5,141410.5,4,3,1,8,Potential Customers
C09637,50,4,141321.5,3,2,1,6,At Risk
C04955,25,3,141320.5,4,1,1,6,At Risk
C00117,5,5,141304.0,5,3,1,9,Potential Customers
C04866,126,2,141300.5,2,1,1,4,At Risk
C08635,167,3,141266.0,2,1,1,4,At Risk
C00448,164,4,141239.5,2,2,1,5,At Risk
C00803,3,6,141211.5,5,3,1,9,Potential Customers
C16055,61,5,141194.5,3,3,1,7,Potential Customers
C04922,113,4,141150.0,2,2,1,5,At Risk
C12719,103,4,141149.5,2,2,1,5,At Risk
C05928,29,6,141148.5,4,3,1,8,Potential Customers
C18475,63,4,141122.5,3,2,1,6,At Risk
C17869,20,4,141110.5,4,2,1,7,Potential Customers
C14059,163,4,141103.0,2,2,1,5,At Risk
C02374,7,3,141102.0,5,1,1,7,Potential Customers
C02625,58,5,141079.0,3,3,1,7,Potential Customers
C18110,1,2,141067.0,5,1,1,7,Potential Customers
C09146,24,4,141063.0,4,2,1,7,Potential Customers
C05492,240,6,141053.5,1,3,1,5,At Risk
C12725,14,5,141009.0,5,3,1,9,Potential Customers
C14903,25,3,140974.0,4,1,1,6,At Risk
C03356,16,6,140963.0,5,3,1,9,Potential Customers
C12085,27,3,140919.5,4,1,1,6,At Risk
C09490,88,4,140899.5,2,2,1,5,At Risk
C11171,212,1,140869.0,1,1,1,3,Lost Customers
C01452,1,4,140859.0,5,2,1,8,Potential Customers
C00207,4,4,140858.5,5,2,1,8,Potential Customers
C10747,233,4,140821.0,1,2,1,4,At Risk
C07931,111,2,140812.5,2,1,1,4,At Risk
C06020,181,4,140807.0,1,2,1,4,At Risk
C07503,60,6,140795.0,3,3,1,7,Potential Customers
C13957,21,4,140768.0,4,2,1,7,Potential Customers
C12809,125,4,140768.0,2,2,1,5,At Risk
C15941,19,4,140761.5,4,2,1,7,Potential Customers
C17413,49,5,140744.5,3,3,1,7,Potential Customers
C00241,152,4,140744.0,2,2,1,5,At Risk
C01390,41,3,140725.5,3,1,1,5,At Risk
C05972,12,4,140714.0,5,2,1,8,Potential Customers
C00211,112,6,140712.5,2,3,1,6,At Risk
C11808,213,2,140682.5,1,1,1,3,Lost Customers
C16578,54,3,140672.5,3,1,1,5,At Risk
C17073,6,6,140668.5,5,3,1,9,Potential Customers
C19440,84,7,140664.5,2,4,1,7,Potential Customers
C07459,77,2,140662.0,3,1,1,5,At Risk
C16683,319,4,140635.5,1,2,1,4,At Risk
C09937,87,5,140626.0,2,3,1,6,At Risk
C13643,56,4,140608.5,3,2,1,6,At Risk
C04255,57,4,140578.0,3,2,1,6,At Risk
C06137,7,3,140538.5,5,1,1,7,Potential Customers
C10964,145,5,140510.5,2,3,1,6,At Risk
C19656,79,3,140454.5,3,1,1,5,At Risk
C09659,11,6,140449.0,5,3,1,9,Potential Customers
C12300,25,3,140443.0,4,1,1,6,At Risk
C04212,16,6,140420.5,5,3,1,9,Potential Customers
C13718,12,7,140402.0,5,4,1,10,Loyal Customers
C06187,56,5,140397.5,3,3,1,7,Potential Customers
C02079,246,2,140390.0,1,1,1,3,Lost Customers
C10030,174,5,140334.0,2,3,1,6,At Risk
C03229,79,3,140330.0,3,1,1,5,At Risk
C07616,177,3,140295.5,2,1,1,4,At Risk
C01945,78,2,140276.0,3,1,1,5,At Risk
C06002,67,6,140275.5,3,3,1,7,Potential Customers
C03759,9,5,140257.0,5,3,1,9,Potential Customers
C06664,7,4,140245.5,5,2,1,8,Potential Customers
C07708,4,6,140191.0,5,3,1,9,Potential Customers
C10779,70,2,140189.0,3,1,1,5,At Risk
C10736,110,6,140183.0,2,3,1,6,At Risk
C15471,1,5,140134.0,5,3,1,9,Potential Customers
C05283,68,4,140097.0,3,2,1,6,At Risk
C15929,7,6,140091.5,5,3,1,9,Potential Customers
C10659,74,4,140081.0,3,2,1,6,At Risk
C06511,277,4,140049.0,1,2,1,4,At Risk
C16855,86,3,140024.0,2,1,1,4,At Risk
C12792,5,7,139987.5,5,4,1,10,Loyal Customers
C07194,46,3,139984.5,3,1,1,5,At Risk
C06205,41,4,139982.0,3,2,1,6,At Risk
C07590,4,2,139976.0,5,1,1,7,Potential Customers
C07361,40,2,139951.0,3,1,1,5,At Risk
C18320,1,5,139918.0,5,3,1,9,Potential Customers
C08290,129,3,139895.0,2,1,1,4,At Risk
C04990,3,6,139882.5,5,3,1,9,Potential Customers
C04874,104,3,139878.5,2,1,1,4,At Risk
C09596,23,4,139815.0,4,2,1,7,Potential Customers
C18396,236,7,139797.0,1,4,1,6,At Risk
C09013,5,2,139781.0,5,1,1,7,Potential Customers
C04267,27,4,139764.0,4,2,1,7,Potential Customers
C13443,76,2,139748.5,3,1,1,5,At Risk
C08029,38,5,139745.0,4,3,1,8,Potential Customers
C00453,76,4,139703.5,3,2,1,6,At Risk
C15501,94,4,139670.5,2,2,1,5,At Risk
C07502,94,5,139627.0,2,3,1,6,At Risk
C15858,14,4,139579.0,5,2,1,8,Potential Customers
C05010,5,3,139566.0,5,1,1,7,Potential Customers
C14697,6,4,139540.0,5,2,1,8,Potential Customers
C04210,128,4,139510.0,2,2,1,5,At Risk
C13512,32,5,139481.5,4,3,1,8,Potential Customers
C07419,36,5,139480.5,4,3,1,8,Potential Customers
C17953,54,5,139475.0,3,3,1,7,Potential Customers
C00363,100,3,139474.0,2,1,1,4,At Risk
C09201,12,4,139459.0,5,2,1,8,Potential Customers
C18072,61,5,139440.5,3,3,1,7,Potential Customers
C12667,13,5,139424.5,5,3,1,9,Potential Customers
C09864,510,1,139398.0,1,1,1,3,Lost Customers
C10169,42,3,139373.0,3,1,1,5,At Risk
C12412,53,7,139365.5,3,4,1,8,Potential Customers
C19014,136,6,139326.0,2,3,1,6,At Risk
C09919,10,6,139322.5,5,3,1,9,Potential Customers
C00278,138,4,139286.0,2,2,1,5,At Risk
C13356,20,6,139275.0,4,3,1,8,Potential Customers
C03485,43,2,139268.0,3,1,1,5,At Risk
C19627,133,3,139265.5,2,1,1,4,At Risk
C07542,16,5,139208.5,5,3,1,9,Potential Customers
C07281,69,4,139184.0,3,2,1,6,At Risk
C04247,57,5,139175.5,3,3,1,7,Potential Customers
C00093,16,2,139175.0,5,1,1,7,Potential Customers
C04178,30,4,139139.5,4,2,1,7,Potential Customers
C05234,82,4,139125.0,2,2,1,5,At Risk
C05112,307,2,139104.0,1,1,1,3,Lost Customers
C13021,11,6,139094.5,5,3,1,9,Potential Customers
C11228,26,6,139062.5,4,3,1,8,Potential Customers
C07154,154,4,139043.5,2,2,1,5,At Risk
C15343,45,5,139009.5,3,3,1,7,Potential Customers
C02339,117,5,139006.5,2,3,1,6,At Risk
C05152,26,5,139003.0,4,3,1,8,Potential Customers
C12509,55,3,138997.0,3,1,1,5,At Risk
C08153,247,3,138982.5,1,1,1,3,Lost Customers
C09710,102,6,138966.5,2,3,1,6,At Risk
C12539,29,5,138954.0,4,3,1,8,Potential Customers
C05847,19,4,138942.0,4,2,1,7,Potential Customers
C15505,1,3,138938.5,5,1,1,7,Potential Customers
C13838,2,4,138904.0,5,2,1,8,Potential Customers
C13789,18,5,138861.5,4,3,1,8,Potential Customers
C09660,37,6,138854.0,4,3,1,8,Potential Customers
C14750,20,2,138853.0,4,1,1,6,At Risk
C17560,28,4,138853.0,4,2,1,7,Potential Customers
C11569,109,3,138836.0,2,1,1,4,At Risk
C00041,4,4,138819.0,5,2,1,8,Potential Customers
C03515,57,3,138802.0,3,1,1,5,At Risk
C08352,110,5,138801.5,2,3,1,6,At Risk
C01955,3,3,138753.5,5,1,1,7,Potential Customers
C10693,113,4,138747.0,2,2,1,5,At Risk
C13045,60,2,138729.5,3,1,1,5,At Risk
C18729,56,5,138724.5,3,3,1,7,Potential Customers
C08550,26,3,138721.0,4,1,1,6,At Risk
C11414,3,7,138703.5,5,4,1,10,Loyal Customers
C16021,124,4,138678.5,2,2,1,5,At Risk
C09328,24,4,138677.5,4,2,1,7,Potential Customers
C01650,2,5,138664.0,5,3,1,9,Potential Customers
C00038,303,5,138660.5,1,3,1,5,At Risk
C14171,3,3,138650.0,5,1,1,7,Potential Customers
C11883,415,4,138648.5,1,2,1,4,At Risk
C11149,44,6,138643.0,3,3,1,7,Potential Customers
C01333,81,1,138620.0,2,1,1,4,At Risk
C01324,46,4,138571.0,3,2,1,6,At Risk
C18045,20,5,138565.0,4,3,1,8,Potential Customers
C06378,39,5,138541.0,4,3,1,8,Potential Customers
C14957,2,3,138511.5,5,1,1,7,Potential Customers
C06069,264,5,138503.5,1,3,1,5,At Risk
C13283,273,4,138468.0,1,2,1,4,At Risk
C07682,29,6,138462.0,4,3,1,8,Potential Customers
C18538,22,4,138445.5,4,2,1,7,Potential Customers
C02809,1,6,138445.0,5,3,1,9,Potential Customers
C02872,111,3,138422.0,2,1,1,4,At Risk
C06869,14,6,138393.5,5,3,1,9,Potential Customers
C16110,11,6,138343.0,5,3,1,9,Potential Customers
C18920,67,6,138326.5,3,3,1,7,Potential Customers
C11337,21,3,138307.5,4,1,1,6,At Risk
C05449,145,5,138302.5,2,3,1,6,At Risk
C14915,10,2,138250.0,5,1,1,7,Potential Customers
C07939,290,4,138244.0,1,2,1,4,At Risk
C09166,17,4,138216.5,5,2,1,8,Potential Customers
C09491,8,3,138212.5,5,1,1,7,Potential Customers
C12772,4,5,138200.5,5,3,1,9,Potential Customers
C10907,2,3,138189.0,5,1,1,7,Potential Customers
C04231,61,7,138187.5,3,4,1,8,Potential Customers
C11846,2,3,138183.0,5,1,1,7,Potential Customers
C14855,48,4,138156.5,3,2,1,6,At Risk
C10545,99,5,138152.0,2,3,1,6,At Risk
C15467,11,3,138151.0,5,1,1,7,Potential Customers
C10556,5,4,138150.0,5,2,1,8,Potential Customers
C14253,77,5,138148.0,3,3,1,7,Potential Customers
C09784,66,3,138139.0,3,1,1,5,At Risk
C01362,114,5,138076.0,2,3,1,6,At Risk
C10787,89,2,138070.5,2,1,1,4,At Risk
C17865,132,5,138070.5,2,3,1,6,At Risk
C19888,201,4,138035.0,1,2,1,4,At Risk
C03439,27,4,138004.0,4,2,1,7,Potential Customers
C14837,89,3,137988.0,2,1,1,4,At Risk
C17924,184,2,137952.5,1,1,1,3,Lost Customers
C00434,113,4,137947.0,2,2,1,5,At Risk
C11456,10,6,137914.5,5,3,1,9,Potential Customers
C03698,171,6,137902.5,2,3,1,6,At Risk
C09344,21,5,137886.5,4,3,1,8,Potential Customers
C15497,101,4,137859.5,2,2,1,5,At Risk
C14770,84,4,137855.0,2,2,1,5,At Risk
C18929,15,4,137849.0,5,2,1,8,Potential Customers
C18038,1,4,137831.0,5,2,1,8,Potential Customers
C09322,18,9,137828.5,4,5,1,10,Loyal Customers
C05942,13,5,137821.0,5,3,1,9,Potential Customers
C09797,16,5,137793.0,5,3,1,9,Potential Customers
C18407,2,5,137771.0,5,3,1,9,Potential Customers
C02961,20,3,137765.5,4,1,1,6,At Risk
C12816,210,5,137761.5,1,3,1,5,At Risk
C03441,64,4,137737.0,3,2,1,6,At Risk
C08783,3,5,137724.0,5,3,1,9,Potential Customers
C02660,2,8,137719.5,5,4,1,10,Loyal Customers
C17780,15,3,137715.0,5,1,1,7,Potential Customers
C11002,142,3,137693.5,2,1,1,4,At Risk
C08856,32,5,137676.5,4,3,1,8,Potential Customers
C00418,110,4,137672.5,2,2,1,5,At Risk
C16572,53,6,137621.5,3,3,1,7,Potential Customers
C18785,41,4,137608.0,3,2,1,6,At Risk
C06068,287,2,137603.0,1,1,1,3,Lost Customers
C05298,128,4,137585.5,2,2,1,5,At Risk
C01818,65,8,137556.0,3,4,1,8,Potential Customers
C07247,22,7,137536.0,4,4,1,9,Potential Customers
C13499,27,5,137464.5,4,3,1,8,Potential Customers
C03259,78,5,137383.5,3,3,1,7,Potential Customers
C10218,41,3,137380.0,3,1,1,5,At Risk
C16956,176,2,137374.0,2,1,1,4,At Risk
C07486,49,2,137371.5,3,1,1,5,At Risk
C15502,60,6,137346.0,3,3,1,7,Potential Customers
C15433,67,5,137288.5,3,3,1,7,Potential Customers
C11597,107,3,137281.5,2,1,1,4,At Risk
C06954,238,3,137279.5,1,1,1,3,Lost Customers
C08771,4,4,137259.0,5,2,1,8,Potential Customers
C05700,106,4,137256.5,2,2,1,5,At Risk
C04092,7,5,137246.5,5,3,1,9,Potential Customers
C01715,164,3,137246.0,2,1,1,4,At Risk
C03980,3,5,137235.0,5,3,1,9,Potential Customers
C14320,219,5,137233.5,1,3,1,5,At Risk
C00346,23,5,137216.0,4,3,1,8,Potential Customers
C13468,105,6,137184.5,2,3,1,6,At Risk
C07642,5,3,137154.5,5,1,1,7,Potential Customers
C10639,89,5,137146.0,2,3,1,6,At Risk
C15506,177,4,137145.5,2,2,1,5,At Risk
C03470,21,2,137127.5,4,1,1,6,At Risk
C00634,424,4,137071.0,1,2,1,4,At Risk
C08979,180,1,137067.0,2,1,1,4,At Risk
C13050,25,6,137011.5,4,3,1,8,Potential Customers
C17048,26,2,137009.0,4,1,1,6,At Risk
C19421,4,5,136955.5,5,3,1,9,Potential Customers
C16955,1,4,136932.5,5,2,1,8,Potential Customers
C06262,66,5,136929.5,3,3,1,7,Potential Customers
C08945,16,7,136921.0,5,4,1,10,Loyal Customers
C04735,196,3,136900.5,1,1,1,3,Lost Customers
C03029,27,2,136883.0,4,1,1,6,At Risk
C03553,135,4,136858.0,2,2,1,5,At Risk
C08062,136,3,136840.0,2,1,1,4,At Risk
C15201,3,4,136807.0,5,2,1,8,Potential Customers
C06653,11,5,136786.5,5,3,1,9,Potential Customers
C09697,107,2,136778.0,2,1,1,4,At Risk
C04023,45,6,136766.0,3,3,1,7,Potential Customers
C09012,1,3,136750.0,5,1,1,7,Potential Customers
C00382,166,4,136739.5,2,2,1,5,At Risk
C16810,38,4,136722.5,4,2,1,7,Potential Customers
C17111,2,5,136694.5,5,3,1,9,Potential Customers
C18581,67,4,136678.0,3,2,1,6,At Risk
C17388,55,4,136657.0,3,2,1,6,At Risk
C06756,114,3,136655.0,2,1,1,4,At Risk
C08989,35,3,136653.0,4,1,1,6,At Risk
C09408,46,4,136640.0,3,2,1,6,At Risk
C15800,78,6,136613.0,3,3,1,7,Potential Customers
C03799,104,4,136561.5,2,2,1,5,At Risk
C03325,44,3,136499.5,3,1,1,5,At Risk
C10940,164,3,136482.5,2,1,1,4,At Risk
C04063,5,5,136456.0,5,3,1,9,Potential Customers
C11645,10,4,136437.0,5,2,1,8,Potential Customers
C11753,37,3,136397.0,4,1,1,6,At Risk
C18670,103,2,136393.5,2,1,1,4,At Risk
C15045,6,5,136387.0,5,3,1,9,Potential Customers
C05264,151,5,136372.5,2,3,1,6,At Risk
C00353,4,5,136337.5,5,3,1,9,Potential Customers
C05228,41,5,136332.0,3,3,1,7,Potential Customers
C01011,36,8,136325.0,4,4,1,9,Potential Customers
C02456,139,3,136319.0,2,1,1,4,At Risk
C04030,60,5,136318.5,3,3,1,7,Potential Customers
C17943,307,7,136300.5,1,4,1,6,At Risk
C03391,9,3,136281.0,5,1,1,7,Potential Customers
C12040,190,2,136273.5,1,1,1,3,Lost Customers
C00372,47,5,136255.0,3,3,1,7,Potential Customers
C04352,3,3,136218.0,5,1,1,7,Potential Customers
C06012,102,5,136201.5,2,3,1,6,At Risk
C07452,45,3,136187.0,3,1,1,5,At Risk
C00666,55,4,136160.5,3,2,1,6,At Risk
C16066,10,2,136125.0,5,1,1,7,Potential Customers
C12946,6,5,136114.0,5,3,1,9,Potential Customers
C04661,6,3,136108.0,5,1,1,7,Potential Customers
C01130,29,5,136070.0,4,3,1,8,Potential Customers
C10469,132,3,136066.5,2,1,1,4,At Risk
C19355,14,5,136048.5,5,3,1,9,Potential Customers
C07078,6,3,136025.5,5,1,1,7,Potential Customers
C18779,2,5,136014.5,5,3,1,9,Potential Customers
C13928,32,8,135979.5,4,4,1,9,Potential Customers
C13348,132,3,135960.0,2,1,1,4,At Risk
C16224,4,3,135917.5,5,1,1,7,Potential Customers
C01470,109,3,135912.5,2,1,1,4,At Risk
C17013,136,4,135852.0,2,2,1,5,At Risk
C11365,41,8,135837.5,3,4,1,8,Potential Customers
C13187,51,3,135830.0,3,1,1,5,At Risk
C11072,93,4,135824.0,2,2,1,5,At Risk
C08418,27,3,135726.0,4,1,1,6,At Risk
C08610,30,4,135718.5,4,2,1,7,Potential Customers
C11802,34,2,135716.0,4,1,1,6,At Risk
C14679,236,4,135693.5,1,2,1,4,At Risk
C10019,299,4,135679.5,1,2,1,4,At Risk
C04099,75,3,135678.5,3,1,1,5,At Risk
C10929,9,3,135673.0,5,1,1,7,Potential Customers
C11142,11,3,135622.0,5,1,1,7,Potential Customers
C14026,70,6,135605.5,3,3,1,7,Potential Customers
C13911,143,4,135575.0,2,2,1,5,At Risk
C12988,60,6,135559.5,3,3,1,7,Potential Customers
C09262,210,4,135539.0,1,2,1,4,At Risk
C02121,152,2,135528.5,2,1,1,4,At Risk
C06131,108,5,135518.5,2,3,1,6,At Risk
C06713,493,2,135518.0,1,1,1,3,Lost Customers
C06436,10,6,135466.5,5,3,1,9,Potential Customers
C12206,238,6,135445.0,1,3,1,5,At Risk
C03255,98,3,135422.5,2,1,1,4,At Risk
C06633,45,3,135421.0,3,1,1,5,At Risk
C05665,75,3,135409.5,3,1,1,5,At Risk
C07557,130,4,135402.0,2,2,1,5,At Risk
C04300,37,5,135348.5,4,3,1,8,Potential Customers
C05681,4,3,135346.5,5,1,1,7,Potential Customers
C12138,15,7,135308.5,5,4,1,10,Loyal Customers
C01504,109,6,135305.5,2,3,1,6,At Risk
C11704,69,3,135298.0,3,1,1,5,At Risk
C11795,27,5,135289.0,4,3,1,8,Potential Customers
C11664,4,5,135276.5,5,3,1,9,Potential Customers
C05831,86,4,135273.0,2,2,1,5,At Risk
C12900,1,4,135258.0,5,2,1,8,Potential Customers
C14918,43,4,135223.0,3,2,1,6,At Risk
C07308,92,4,135220.0,2,2,1,5,At Risk
C12363,41,2,135180.5,3,1,1,5,At Risk
C03334,73,4,135156.5,3,2,1,6,At Risk
C00097,44,4,135155.5,3,2,1,6,At Risk
C06400,14,7,135115.0,5,4,1,10,Loyal Customers
C10445,21,4,135110.0,4,2,1,7,Potential Customers
C09907,174,5,135101.0,2,3,1,6,At Risk
C13413,16,5,135067.0,5,3,1,9,Potential Customers
C11003,88,6,135058.5,2,3,1,6,At Risk
C01723,268,3,135052.0,1,1,1,3,Lost Customers
C18285,15,5,135049.5,5,3,1,9,Potential Customers
C11316,18,3,135034.0,4,1,1,6,At Risk
C00635,27,1,135004.5,4,1,1,6,At Risk
C11919,79,4,134977.5,3,2,1,6,At Risk
C06613,7,5,134977.0,5,3,1,9,Potential Customers
C08487,5,7,134969.5,5,4,1,10,Loyal Customers
C14072,185,2,134945.5,1,1,1,3,Lost Customers
C18683,14,6,134919.0,5,3,1,9,Potential Customers
C05468,85,5,134865.5,2,3,1,6,At Risk
C16279,37,6,134849.5,4,3,1,8,Potential Customers
C03285,3,4,134848.5,5,2,1,8,Potential Customers
C12061,329,3,134846.5,1,1,1,3,Lost Customers
C13722,105,6,134812.5,2,3,1,6,At Risk
C17719,74,2,134809.5,3,1,1,5,At Risk
C08912,54,6,134794.5,3,3,1,7,Potential Customers
C05651,18,4,134777.5,4,2,1,7,Potential Customers
C14865,3,6,134755.0,5,3,1,9,Potential Customers
C12176,15,4,134750.0,5,2,1,8,Potential Customers
C12887,187,3,134737.0,1,1,1,3,Lost Customers
C08680,25,5,134707.5,4,3,1,8,Potential Customers
C07025,22,3,134681.0,4,1,1,6,At Risk
C13001,21,5,134672.5,4,3,1,8,Potential Customers
C02662,12,5,134643.5,5,3,1,9,Potential Customers
C12188,1,5,134611.0,5,3,1,9,Potential Customers
C08258,97,3,134610.0,2,1,1,4,At Risk
C17923,1,3,134600.0,5,1,1,7,Potential Customers
C12840,184,4,134536.5,1,2,1,4,At Risk
C10791,153,5,134529.0,2,3,1,6,At Risk
C10718,14,3,134506.5,5,1,1,7,Potential Customers
C14794,3,6,134469.5,5,3,1,9,Potential Customers
C18825,35,4,134467.0,4,2,1,7,Potential Customers
C09090,11,4,134445.0,5,2,1,8,Potential Customers
C00749,1,6,134373.5,5,3,1,9,Potential Customers
C19553,87,3,134357.0,2,1,1,4,At Risk
C09260,69,6,134351.5,3,3,1,7,Potential Customers
C06200,23,3,134338.5,4,1,1,6,At Risk
C06521,150,5,134319.5,2,3,1,6,At Risk
C15399,37,3,134270.5,4,1,1,6,At Risk
C07920,220,3,134265.0,1,1,1,3,Lost Customers
C19496,12,8,134226.5,5,4,1,10,Loyal Customers
C10213,36,4,134218.5,4,2,1,7,Potential Customers
C00053,37,3,134215.0,4,1,1,6,At Risk
C18382,46,7,134203.0,3,4,1,8,Potential Customers
C12507,17,3,134174.5,5,1,1,7,Potential Customers
C19536,124,4,134168.5,2,2,1,5,At Risk
C19489,32,3,134159.5,4,1,1,6,At Risk
C13772,6,5,134159.0,5,3,1,9,Potential Customers
C00544,43,2,134151.0,3,1,1,5,At Risk
C09380,4,4,134149.5,5,2,1,8,Potential Customers
C13033,116,2,134134.0,2,1,1,4,At Risk
C16472,17,4,134134.0,5,2,1,8,Potential Customers
C16654,24,5,134133.0,4,3,1,8,Potential Customers
C03591,17,4,134116.5,5,2,1,8,Potential Customers
C07202,19,5,134113.0,4,3,1,8,Potential Customers
C07075,25,6,134112.5,4,3,1,8,Potential Customers
C04519,22,3,134100.0,4,1,1,6,At Risk
C05753,17,4,134089.0,5,2,1,8,Potential Customers
C19508,26,3,134084.5,4,1,1,6,At Risk
C17493,143,4,134074.5,2,2,1,5,At Risk
C11282,7,4,134038.5,5,2,1,8,Potential Customers
C13456,2,5,134032.0,5,3,1,9,Potential Customers
C19200,8,5,134013.5,5,3,1,9,Potential Customers
C13802,56,5,133991.0,3,3,1,7,Potential Customers
C09977,316,2,133979.5,1,1,1,3,Lost Customers
C02165,373,3,133970.0,1,1,1,3,Lost Customers
C04180,4,6,133967.5,5,3,1,9,Potential Customers
C01294,46,4,133912.5,3,2,1,6,At Risk
C11859,61,7,133897.0,3,4,1,8,Potential Customers
C08797,41,4,133889.5,3,2,1,6,At Risk
C06004,137,4,133871.5,2,2,1,5,At Risk
C13839,10,3,133860.0,5,1,1,7,Potential Customers
C03185,94,4,133801.0,2,2,1,5,At Risk
C03501,122,3,133783.0,2,1,1,4,At Risk
C14384,267,2,133779.0,1,1,1,3,Lost Customers
C13458,100,1,133755.5,2,1,1,4,At Risk
C12669,24,4,133736.5,4,2,1,7,Potential Customers
C07357,3,3,133728.5,5,1,1,7,Potential Customers
C10985,46,6,133728.5,3,3,1,7,Potential Customers
C03710,16,5,133728.5,5,3,1,9,Potential Customers
C02156,42,3,133697.0,3,1,1,5,At Risk
C07672,235,2,133682.0,1,1,1,3,Lost Customers
C05927,23,3,133642.0,4,1,1,6,At Risk
C13154,36,4,133638.0,4,2,1,7,Potential Customers
C10482,69,3,133638.0,3,1,1,5,At Risk
C16079,3,5,133631.5,5,3,1,9,Potential Customers
C18943,40,2,133607.0,3,1,1,5,At Risk
C06509,233,2,133539.0,1,1,1,3,Lost Customers
C15620,9,2,133531.5,5,1,1,7,Potential Customers
C18138,40,3,133500.0,3,1,1,5,At Risk
C05465,29,3,133396.0,4,1,1,6,At Risk
C06459,3,3,133394.0,5,1,1,7,Potential Customers
C07862,154,3,133343.0,2,1,1,4,At Risk
C16624,72,5,133340.0,3,3,1,7,Potential Customers
C06458,43,4,133332.0,3,2,1,6,At Risk
C13024,109,4,133321.5,2,2,1,5,At Risk
C01570,32,5,133319.0,4,3,1,8,Potential Customers
C12532,1,6,133305.0,5,3,1,9,Potential Customers
C17250,4,5,133289.0,5,3,1,9,Potential Customers
C02452,159,3,133236.5,2,1,1,4,At Risk
C01872,53,2,133172.5,3,1,1,5,At Risk
C18873,146,5,133172.0,2,3,1,6,At Risk
C11677,61,4,133167.0,3,2,1,6,At Risk
C18841,2,8,133164.0,5,4,1,10,Loyal Customers
C10661,6,7,133159.0,5,4,1,10,Loyal Customers
C06006,5,5,133153.0,5,3,1,9,Potential Customers
C16161,27,4,133109.5,4,2,1,7,Potential Customers
C18027,136,4,133105.0,2,2,1,5,At Risk
C12519,105,4,133085.5,2,2,1,5,At Risk
C07904,158,3,133076.0,2,1,1,4,At Risk
C18294,22,2,133049.0,4,1,1,6,At Risk
C02114,18,6,133038.5,4,3,1,8,Potential Customers
C13108,15,7,133015.0,5,4,1,10,Loyal Customers
C06405,378,3,132977.5,1,1,1,3,Lost Customers
C17892,180,2,132966.0,2,1,1,4,At Risk
C15942,8,4,132913.0,5,2,1,8,Potential Customers
C10247,31,5,132905.5,4,3,1,8,Potential Customers
C07505,59,6,132889.0,3,3,1,7,Potential Customers
C18243,139,3,132872.5,2,1,1,4,At Risk
C04100,34,3,132848.0,4,1,1,6,At Risk
C19357,325,4,132835.0,1,2,1,4,At Risk
C02293,13,4,132810.5,5,2,1,8,Potential Customers
C11333,304,2,132807.5,1,1,1,3,Lost Customers
C10153,100,5,132793.5,2,3,1,6,At Risk
C10815,62,5,132791.5,3,3,1,7,Potential Customers
C06752,17,4,132774.0,5,2,1,8,Potential Customers
C15110,35,4,132755.0,4,2,1,7,Potential Customers
C15008,55,3,132675.0,3,1,1,5,At Risk
C03583,5,3,132674.0,5,1,1,7,Potential Customers
C10300,108,3,132653.5,2,1,1,4,At Risk
C17282,101,5,132650.5,2,3,1,6,At Risk
C05137,44,5,132637.0,3,3,1,7,Potential Customers
C04082,33,2,132614.0,4,1,1,6,At Risk
C02468,10,4,132609.0,5,2,1,8,Potential Customers
C11503,172,3,132585.0,2,1,1,4,At Risk
C06280,88,3,132569.5,2,1,1,4,At Risk
C00026,109,1,132520.0,2,1,1,4,At Risk
C02583,2,5,132516.5,5,3,1,9,Potential Customers
C06396,183,4,132515.0,1,2,1,4,At Risk
C19243,51,7,132491.0,3,4,1,8,Potential Customers
C13174,136,3,132476.0,2,1,1,4,At Risk
C14038,9,5,132466.5,5,3,1,9,Potential Customers
C09626,87,7,132427.0,2,4,1,7,Potential Customers
C10700,45,3,132425.0,3,1,1,5,At Risk
C02290,38,3,132425.0,4,1,1,6,At Risk
C09779,10,3,132402.5,5,1,1,7,Potential Customers
C08549,53,5,132396.0,3,3,1,7,Potential Customers
C08663,198,4,132371.0,1,2,1,4,At Risk
C13647,25,5,132340.0,4,3,1,8,Potential Customers
C14296,7,4,132335.5,5,2,1,8,Potential Customers
C12351,7,4,132330.5,5,2,1,8,Potential Customers
C19016,84,5,132314.0,2,3,1,6,At Risk
C13645,208,3,132303.0,1,1,1,3,Lost Customers
C08500,7,6,132301.0,5,3,1,9,Potential Customers
C07362,37,3,132294.0,4,1,1,6,At Risk
C04619,27,3,132260.0,4,1,1,6,At Risk
C04827,260,3,132258.5,1,1,1,3,Lost Customers
C16791,1,6,132257.0,5,3,1,9,Potential Customers
C19693,292,1,132243.0,1,1,1,3,Lost Customers
C19772,15,3,132226.0,5,1,1,7,Potential Customers
C19892,10,6,132215.5,5,3,1,9,Potential Customers
C12018,152,5,132209.5,2,3,1,6,At Risk
C12647,189,3,132182.5,1,1,1,3,Lost Customers
C18765,13,4,132168.5,5,2,1,8,Potential Customers
C18713,67,8,132153.5,3,4,1,8,Potential Customers
C18058,8,4,132153.5,5,2,1,8,Potential Customers
C07192,78,3,132143.0,3,1,1,5,At Risk
C17141,49,4,132121.0,3,2,1,6,At Risk
C12273,559,1,132078.5,1,1,1,3,Lost Customers
C13381,15,3,132047.5,5,1,1,7,Potential Customers
C12409,300,3,132046.0,1,1,1,3,Lost Customers
C11731,12,5,132031.5,5,3,1,9,Potential Customers
C16634,3,5,132031.0,5,3,1,9,Potential Customers
C02796,186,2,132000.0,1,1,1,3,Lost Customers
C09004,106,2,131998.5,2,1,1,4,At Risk
C08948,20,6,131931.5,4,3,1,8,Potential Customers
C06894,620,1,131910.5,1,1,1,3,Lost Customers
C11479,23,4,131905.0,4,2,1,7,Potential Customers
C07214,6,6,131889.5,5,3,1,9,Potential Customers
C12159,35,5,131863.5,4,3,1,8,Potential Customers
C17213,350,1,131856.5,1,1,1,3,Lost Customers
C14238,10,8,131815.5,5,4,1,10,Loyal Customers
C06981,146,4,131795.0,2,2,1,5,At Risk
C13891,245,1,131756.5,1,1,1,3,Lost Customers
C03284,20,4,131747.5,4,2,1,7,Potential Customers
C07926,198,4,131686.0,1,2,1,4,At Risk
C15608,3,3,131681.0,5,1,1,7,Potential Customers
C00565,120,3,131662.0,2,1,1,4,At Risk
C16198,17,5,131606.5,5,3,1,9,Potential Customers
C01858,9,5,131585.0,5,3,1,9,Potential Customers
C00378,24,7,131580.0,4,4,1,9,Potential Customers
C04804,5,4,131566.5,5,2,1,8,Potential Customers
C17889,74,8,131565.0,3,4,1,8,Potential Customers
C01391,176,3,131563.5,2,1,1,4,At Risk
C06850,224,3,131533.0,1,1,1,3,Lost Customers
C18168,25,3,131525.5,4,1,1,6,At Risk
C13717,79,3,131496.0,3,1,1,5,At Risk
C03045,74,4,131463.5,3,2,1,6,At Risk
C04993,61,3,131442.5,3,1,1,5,At Risk
C18974,6,3,131431.5,5,1,1,7,Potential Customers
C00039,116,5,131414.0,2,3,1,6,At Risk
C07789,158,4,131397.0,2,2,1,5,At Risk
C15876,73,2,131394.5,3,1,1,5,At Risk
C04928,29,6,131330.5,4,3,1,8,Potential Customers
C17491,13,4,131302.0,5,2,1,8,Potential Customers
C16565,25,5,131290.5,4,3,1,8,Potential Customers
C07761,49,2,131289.5,3,1,1,5,At Risk
C08481,107,3,131268.0,2,1,1,4,At Risk
C11822,93,3,131260.5,2,1,1,4,At Risk
C04166,1,4,131238.5,5,2,1,8,Potential Customers
C10691,26,7,131228.0,4,4,1,9,Potential Customers
C02352,37,5,131222.0,4,3,1,8,Potential Customers
C07523,1,3,131197.5,5,1,1,7,Potential Customers
C10675,35,6,131187.5,4,3,1,8,Potential Customers
C07304,40,2,131179.0,3,1,1,5,At Risk
C05815,8,5,131158.5,5,3,1,9,Potential Customers
C06743,143,3,131136.5,2,1,1,4,At Risk
C10528,119,7,131115.5,2,4,1,7,Potential Customers
C06841,129,6,131114.0,2,3,1,6,At Risk
C19219,66,3,131052.0,3,1,1,5,At Risk
C05932,4,5,131002.5,5,3,1,9,Potential Customers
C10352,66,2,130986.0,3,1,1,5,At Risk
C00913,11,5,130960.0,5,3,1,9,Potential Customers
C03559,45,4,130954.5,3,2,1,6,At Risk
C17086,60,7,130946.5,3,4,1,8,Potential Customers
C18425,55,3,130916.5,3,1,1,5,At Risk
C09699,10,5,130899.0,5,3,1,9,Potential Customers
C16734,42,8,130843.0,3,4,1,8,Potential Customers
C08015,144,5,130838.0,2,3,1,6,At Risk
C12814,141,5,130837.0,2,3,1,6,At Risk
C01295,49,4,130813.5,3,2,1,6,At Risk
C17034,14,6,130791.5,5,3,1,9,Potential Customers
C17425,59,4,130780.0,3,2,1,6,At Risk
C07813,43,4,130729.5,3,2,1,6,At Risk
C16945,378,2,130715.0,1,1,1,3,Lost Customers
C06582,79,4,130711.5,3,2,1,6,At Risk
C09454,33,4,130701.0,4,2,1,7,Potential Customers
C08167,25,3,130650.5,4,1,1,6,At Risk
C11279,283,5,130624.0,1,3,1,5,At Risk
C07259,76,3,130612.5,3,1,1,5,At Risk
C04821,556,2,130593.0,1,1,1,3,Lost Customers
C11715,23,5,130569.0,4,3,1,8,Potential Customers
C10208,92,5,130552.5,2,3,1,6,At Risk
C02768,63,3,130550.0,3,1,1,5,At Risk
C06191,19,6,130547.0,4,3,1,8,Potential Customers
C19591,40,6,130528.0,3,3,1,7,Potential Customers
C15966,27,8,130517.5,4,4,1,9,Potential Customers
C12233,4,5,130507.5,5,3,1,9,Potential Customers
C10674,69,6,130506.5,3,3,1,7,Potential Customers
C16679,73,3,130502.5,3,1,1,5,At Risk
C02837,41,3,130475.0,3,1,1,5,At Risk
C02449,74,3,130474.0,3,1,1,5,At Risk
C12059,115,4,130473.0,2,2,1,5,At Risk
C07850,1,4,130469.5,5,2,1,8,Potential Customers
C18258,63,4,130417.0,3,2,1,6,At Risk
C03497,111,3,130417.0,2,1,1,4,At Risk
C07952,69,4,130414.5,3,2,1,6,At Risk
C16133,153,6,130406.5,2,3,1,6,At Risk
C11457,10,4,130392.0,5,2,1,8,Potential Customers
C05783,141,4,130372.0,2,2,1,5,At Risk
C07810,130,3,130343.5,2,1,1,4,At Risk
C13982,349,3,130288.5,1,1,1,3,Lost Customers
C04999,41,4,130286.5,3,2,1,6,At Risk
C12551,4,5,130193.5,5,3,1,9,Potential Customers
C00522,44,2,130177.5,3,1,1,5,At Risk
C14466,14,3,130147.0,5,1,1,7,Potential Customers
C02883,12,3,130138.0,5,1,1,7,Potential Customers
C06106,1,4,130071.0,5,2,1,8,Potential Customers
C14723,87,7,130049.5,2,4,1,7,Potential Customers
C17837,14,3,130026.5,5,1,1,7,Potential Customers
C19162,474,2,130024.5,1,1,1,3,Lost Customers
C04538,349,6,130011.0,1,3,1,5,At Risk
C07696,11,7,129963.5,5,4,1,10,Loyal Customers
C10902,82,5,129957.0,2,3,1,6,At Risk
C03266,85,3,129953.0,2,1,1,4,At Risk
C11217,86,6,129938.0,2,3,1,6,At Risk
C01602,191,1,129915.5,1,1,1,3,Lost Customers
C17174,16,2,129908.0,5,1,1,7,Potential Customers
C03594,15,3,129900.0,5,1,1,7,Potential Customers
C18596,244,3,129879.0,1,1,1,3,Lost Customers
C11740,35,4,129848.5,4,2,1,7,Potential Customers
C01169,20,4,129843.0,4,2,1,7,Potential Customers
C18535,40,4,129814.5,3,2,1,6,At Risk
C12343,2,5,129806.5,5,3,1,9,Potential Customers
C04274,84,3,129798.5,2,1,1,4,At Risk
C03051,33,3,129791.0,4,1,1,6,At Risk
C08172,69,2,129755.5,3,1,1,5,At Risk
C19526,1,6,129724.0,5,3,1,9,Potential Customers
C12873,44,5,129718.5,3,3,1,7,Potential Customers
C05201,282,3,129642.0,1,1,1,3,Lost Customers
C13320,43,6,129608.0,3,3,1,7,Potential Customers
C03347,70,3,129605.0,3,1,1,5,At Risk
C03995,149,3,129585.5,2,1,1,4,At Risk
C06638,10,6,129576.5,5,3,1,9,Potential Customers
C15828,88,4,129569.0,2,2,1,5,At Risk
C06161,233,3,129543.5,1,1,1,3,Lost Customers
C13273,40,5,129527.0,3,3,1,7,Potential Customers
C01434,40,3,129494.5,3,1,1,5,At Risk
C11211,20,4,129488.0,4,2,1,7,Potential Customers
C01656,34,8,129443.0,4,4,1,9,Potential Customers
C13858,222,3,129442.0,1,1,1,3,Lost Customers
C19749,155,5,129422.0,2,3,1,6,At Risk
C03013,457,2,129417.5,1,1,1,3,Lost Customers
C10676,13,2,129407.5,5,1,1,7,Potential Customers
C13617,17,2,129365.0,5,1,1,7,Potential Customers
C11338,112,3,129363.5,2,1,1,4,At Risk
C05198,69,6,129329.5,3,3,1,7,Potential Customers
C07830,27,6,129324.5,4,3,1,8,Potential Customers
C13315,89,5,129292.0,2,3,1,6,At Risk
C11756,25,4,129254.5,4,2,1,7,Potential Customers
C18238,2,6,129201.0,5,3,1,9,Potential Customers
C11024,346,3,129198.0,1,1,1,3,Lost Customers
C04328,78,3,129142.5,3,1,1,5,At Risk
C04141,3,3,129133.0,5,1,1,7,Potential Customers
C02329,44,4,129084.0,3,2,1,6,At Risk
C08017,71,4,129079.5,3,2,1,6,At Risk
C11574,76,4,129058.5,3,2,1,6,At Risk
C18633,6,3,129028.5,5,1,1,7,Potential Customers
C18875,40,4,128986.0,3,2,1,6,At Risk
C14980,105,3,128985.5,2,1,1,4,At Risk
C10789,147,4,128980.0,2,2,1,5,At Risk
C14969,404,2,128915.0,1,1,1,3,Lost Customers
C11867,239,4,128914.5,1,2,1,4,At Risk
C16712,8,4,128837.0,5,2,1,8,Potential Customers
C08206,38,6,128823.0,4,3,1,8,Potential Customers
C18668,170,4,128817.0,2,2,1,5,At Risk
C03522,141,4,128739.5,2,2,1,5,At Risk
C19669,46,5,128701.5,3,3,1,7,Potential Customers
C15674,50,4,128691.5,3,2,1,6,At Risk
C00261,335,6,128650.5,1,3,1,5,At Risk
C03813,46,3,128644.0,3,1,1,5,At Risk
C04344,77,8,128625.5,3,4,1,8,Potential Customers
C11709,51,4,128619.0,3,2,1,6,At Risk
C09093,7,5,128605.5,5,3,1,9,Potential Customers
C09370,389,2,128601.0,1,1,1,3,Lost Customers
C08410,182,3,128592.5,1,1,1,3,Lost Customers
C11435,285,3,128572.5,1,1,1,3,Lost Customers
C03514,92,4,128564.5,2,2,1,5,At Risk
C04250,49,4,128562.5,3,2,1,6,At Risk
C15660,209,4,128505.0,1,2,1,4,At Risk
C06569,51,3,128477.5,3,1,1,5,At Risk
C13523,36,3,128464.5,4,1,1,6,At Risk
C02130,4,5,128436.0,5,3,1,9,Potential Customers
C05366,33,5,128432.5,4,3,1,8,Potential Customers
C14667,25,3,128402.0,4,1,1,6,At Risk
C01387,92,2,128394.5,2,1,1,4,At Risk
C12028,199,3,128347.0,1,1,1,3,Lost Customers
C12099,202,2,128297.0,1,1,1,3,Lost Customers
C12000,78,5,128288.0,3,3,1,7,Potential Customers
C08674,40,5,128282.5,3,3,1,7,Potential Customers
C03192,151,3,128272.0,2,1,1,4,At Risk
C07898,22,6,128256.0,4,3,1,8,Potential Customers
C18303,51,3,128208.0,3,1,1,5,At Risk
C01880,351,3,128195.5,1,1,1,3,Lost Customers
C16537,54,4,128192.5,3,2,1,6,At Risk
C17977,3,5,128159.5,5,3,1,9,Potential Customers
C19365,132,3,128158.0,2,1,1,4,At Risk
C16332,11,3,128143.0,5,1,1,7,Potential Customers
C00810,54,4,128121.5,3,2,1,6,At Risk
C02978,19,4,128115.0,4,2,1,7,Potential Customers
C19135,8,2,128095.5,5,1,1,7,Potential Customers
C15938,3,6,128071.0,5,3,1,9,Potential Customers
C18522,26,4,128020.0,4,2,1,7,Potential Customers
C17118,207,2,128003.0,1,1,1,3,Lost Customers
C14913,62,4,127999.5,3,2,1,6,At Risk
C02644,31,6,127982.5,4,3,1,8,Potential Customers
C08668,62,4,127977.0,3,2,1,6,At Risk
C16637,81,3,127963.0,2,1,1,4,At Risk
C06862,1,3,127949.0,5,1,1,7,Potential Customers
C05848,3,5,127941.0,5,3,1,9,Potential Customers
C08050,11,5,127923.5,5,3,1,9,Potential Customers
C03163,7,7,127913.5,5,4,1,10,Loyal Customers
C07874,148,1,127835.5,2,1,1,4,At Risk
C10704,51,5,127833.0,3,3,1,7,Potential Customers
C05024,14,4,127820.5,5,2,1,8,Potential Customers
C19217,34,6,127803.0,4,3,1,8,Potential Customers
C18755,10,3,127794.5,5,1,1,7,Potential Customers
C18555,588,3,127788.0,1,1,1,3,Lost Customers
C00235,46,5,127780.0,3,3,1,7,Potential Customers
C10068,11,3,127771.0,5,1,1,7,Potential Customers
C19249,26,5,127757.5,4,3,1,8,Potential Customers
C14722,16,6,127744.0,5,3,1,9,Potential Customers
C03882,92,3,127714.0,2,1,1,4,At Risk
C15429,26,3,127702.5,4,1,1,6,At Risk
C01347,42,2,127693.5,3,1,1,5,At Risk
C09758,104,5,127674.0,2,3,1,6,At Risk
C13434,53,1,127659.0,3,1,1,5,At Risk
C07868,39,3,127654.5,4,1,1,6,At Risk
C06176,149,1,127626.0,2,1,1,4,At Risk
C09858,11,4,127611.5,5,2,1,8,Potential Customers
C02424,342,2,127605.5,1,1,1,3,Lost Customers
C19442,4,5,127594.0,5,3,1,9,Potential Customers
C12141,144,4,127559.0,2,2,1,5,At Risk
C18514,141,5,127514.0,2,3,1,6,At Risk
C03302,87,5,127512.5,2,3,1,6,At Risk
C18301,14,3,127496.5,5,1,1,7,Potential Customers
C12895,51,4,127492.5,3,2,1,6,At Risk
C05060,21,4,127459.5,4,2,1,7,Potential Customers
C16171,43,4,127457.0,3,2,1,6,At Risk
C09796,91,6,127432.0,2,3,1,6,At Risk
C03339,5,5,127407.5,5,3,1,9,Potential Customers
C19811,21,6,127406.0,4,3,1,8,Potential Customers
C04940,135,5,127395.5,2,3,1,6,At Risk
C15824,20,5,127393.5,4,3,1,8,Potential Customers
C13884,183,4,127385.5,1,2,1,4,At Risk
C10210,84,5,127377.0,2,3,1,6,At Risk
C12724,39,6,127374.0,4,3,1,8,Potential Customers
C12540,85,2,127334.0,2,1,1,4,At Risk
C17293,82,2,127316.0,2,1,1,4,At Risk
C17772,84,4,127313.5,2,2,1,5,At Risk
C15651,69,5,127300.0,3,3,1,7,Potential Customers
C16347,71,4,127277.0,3,2,1,6,At Risk
C03504,92,5,127162.0,2,3,1,6,At Risk
C04630,26,1,127153.5,4,1,1,6,At Risk
C02609,3,4,127101.5,5,2,1,8,Potential Customers
C00885,108,2,127045.0,2,1,1,4,At Risk
C06640,60,2,127008.5,3,1,1,5,At Risk
C00297,10,7,126957.5,5,4,1,10,Loyal Customers
C14968,8,4,126947.5,5,2,1,8,Potential Customers
C05650,16,2,126937.5,5,1,1,7,Potential Customers
C17417,176,4,126915.0,2,2,1,5,At Risk
C06027,7,5,126890.0,5,3,1,9,Potential Customers
C10339,8,2,126855.0,5,1,1,7,Potential Customers
C11188,51,3,126851.5,3,1,1,5,At Risk
C04192,88,2,126849.0,2,1,1,4,At Risk
C00566,3,4,126847.5,5,2,1,8,Potential Customers
C10622,41,3,126822.5,3,1,1,5,At Risk
C03904,68,5,126812.5,3,3,1,7,Potential Customers
C19460,84,6,126799.5,2,3,1,6,At Risk
C09076,6,3,126796.5,5,1,1,7,Potential Customers
C06887,82,4,126730.5,2,2,1,5,At Risk
C16713,113,5,126689.5,2,3,1,6,At Risk
C08637,15,4,126677.0,5,2,1,8,Potential Customers
C05222,9,5,126655.5,5,3,1,9,Potential Customers
C17031,32,5,126649.0,4,3,1,8,Potential Customers
C16742,91,3,126646.0,2,1,1,4,At Risk
C16874,36,3,126638.5,4,1,1,6,At Risk
C18621,97,2,126615.5,2,1,1,4,At Risk
C10261,5,6,126601.0,5,3,1,9,Potential Customers
C06225,44,4,126572.5,3,2,1,6,At Risk
C07396,3,5,126553.5,5,3,1,9,Potential Customers
C12850,37,4,126533.5,4,2,1,7,Potential Customers
C17161,44,2,126529.0,3,1,1,5,At Risk
C11067,28,3,126469.5,4,1,1,6,At Risk
C19744,116,4,126376.5,2,2,1,5,At Risk
C12714,38,4,126369.0,4,2,1,7,Potential Customers
C00073,97,3,126363.0,2,1,1,4,At Risk
C01754,57,5,126342.0,3,3,1,7,Potential Customers
C17211,74,4,126328.0,3,2,1,6,At Risk
C07158,193,3,126301.0,1,1,1,3,Lost Customers
C07890,7,4,126295.5,5,2,1,8,Potential Customers
C11887,383,3,126289.5,1,1,1,3,Lost Customers
C02477,26,2,126278.5,4,1,1,6,At Risk
C01641,68,4,126234.0,3,2,1,6,At Risk
C16977,35,4,126223.5,4,2,1,7,Potential Customers
C05363,20,5,126209.5,4,3,1,8,Potential Customers
C12413,99,3,126166.0,2,1,1,4,At Risk
C07307,34,3,126117.5,4,1,1,6,At Risk
C15540,347,3,126010.5,1,1,1,3,Lost Customers
C04901,24,3,125884.0,4,1,1,6,At Risk
C04433,84,2,125862.0,2,1,1,4,At Risk
C13004,43,4,125853.0,3,2,1,6,At Risk
C13447,17,3,125841.5,5,1,1,7,Potential Customers
C05424,20,4,125783.5,4,2,1,7,Potential Customers
C01256,191,3,125760.0,1,1,1,3,Lost Customers
C04142,49,4,125722.0,3,2,1,6,At Risk
C15510,187,4,125718.5,1,2,1,4,At Risk
C07282,267,5,125714.5,1,3,1,5,At Risk
C17861,250,1,125675.0,1,1,1,3,Lost Customers
C02936,49,6,125652.0,3,3,1,7,Potential Customers
C04083,340,4,125628.5,1,2,1,4,At Risk
C06109,7,4,125627.0,5,2,1,8,Potential Customers
C15645,133,3,125626.5,2,1,1,4,At Risk
C10415,77,4,125615.0,3,2,1,6,At Risk
C03853,55,4,125612.0,3,2,1,6,At Risk
C16655,2,5,125591.5,5,3,1,9,Potential Customers
C19202,8,3,125557.5,5,1,1,7,Potential Customers
C13822,82,4,125550.0,2,2,1,5,At Risk
C07674,1,5,125534.0,5,3,1,9,Potential Customers
C06562,153,5,125514.0,2,3,1,6,At Risk
C11310,4,4,125509.0,5,2,1,8,Potential Customers
C07702,58,5,125489.5,3,3,1,7,Potential Customers
C09319,3,6,125475.5,5,3,1,9,Potential Customers
C18769,2,4,125467.5,5,2,1,8,Potential Customers
C14844,2,5,125442.5,5,3,1,9,Potential Customers
C17669,288,2,125423.5,1,1,1,3,Lost Customers
C10471,18,3,125413.0,4,1,1,6,At Risk
C18692,98,2,125410.5,2,1,1,4,At Risk
C10911,8,4,125408.0,5,2,1,8,Potential Customers
C12595,6,5,125388.0,5,3,1,9,Potential Customers
C15148,4,4,125365.0,5,2,1,8,Potential Customers
C03887,15,3,125333.5,5,1,1,7,Potential Customers
C19058,97,6,125324.5,2,3,1,6,At Risk
C19993,32,5,125286.5,4,3,1,8,Potential Customers
C02834,287,5,125252.0,1,3,1,5,At Risk
C14014,6,3,125188.5,5,1,1,7,Potential Customers
C00766,293,6,125149.0,1,3,1,5,At Risk
C02104,50,2,125140.0,3,1,1,5,At Risk
C17834,16,4,125103.0,5,2,1,8,Potential Customers
C16515,6,6,125070.5,5,3,1,9,Potential Customers
C01082,235,3,125064.0,1,1,1,3,Lost Customers
C14172,15,3,125057.0,5,1,1,7,Potential Customers
C13323,169,5,125047.5,2,3,1,6,At Risk
C12008,289,2,125047.5,1,1,1,3,Lost Customers
C08306,4,5,125041.5,5,3,1,9,Potential Customers
C06868,28,5,125021.5,4,3,1,8,Potential Customers
C06048,2,6,125003.0,5,3,1,9,Potential Customers
C18654,222,3,125003.0,1,1,1,3,Lost Customers
C10088,133,2,124962.5,2,1,1,4,At Risk
C15408,115,7,124954.5,2,4,1,7,Potential Customers
C00542,72,4,124954.5,3,2,1,6,At Risk
C06387,1,7,124937.5,5,4,1,10,Loyal Customers
C15521,28,5,124936.5,4,3,1,8,Potential Customers
C17275,120,5,124927.0,2,3,1,6,At Risk
C10466,30,3,124924.0,4,1,1,6,At Risk
C04641,309,3,124898.0,1,1,1,3,Lost Customers
C11981,33,5,124890.5,4,3,1,8,Potential Customers
C19642,42,4,124871.0,3,2,1,6,At Risk
C16473,55,5,124854.5,3,3,1,7,Potential Customers
C18187,25,3,124810.0,4,1,1,6,At Risk
C05214,141,4,124805.5,2,2,1,5,At Risk
C14152,276,3,124766.0,1,1,1,3,Lost Customers
C14796,21,3,124763.0,4,1,1,6,At Risk
C05150,138,3,124737.0,2,1,1,4,At Risk
C05935,13,6,124729.0,5,3,1,9,Potential Customers
C16481,52,4,124710.0,3,2,1,6,At Risk
C07538,40,5,124694.5,3,3,1,7,Potential Customers
C01922,19,3,124689.5,4,1,1,6,At Risk
C17184,11,5,124675.5,5,3,1,9,Potential Customers
C11997,13,3,124633.5,5,1,1,7,Potential Customers
C08337,32,3,124624.0,4,1,1,6,At Risk
C18221,109,3,124618.5,2,1,1,4,At Risk
C15371,8,4,124615.5,5,2,1,8,Potential Customers
C11419,174,4,124599.0,2,2,1,5,At Risk
C06276,1,2,124598.5,5,1,1,7,Potential Customers
C07883,90,6,124524.5,2,3,1,6,At Risk
C08537,330,3,124512.0,1,1,1,3,Lost Customers
C07225,8,3,124501.5,5,1,1,7,Potential Customers
C11839,41,6,124488.5,3,3,1,7,Potential Customers
C11317,48,1,124431.0,3,1,1,5,At Risk
C00480,473,2,124404.0,1,1,1,3,Lost Customers
C11381,11,5,124355.0,5,3,1,9,Potential Customers
C14948,86,4,124304.5,2,2,1,5,At Risk
C17936,33,5,124264.0,4,3,1,8,Potential Customers
C18547,5,3,124248.5,5,1,1,7,Potential Customers
C07727,29,6,124232.5,4,3,1,8,Potential Customers
C12856,181,4,124227.5,1,2,1,4,At Risk
C08434,58,3,124214.5,3,1,1,5,At Risk
C16045,10,3,124214.5,5,1,1,7,Potential Customers
C07090,16,6,124203.0,5,3,1,9,Potential Customers
C15894,8,4,124151.0,5,2,1,8,Potential Customers
C15299,261,4,124149.5,1,2,1,4,At Risk
C00077,100,4,124123.0,2,2,1,5,At Risk
C15042,74,3,124117.5,3,1,1,5,At Risk
C00329,255,3,124110.0,1,1,1,3,Lost Customers
C12026,70,4,124105.0,3,2,1,6,At Risk
C03878,66,6,124081.5,3,3,1,7,Potential Customers
C02164,36,5,124004.5,4,3,1,8,Potential Customers
C04175,14,4,123988.5,5,2,1,8,Potential Customers
C09772,30,6,123980.5,4,3,1,8,Potential Customers
C15268,17,3,123963.5,5,1,1,7,Potential Customers
C09516,57,5,123952.0,3,3,1,7,Potential Customers
C02276,98,3,123917.0,2,1,1,4,At Risk
C10342,2,5,123867.0,5,3,1,9,Potential Customers
C13977,75,4,123855.0,3,2,1,6,At Risk
C16311,246,5,123845.5,1,3,1,5,At Risk
C17754,8,4,123790.5,5,2,1,8,Potential Customers
C07437,57,5,123789.0,3,3,1,7,Potential Customers
C14153,9,3,123741.0,5,1,1,7,Potential Customers
C05954,85,3,123718.5,2,1,1,4,At Risk
C15861,89,3,123701.5,2,1,1,4,At Risk
C06113,158,3,123668.5,2,1,1,4,At Risk
C00707,80,3,123624.5,2,1,1,4,At Risk
C11913,253,5,123623.5,1,3,1,5,At Risk
C00368,17,6,123614.0,5,3,1,9,Potential Customers
C18280,187,2,123596.5,1,1,1,3,Lost Customers
C08155,182,3,123566.0,1,1,1,3,Lost Customers
C10716,2,1,123518.0,5,1,1,7,Potential Customers
C14688,6,6,123497.5,5,3,1,9,Potential Customers
C18473,117,4,123487.0,2,2,1,5,At Risk
C02894,37,2,123482.5,4,1,1,6,At Risk
C07174,33,6,123391.0,4,3,1,8,Potential Customers
C11814,68,7,123372.5,3,4,1,8,Potential Customers
C17412,79,3,123368.5,3,1,1,5,At Risk
C08143,127,5,123358.5,2,3,1,6,At Risk
C01968,320,4,123303.0,1,2,1,4,At Risk
C10540,90,4,123303.0,2,2,1,5,At Risk
C05890,15,4,123297.5,5,2,1,8,Potential Customers
C08208,149,3,123274.5,2,1,1,4,At Risk
C16924,16,3,123264.5,5,1,1,7,Potential Customers
C19257,5,4,123237.0,5,2,1,8,Potential Customers
C04093,85,5,123223.5,2,3,1,6,At Risk
C00185,105,4,123208.0,2,2,1,5,At Risk
C10709,102,3,123198.5,2,1,1,4,At Risk
C06077,184,5,123171.0,1,3,1,5,At Risk
C06598,3,3,123160.0,5,1,1,7,Potential Customers
C17221,78,5,123131.5,3,3,1,7,Potential Customers
C00442,110,2,123115.5,2,1,1,4,At Risk
C15472,7,5,123108.0,5,3,1,9,Potential Customers
C11183,126,3,123092.0,2,1,1,4,At Risk
C10288,24,4,123087.5,4,2,1,7,Potential Customers
C07986,71,2,123069.5,3,1,1,5,At Risk
C00971,37,5,123056.5,4,3,1,8,Potential Customers
C01330,149,5,123041.0,2,3,1,6,At Risk
C14472,63,6,122933.0,3,3,1,7,Potential Customers
C18591,34,5,122908.5,4,3,1,8,Potential Customers
C17394,378,4,122901.5,1,2,1,4,At Risk
C08887,71,3,122894.0,3,1,1,5,At Risk
C03906,255,4,122863.0,1,2,1,4,At Risk
C10049,98,5,122853.0,2,3,1,6,At Risk
C02759,151,4,122850.0,2,2,1,5,At Risk
C18874,7,2,122842.0,5,1,1,7,Potential Customers
C05212,80,4,122836.0,2,2,1,5,At Risk
C16834,40,3,122819.5,3,1,1,5,At Risk
C00993,14,3,122809.5,5,1,1,7,Potential Customers
C10361,31,4,122799.0,4,2,1,7,Potential Customers
C15918,54,4,122797.0,3,2,1,6,At Risk
C11510,207,4,122777.0,1,2,1,4,At Risk
C03833,58,5,122773.0,3,3,1,7,Potential Customers
C05698,1,7,122725.0,5,4,1,10,Loyal Customers
C19445,112,3,122713.5,2,1,1,4,At Risk
C08529,82,4,122702.0,2,2,1,5,At Risk
C14620,4,4,122601.0,5,2,1,8,Potential Customers
C05967,195,2,122600.0,1,1,1,3,Lost Customers
C06149,55,4,122593.0,3,2,1,6,At Risk
C04819,70,5,122575.0,3,3,1,7,Potential Customers
C09715,7,4,122523.0,5,2,1,8,Potential Customers
C18962,124,3,122493.0,2,1,1,4,At Risk
C15332,50,4,122471.0,3,2,1,6,At Risk
C07112,10,4,122471.0,5,2,1,8,Potential Customers
C03794,37,3,122449.0,4,1,1,6,At Risk
C15196,215,4,122446.5,1,2,1,4,At Risk
C15948,57,3,122433.0,3,1,1,5,At Risk
C04512,137,5,122426.0,2,3,1,6,At Risk
C11413,54,3,122409.0,3,1,1,5,At Risk
C16938,114,4,122366.0,2,2,1,5,At Risk
C00505,64,4,122346.5,3,2,1,6,At Risk
C18796,2,4,122323.5,5,2,1,8,Potential Customers
C11750,117,6,122322.0,2,3,1,6,At Risk
C04761,35,7,122276.5,4,4,1,9,Potential Customers
C17952,50,3,122259.5,3,1,1,5,At Risk
C10607,13,5,122248.5,5,3,1,9,Potential Customers
C02847,74,5,122239.0,3,3,1,7,Potential Customers
C15340,168,5,122210.0,2,3,1,6,At Risk
C09375,34,6,122206.5,4,3,1,8,Potential Customers
C05694,4,3,122177.5,5,1,1,7,Potential Customers
C14687,48,5,122141.0,3,3,1,7,Potential Customers
C09599,244,4,122128.5,1,2,1,4,At Risk
C02486,164,4,122112.5,2,2,1,5,At Risk
C03183,3,6,122107.5,5,3,1,9,Potential Customers
C05769,25,5,122103.5,4,3,1,8,Potential Customers
C04238,93,2,122092.0,2,1,1,4,At Risk
C00985,1,4,121995.0,5,2,1,8,Potential Customers
C15555,44,2,121989.5,3,1,1,5,At Risk
C05641,30,3,121968.0,4,1,1,6,At Risk
C13579,111,4,121947.5,2,2,1,5,At Risk
C07910,2,3,121929.5,5,1,1,7,Potential Customers
C06930,58,2,121921.0,3,1,1,5,At Risk
C15004,267,5,121897.0,1,3,1,5,At Risk
C09364,1,3,121885.5,5,1,1,7,Potential Customers
C16592,17,5,121865.0,5,3,1,9,Potential Customers
C16128,211,3,121847.5,1,1,1,3,Lost Customers
C09200,111,4,121806.0,2,2,1,5,At Risk
C05075,297,1,121748.0,1,1,1,3,Lost Customers
C01494,2,6,121716.0,5,3,1,9,Potential Customers
C07814,138,3,121715.0,2,1,1,4,At Risk
C19788,90,4,121677.0,2,2,1,5,At Risk
C11551,148,4,121672.0,2,2,1,5,At Risk
C10900,261,2,121651.0,1,1,1,3,Lost Customers
C04245,83,3,121630.5,2,1,1,4,At Risk
C15229,39,4,121627.5,4,2,1,7,Potential Customers
C01238,2,5,121620.5,5,3,1,9,Potential Customers
C14790,3,7,121559.5,5,4,1,10,Loyal Customers
C19055,7,3,121541.0,5,1,1,7,Potential Customers
C04511,17,3,121529.0,5,1,1,7,Potential Customers
C15209,226,3,121512.5,1,1,1,3,Lost Customers
C06595,37,4,121497.5,4,2,1,7,Potential Customers
C13999,14,4,121488.5,5,2,1,8,Potential Customers
C17451,44,5,121465.0,3,3,1,7,Potential Customers
C03350,19,6,121437.5,4,3,1,8,Potential Customers
C11168,276,3,121379.0,1,1,1,3,Lost Customers
C17716,5,4,121321.5,5,2,1,8,Potential Customers
C16127,56,7,121320.0,3,4,1,8,Potential Customers
C13538,111,3,121313.0,2,1,1,4,At Risk
C10363,99,4,121301.5,2,2,1,5,At Risk
C17525,39,3,121240.5,4,1,1,6,At Risk
C17794,60,6,121237.5,3,3,1,7,Potential Customers
C14626,1,6,121191.5,5,3,1,9,Potential Customers
C04740,68,6,121142.5,3,3,1,7,Potential Customers
C16335,47,6,121125.5,3,3,1,7,Potential Customers
C03598,5,3,121104.5,5,1,1,7,Potential Customers
C04409,5,4,121088.0,5,2,1,8,Potential Customers
C01606,19,4,121087.5,4,2,1,7,Potential Customers
C09804,58,2,121056.5,3,1,1,5,At Risk
C16881,5,6,121024.0,5,3,1,9,Potential Customers
C13121,42,4,121016.0,3,2,1,6,At Risk
C06676,383,2,120990.5,1,1,1,3,Lost Customers
C10200,84,2,120980.5,2,1,1,4,At Risk
C14934,148,5,120943.0,2,3,1,6,At Risk
C02605,9,6,120926.5,5,3,1,9,Potential Customers
C15891,68,3,120926.0,3,1,1,5,At Risk
C11236,7,7,120923.0,5,4,1,10,Loyal Customers
C01863,194,3,120916.0,1,1,1,3,Lost Customers
C06028,18,3,120894.5,4,1,1,6,At Risk
C05933,10,6,120894.5,5,3,1,9,Potential Customers
C15494,68,5,120891.5,3,3,1,7,Potential Customers
C02382,294,2,120891.0,1,1,1,3,Lost Customers
C18420,49,4,120870.0,3,2,1,6,At Risk
C09667,28,4,120840.0,4,2,1,7,Potential Customers
C02797,27,4,120804.5,4,2,1,7,Potential Customers
C09799,122,3,120800.0,2,1,1,4,At Risk
C15017,57,4,120729.5,3,2,1,6,At Risk
C15648,112,4,120683.5,2,2,1,5,At Risk
C09988,25,3,120681.5,4,1,1,6,At Risk
C09384,8,5,120676.0,5,3,1,9,Potential Customers
C04589,62,6,120675.0,3,3,1,7,Potential Customers
C03394,201,6,120674.0,1,3,1,5,At Risk
C07453,15,6,120645.5,5,3,1,9,Potential Customers
C01134,6,5,120637.5,5,3,1,9,Potential Customers
C14091,60,3,120610.5,3,1,1,5,At Risk
C14542,88,3,120610.0,2,1,1,4,At Risk
C08819,12,4,120580.0,5,2,1,8,Potential Customers
C11755,17,4,120576.5,5,2,1,8,Potential Customers
C06284,3,3,120548.5,5,1,1,7,Potential Customers
C06455,188,3,120547.0,1,1,1,3,Lost Customers
C17094,317,2,120536.0,1,1,1,3,Lost Customers
C08586,88,3,120530.0,2,1,1,4,At Risk
C10382,76,5,120499.5,3,3,1,7,Potential Customers
C03161,198,1,120499.0,1,1,1,3,Lost Customers
C16432,50,3,120490.5,3,1,1,5,At Risk
C01443,2,3,120453.5,5,1,1,7,Potential Customers
C19258,399,3,120440.5,1,1,1,3,Lost Customers
C12568,17,3,120437.0,5,1,1,7,Potential Customers
C12408,32,4,120437.0,4,2,1,7,Potential Customers
C07280,39,2,120437.0,4,1,1,6,At Risk
C18368,1,5,120430.5,5,3,1,9,Potential Customers
C05163,21,2,120427.5,4,1,1,6,At Risk
C14663,141,4,120410.5,2,2,1,5,At Risk
C03539,308,2,120385.5,1,1,1,3,Lost Customers
C09551,12,2,120369.5,5,1,1,7,Potential Customers
C16571,33,4,120358.5,4,2,1,7,Potential Customers
C03049,12,5,120354.5,5,3,1,9,Potential Customers
C01299,48,6,120353.0,3,3,1,7,Potential Customers
C05865,59,1,120331.0,3,1,1,5,At Risk
C16857,69,3,120262.5,3,1,1,5,At Risk
C12763,364,3,120246.0,1,1,1,3,Lost Customers
C18421,18,3,120241.5,4,1,1,6,At Risk
C04752,39,4,120203.0,4,2,1,7,Potential Customers
C09395,6,3,120192.5,5,1,1,7,Potential Customers
C11407,33,3,120192.0,4,1,1,6,At Risk
C17733,5,5,120169.5,5,3,1,9,Potential Customers
C10198,30,6,120157.0,4,3,1,8,Potential Customers
C18817,56,4,120156.0,3,2,1,6,At Risk
C08786,31,4,120134.0,4,2,1,7,Potential Customers
C07126,113,3,120100.5,2,1,1,4,At Risk
C03574,30,5,120054.0,4,3,1,8,Potential Customers
C19114,11,4,119941.5,5,2,1,8,Potential Customers
C13813,93,3,119917.5,2,1,1,4,At Risk
C02415,27,6,119902.5,4,3,1,8,Potential Customers
C12734,28,3,119902.5,4,1,1,6,At Risk
C01831,12,6,119886.0,5,3,1,9,Potential Customers
C06474,8,4,119882.5,5,2,1,8,Potential Customers
C16270,40,3,119854.5,3,1,1,5,At Risk
C17143,75,4,119838.0,3,2,1,6,At Risk
C04603,324,3,119813.0,1,1,1,3,Lost Customers
C10221,14,3,119795.5,5,1,1,7,Potential Customers
C15686,22,3,119781.0,4,1,1,6,At Risk
C06126,2,5,119767.5,5,3,1,9,Potential Customers
C16721,126,3,119748.0,2,1,1,4,At Risk
C14221,19,2,119715.5,4,1,1,6,At Risk
C04636,92,5,119704.0,2,3,1,6,At Risk
C14146,7,4,119703.0,5,2,1,8,Potential Customers
C18611,149,4,119693.0,2,2,1,5,At Risk
C17822,44,4,119685.0,3,2,1,6,At Risk
C13780,186,6,119603.5,1,3,1,5,At Risk
C17945,73,6,119600.0,3,3,1,7,Potential Customers
C10588,5,1,119588.0,5,1,1,7,Potential Customers
C11687,23,4,119586.5,4,2,1,7,Potential Customers
C05411,20,5,119570.5,4,3,1,8,Potential Customers
C18622,4,5,119569.0,5,3,1,9,Potential Customers
C06764,150,2,119560.5,2,1,1,4,At Risk
C19310,134,4,119515.0,2,2,1,5,At Risk
C10517,232,2,119513.0,1,1,1,3,Lost Customers
C05478,72,5,119490.5,3,3,1,7,Potential Customers
C16639,48,3,119470.5,3,1,1,5,At Risk
C18629,2,5,119463.0,5,3,1,9,Potential Customers
C10936,30,4,119417.0,4,2,1,7,Potential Customers
C10806,11,5,119410.0,5,3,1,9,Potential Customers
C02297,15,4,119401.0,5,2,1,8,Potential Customers
C15138,34,4,119365.5,4,2,1,7,Potential Customers
C08723,92,4,119343.0,2,2,1,5,At Risk
C07348,22,2,119338.0,4,1,1,6,At Risk
C05634,142,3,119329.5,2,1,1,4,At Risk
C02615,10,2,119304.5,5,1,1,7,Potential Customers
C05327,15,4,119293.0,5,2,1,8,Potential Customers
C12484,209,2,119270.0,1,1,1,3,Lost Customers
C15367,7,3,119237.0,5,1,1,7,Potential Customers
C02720,76,4,119234.0,3,2,1,6,At Risk
C14867,171,2,119225.5,2,1,1,4,At Risk
C01735,22,5,119198.0,4,3,1,8,Potential Customers
C17927,173,3,119177.5,2,1,1,4,At Risk
C14539,49,5,119165.5,3,3,1,7,Potential Customers
C12361,23,3,119109.5,4,1,1,6,At Risk
C19029,54,4,119013.5,3,2,1,6,At Risk
C02764,197,3,118988.0,1,1,1,3,Lost Customers
C01537,3,4,118968.5,5,2,1,8,Potential Customers
C00082,114,2,118959.5,2,1,1,4,At Risk
C13453,7,4,118910.0,5,2,1,8,Potential Customers
C14974,180,5,118857.0,2,3,1,6,At Risk
C14181,632,1,118805.0,1,1,1,3,Lost Customers
C14341,18,4,118797.0,4,2,1,7,Potential Customers
C04671,411,1,118782.0,1,1,1,3,Lost Customers
C00663,212,2,118753.0,1,1,1,3,Lost Customers
C18866,23,5,118736.5,4,3,1,8,Potential Customers
C04359,4,6,118693.0,5,3,1,9,Potential Customers
C01395,94,5,118676.5,2,3,1,6,At Risk
C18727,20,4,118670.5,4,2,1,7,Potential Customers
C07250,59,3,118668.5,3,1,1,5,At Risk
C13311,136,3,118662.5,2,1,1,4,At Risk
C12025,12,4,118633.5,5,2,1,8,Potential Customers
C12347,79,4,118622.0,3,2,1,6,At Risk
C05306,4,4,118617.0,5,2,1,8,Potential Customers
C14716,25,3,118577.0,4,1,1,6,At Risk
C18109,90,3,118546.5,2,1,1,4,At Risk
C00936,85,5,118502.5,2,3,1,6,At Risk
C09815,202,3,118486.0,1,1,1,3,Lost Customers
C16165,37,6,118464.5,4,3,1,8,Potential Customers
C19408,157,4,118455.5,2,2,1,5,At Risk
C04427,2,3,118361.0,5,1,1,7,Potential Customers
C11622,71,2,118355.0,3,1,1,5,At Risk
C13148,118,5,118353.0,2,3,1,6,At Risk
C11489,11,2,118336.0,5,1,1,7,Potential Customers
C17542,66,4,118331.0,3,2,1,6,At Risk
C17854,141,4,118322.5,2,2,1,5,At Risk
C19585,276,2,118274.0,1,1,1,3,Lost Customers
C12371,20,3,118238.0,4,1,1,6,At Risk
C06460,52,6,118231.5,3,3,1,7,Potential Customers
C04465,20,2,118210.0,4,1,1,6,At Risk
C14537,132,5,118169.0,2,3,1,6,At Risk
C05107,32,3,118143.0,4,1,1,6,At Risk
C14864,30,6,118127.0,4,3,1,8,Potential Customers
C03941,58,5,118125.0,3,3,1,7,Potential Customers
C01970,45,4,118096.0,3,2,1,6,At Risk
C17686,26,4,118080.5,4,2,1,7,Potential Customers
C16185,43,3,118061.5,3,1,1,5,At Risk
C14510,203,5,118059.0,1,3,1,5,At Risk
C14035,60,2,118052.0,3,1,1,5,At Risk
C08429,1,3,118047.0,5,1,1,7,Potential Customers
C00922,334,2,118045.0,1,1,1,3,Lost Customers
C02616,49,3,118026.0,3,1,1,5,At Risk
C06279,45,5,118025.5,3,3,1,7,Potential Customers
C10917,225,4,118017.5,1,2,1,4,At Risk
C09899,56,3,118016.0,3,1,1,5,At Risk
C12752,9,5,117992.0,5,3,1,9,Potential Customers
C02976,136,6,117976.5,2,3,1,6,At Risk
C13261,2,1,117936.0,5,1,1,7,Potential Customers
C13973,3,4,117901.5,5,2,1,8,Potential Customers
C10515,4,6,117878.0,5,3,1,9,Potential Customers
C00288,76,3,117839.5,3,1,1,5,At Risk
C06571,124,5,117797.0,2,3,1,6,At Risk
C03678,6,4,117760.0,5,2,1,8,Potential Customers
C11908,248,6,117748.5,1,3,1,5,At Risk
C13827,1,6,117739.5,5,3,1,9,Potential Customers
C12447,41,4,117721.0,3,2,1,6,At Risk
C13481,7,4,117665.5,5,2,1,8,Potential Customers
C17309,31,5,117579.0,4,3,1,8,Potential Customers
C00538,3,4,117564.0,5,2,1,8,Potential Customers
C13373,62,4,117550.0,3,2,1,6,At Risk
C06236,85,2,117542.0,2,1,1,4,At Risk
C18573,76,3,117528.0,3,1,1,5,At Risk
C14509,171,2,117527.0,2,1,1,4,At Risk
C09183,7,3,117462.0,5,1,1,7,Potential Customers
C00790,8,3,117462.0,5,1,1,7,Potential Customers
C08229,33,5,117449.0,4,3,1,8,Potential Customers
C12991,73,5,117416.5,3,3,1,7,Potential Customers
C04340,188,2,117384.0,1,1,1,3,Lost Customers
C07943,12,3,117350.0,5,1,1,7,Potential Customers
C13619,19,3,117312.5,4,1,1,6,At Risk
C19035,26,4,117245.0,4,2,1,7,Potential Customers
C02938,87,6,117241.5,2,3,1,6,At Risk
C11107,55,3,117234.0,3,1,1,5,At Risk
C10227,26,5,117170.0,4,3,1,8,Potential Customers
C11415,92,3,117156.0,2,1,1,4,At Risk
C19291,185,3,117146.5,1,1,1,3,Lost Customers
C04800,75,3,117136.5,3,1,1,5,At Risk
C04686,33,5,117095.0,4,3,1,8,Potential Customers
C03716,132,5,117079.0,2,3,1,6,At Risk
C00483,32,4,117028.0,4,2,1,7,Potential Customers
C18887,50,3,117014.0,3,1,1,5,At Risk
C19126,175,3,116994.0,2,1,1,4,At Risk
C01896,162,3,116971.5,2,1,1,4,At Risk
C02747,39,7,116942.5,4,4,1,9,Potential Customers
C00511,67,6,116934.0,3,3,1,7,Potential Customers
C19724,11,5,116911.5,5,3,1,9,Potential Customers
C11810,31,6,116847.0,4,3,1,8,Potential Customers
C15753,103,2,116787.0,2,1,1,4,At Risk
C17598,46,4,116756.5,3,2,1,6,At Risk
C04017,6,6,116750.0,5,3,1,9,Potential Customers
C05701,28,3,116686.0,4,1,1,6,At Risk
C04345,240,3,116646.5,1,1,1,3,Lost Customers
C14408,102,3,116626.0,2,1,1,4,At Risk
C11706,7,3,116615.0,5,1,1,7,Potential Customers
C14863,56,4,116601.5,3,2,1,6,At Risk
C03326,92,3,116601.0,2,1,1,4,At Risk
C19124,35,5,116576.5,4,3,1,8,Potential Customers
C16039,64,4,116562.0,3,2,1,6,At Risk
C17954,25,3,116531.0,4,1,1,6,At Risk
C19607,3,3,116498.0,5,1,1,7,Potential Customers
C02817,118,7,116494.5,2,4,1,7,Potential Customers
C11119,180,2,116486.5,2,1,1,4,At Risk
C08256,6,6,116483.5,5,3,1,9,Potential Customers
C12916,110,6,116465.0,2,3,1,6,At Risk
C18489,21,3,116424.0,4,1,1,6,At Risk
C15857,69,5,116414.0,3,3,1,7,Potential Customers
C11999,148,3,116399.5,2,1,1,4,At Risk
C10851,178,2,116391.5,2,1,1,4,At Risk
C05988,76,3,116333.5,3,1,1,5,At Risk
C07137,118,4,116280.0,2,2,1,5,At Risk
C17209,47,6,116258.5,3,3,1,7,Potential Customers
C06300,67,3,116202.0,3,1,1,5,At Risk
C04467,20,3,116173.5,4,1,1,6,At Risk
C11021,5,4,116168.0,5,2,1,8,Potential Customers
C08190,84,3,116159.5,2,1,1,4,At Risk
C07082,382,1,116154.0,1,1,1,3,Lost Customers
C01745,190,3,116072.5,1,1,1,3,Lost Customers
C14052,304,5,116058.5,1,3,1,5,At Risk
C06963,329,5,116040.5,1,3,1,5,At Risk
C02739,84,3,116024.5,2,1,1,4,At Risk
C02613,158,5,116001.5,2,3,1,6,At Risk
C05385,5,6,115968.5,5,3,1,9,Potential Customers
C14952,32,2,115946.0,4,1,1,6,At Risk
C16511,25,5,115898.0,4,3,1,8,Potential Customers
C01792,14,4,115854.5,5,2,1,8,Potential Customers
C03919,75,3,115831.0,3,1,1,5,At Risk
C08670,40,3,115824.0,3,1,1,5,At Risk
C11275,45,4,115818.5,3,2,1,6,At Risk
C09060,59,5,115804.0,3,3,1,7,Potential Customers
C04174,185,4,115791.0,1,2,1,4,At Risk
C07323,139,3,115782.0,2,1,1,4,At Risk
C02972,44,4,115744.0,3,2,1,6,At Risk
C09806,64,2,115730.0,3,1,1,5,At Risk
C18203,12,3,115687.0,5,1,1,7,Potential Customers
C06689,6,5,115680.0,5,3,1,9,Potential Customers
C12202,24,4,115670.0,4,2,1,7,Potential Customers
C02087,87,4,115668.0,2,2,1,5,At Risk
C04653,63,3,115666.5,3,1,1,5,At Risk
C09286,101,3,115658.0,2,1,1,4,At Risk
C14463,5,3,115650.0,5,1,1,7,Potential Customers
C19290,216,3,115615.0,1,1,1,3,Lost Customers
C11265,445,3,115594.5,1,1,1,3,Lost Customers
C19305,261,2,115584.5,1,1,1,3,Lost Customers
C19913,146,3,115564.5,2,1,1,4,At Risk
C02222,152,4,115556.0,2,2,1,5,At Risk
C14681,218,5,115553.0,1,3,1,5,At Risk
C18119,211,3,115539.0,1,1,1,3,Lost Customers
C08806,163,2,115534.0,2,1,1,4,At Risk
C05433,134,2,115533.5,2,1,1,4,At Risk
C12885,102,4,115484.5,2,2,1,5,At Risk
C08546,41,1,115467.0,3,1,1,5,At Risk
C14308,340,3,115448.0,1,1,1,3,Lost Customers
C18047,56,6,115362.5,3,3,1,7,Potential Customers
C13452,9,5,115354.5,5,3,1,9,Potential Customers
C14853,122,2,115319.0,2,1,1,4,At Risk
C13832,202,6,115296.5,1,3,1,5,At Risk
C17363,67,4,115295.5,3,2,1,6,At Risk
C07149,40,6,115273.0,3,3,1,7,Potential Customers
C09955,82,5,115257.0,2,3,1,6,At Risk
C00812,171,6,115247.5,2,3,1,6,At Risk
C12822,15,5,115227.5,5,3,1,9,Potential Customers
C19969,47,5,115222.5,3,3,1,7,Potential Customers
C19561,233,3,115199.0,1,1,1,3,Lost Customers
C15188,41,4,115171.5,3,2,1,6,At Risk
C06440,15,3,115149.0,5,1,1,7,Potential Customers
C17154,40,3,115121.0,3,1,1,5,At Risk
C13534,67,3,115086.5,3,1,1,5,At Risk
C14868,48,4,114997.0,3,2,1,6,At Risk
C14599,199,3,114990.0,1,1,1,3,Lost Customers
C10684,6,5,114966.5,5,3,1,9,Potential Customers
C11339,9,3,114952.0,5,1,1,7,Potential Customers
C07857,14,3,114928.5,5,1,1,7,Potential Customers
C19924,38,4,114739.5,4,2,1,7,Potential Customers
C08321,132,1,114711.5,2,1,1,4,At Risk
C14332,3,3,114688.0,5,1,1,7,Potential Customers
C16799,392,3,114678.0,1,1,1,3,Lost Customers
C13855,89,4,114676.0,2,2,1,5,At Risk
C15658,6,3,114648.5,5,1,1,7,Potential Customers
C13857,149,5,114646.5,2,3,1,6,At Risk
C01925,53,7,114626.5,3,4,1,8,Potential Customers
C01120,21,4,114616.5,4,2,1,7,Potential Customers
C14340,54,6,114613.0,3,3,1,7,Potential Customers
C18986,83,4,114595.5,2,2,1,5,At Risk
C17262,16,6,114593.0,5,3,1,9,Potential Customers
C12997,95,3,114551.5,2,1,1,4,At Risk
C00021,161,2,114534.0,2,1,1,4,At Risk
C14081,21,4,114529.0,4,2,1,7,Potential Customers
C02046,6,2,114494.0,5,1,1,7,Potential Customers
C01241,173,3,114470.5,2,1,1,4,At Risk
C01284,22,3,114461.5,4,1,1,6,At Risk
C14148,219,1,114413.0,1,1,1,3,Lost Customers
C19139,12,3,114408.5,5,1,1,7,Potential Customers
C00596,11,3,114402.5,5,1,1,7,Potential Customers
C06581,141,5,114328.0,2,3,1,6,At Risk
C04754,124,3,114310.5,2,1,1,4,At Risk
C15889,140,2,114293.0,2,1,1,4,At Risk
C17559,42,5,114290.0,3,3,1,7,Potential Customers
C07742,54,4,114275.5,3,2,1,6,At Risk
C16382,66,3,114246.5,3,1,1,5,At Risk
C10869,12,5,114214.5,5,3,1,9,Potential Customers
C19880,10,4,114206.0,5,2,1,8,Potential Customers
C17951,2,5,114167.5,5,3,1,9,Potential Customers
C03189,14,7,114151.5,5,4,1,10,Loyal Customers
C02016,24,4,114131.5,4,2,1,7,Potential Customers
C15774,43,3,114124.0,3,1,1,5,At Risk
C05731,55,2,114087.5,3,1,1,5,At Risk
C18702,166,4,114058.0,2,2,1,5,At Risk
C04227,11,2,114051.0,5,1,1,7,Potential Customers
C18853,198,5,114038.0,1,3,1,5,At Risk
C15780,80,2,114032.0,2,1,1,4,At Risk
C19417,2,6,114014.5,5,3,1,9,Potential Customers
C03825,48,4,113888.0,3,2,1,6,At Risk
C17173,66,7,113838.5,3,4,1,8,Potential Customers
C19934,21,7,113816.5,4,4,1,9,Potential Customers
C04492,3,4,113765.0,5,2,1,8,Potential Customers
C18886,107,4,113753.5,2,2,1,5,At Risk
C09760,2,5,113753.0,5,3,1,9,Potential Customers
C06952,120,6,113696.0,2,3,1,6,At Risk
C02534,27,3,113693.5,4,1,1,6,At Risk
C16173,21,3,113674.5,4,1,1,6,At Risk
C18877,1,3,113668.0,5,1,1,7,Potential Customers
C08863,81,4,113629.5,2,2,1,5,At Risk
C17315,82,5,113627.5,2,3,1,6,At Risk
C01179,478,2,113624.5,1,1,1,3,Lost Customers
C16837,9,3,113621.0,5,1,1,7,Potential Customers
C17885,4,9,113614.0,5,5,1,11,Loyal Customers
C12169,134,6,113563.0,2,3,1,6,At Risk
C12924,19,5,113526.5,4,3,1,8,Potential Customers
C15167,113,5,113515.0,2,3,1,6,At Risk
C06652,5,5,113354.0,5,3,1,9,Potential Customers
C12546,12,4,113325.0,5,2,1,8,Potential Customers
C10177,121,5,113314.5,2,3,1,6,At Risk
C01551,19,4,113302.0,4,2,1,7,Potential Customers
C12116,48,4,113297.5,3,2,1,6,At Risk
C02084,4,4,113280.0,5,2,1,8,Potential Customers
C12605,8,4,113273.5,5,2,1,8,Potential Customers
C12325,223,4,113263.0,1,2,1,4,At Risk
C15312,23,4,113253.0,4,2,1,7,Potential Customers
C09754,185,3,113249.5,1,1,1,3,Lost Customers
C14669,19,4,113247.5,4,2,1,7,Potential Customers
C16037,156,2,113232.0,2,1,1,4,At Risk
C09724,29,2,113203.5,4,1,1,6,At Risk
C17701,149,5,113168.5,2,3,1,6,At Risk
C15790,241,6,113153.0,1,3,1,5,At Risk
C19698,56,3,113153.0,3,1,1,5,At Risk
C12258,36,6,113136.0,4,3,1,8,Potential Customers
C15235,9,4,113129.0,5,2,1,8,Potential Customers
C11483,25,5,113103.0,4,3,1,8,Potential Customers
C14830,5,7,113100.5,5,4,1,10,Loyal Customers
C00174,411,3,113075.0,1,1,1,3,Lost Customers
C18482,299,5,113049.5,1,3,1,5,At Risk
C18634,33,5,113049.0,4,3,1,8,Potential Customers
C14005,71,2,112994.0,3,1,1,5,At Risk
C00062,249,4,112976.5,1,2,1,4,At Risk
C16989,43,2,112972.5,3,1,1,5,At Risk
C18888,130,3,112892.5,2,1,1,4,At Risk
C05316,26,5,112877.0,4,3,1,8,Potential Customers
C09130,10,6,112810.5,5,3,1,9,Potential Customers
C08109,3,5,112779.0,5,3,1,9,Potential Customers
C19326,57,3,112742.0,3,1,1,5,At Risk
C09143,3,5,112732.5,5,3,1,9,Potential Customers
C15096,9,5,112717.5,5,3,1,9,Potential Customers
C16283,70,4,112681.0,3,2,1,6,At Risk
C03946,2,5,112668.5,5,3,1,9,Potential Customers
C06115,117,3,112665.5,2,1,1,4,At Risk
C10190,17,5,112659.5,5,3,1,9,Potential Customers
C19619,4,3,112641.5,5,1,1,7,Potential Customers
C13191,245,2,112635.5,1,1,1,3,Lost Customers
C08137,97,4,112620.0,2,2,1,5,At Risk
C13400,14,4,112616.5,5,2,1,8,Potential Customers
C05265,70,2,112588.5,3,1,1,5,At Risk
C18177,2,5,112555.5,5,3,1,9,Potential Customers
C09091,26,5,112538.5,4,3,1,8,Potential Customers
C07124,47,4,112537.5,3,2,1,6,At Risk
C03880,93,5,112527.0,2,3,1,6,At Risk
C19383,23,3,112508.0,4,1,1,6,At Risk
C05294,95,5,112490.5,2,3,1,6,At Risk
C19040,45,3,112463.5,3,1,1,5,At Risk
C10797,93,3,112458.0,2,1,1,4,At Risk
C10000,8,5,112441.0,5,3,1,9,Potential Customers
C04759,43,4,112440.0,3,2,1,6,At Risk
C05128,7,4,112429.5,5,2,1,8,Potential Customers
C15402,11,4,112421.5,5,2,1,8,Potential Customers
C11020,42,3,112402.5,3,1,1,5,At Risk
C01468,16,4,112401.0,5,2,1,8,Potential Customers
C02402,48,4,112399.0,3,2,1,6,At Risk
C14997,14,4,112395.5,5,2,1,8,Potential Customers
C00962,123,6,112383.0,2,3,1,6,At Risk
C03275,13,3,112379.5,5,1,1,7,Potential Customers
C06847,13,6,112376.5,5,3,1,9,Potential Customers
C17469,24,1,112343.0,4,1,1,6,At Risk
C02703,2,5,112299.5,5,3,1,9,Potential Customers
C11246,4,4,112284.5,5,2,1,8,Potential Customers
C09309,15,4,112252.0,5,2,1,8,Potential Customers
C11202,1,3,112247.5,5,1,1,7,Potential Customers
C15243,147,2,112162.0,2,1,1,4,At Risk
C18848,130,4,112156.5,2,2,1,5,At Risk
C13690,397,4,112113.0,1,2,1,4,At Risk
C05506,224,3,112074.0,1,1,1,3,Lost Customers
C09713,30,5,112068.5,4,3,1,8,Potential Customers
C06945,24,3,112067.0,4,1,1,6,At Risk
C11199,57,5,112041.5,3,3,1,7,Potential Customers
C09865,8,4,112024.5,5,2,1,8,Potential Customers
C19303,33,3,111859.0,4,1,1,6,At Risk
C10012,22,4,111854.0,4,2,1,7,Potential Customers
C05882,1,5,111847.0,5,3,1,9,Potential Customers
C11157,78,4,111842.5,3,2,1,6,At Risk
C12829,15,4,111824.5,5,2,1,8,Potential Customers
C16561,56,4,111814.5,3,2,1,6,At Risk
C09438,64,3,111812.0,3,1,1,5,At Risk
C01115,338,1,111803.5,1,1,1,3,Lost Customers
C17906,28,2,111768.0,4,1,1,6,At Risk
C04886,14,4,111762.5,5,2,1,8,Potential Customers
C19560,22,3,111741.5,4,1,1,6,At Risk
C12081,37,6,111721.0,4,3,1,8,Potential Customers
C10287,11,5,111714.5,5,3,1,9,Potential Customers
C09116,36,3,111696.0,4,1,1,6,At Risk
C05669,211,4,111665.5,1,2,1,4,At Risk
C17366,324,3,111659.5,1,1,1,3,Lost Customers
C03819,262,5,111657.5,1,3,1,5,At Risk
C14672,196,4,111627.0,1,2,1,4,At Risk
C12982,86,4,111611.0,2,2,1,5,At Risk
C05378,123,3,111538.5,2,1,1,4,At Risk
C12266,12,5,111489.0,5,3,1,9,Potential Customers
C09526,117,3,111486.5,2,1,1,4,At Risk
C12621,401,1,111471.5,1,1,1,3,Lost Customers
C10264,274,3,111456.0,1,1,1,3,Lost Customers
C14500,47,2,111436.0,3,1,1,5,At Risk
C13699,32,3,111430.0,4,1,1,6,At Risk
C11322,38,3,111417.0,4,1,1,6,At Risk
C07051,103,5,111416.0,2,3,1,6,At Risk
C08967,17,5,111388.5,5,3,1,9,Potential Customers
C02213,4,5,111383.0,5,3,1,9,Potential Customers
C02590,67,4,111373.5,3,2,1,6,At Risk
C08381,49,5,111364.5,3,3,1,7,Potential Customers
C12208,41,7,111363.0,3,4,1,8,Potential Customers
C18927,2,4,111359.0,5,2,1,8,Potential Customers
C03717,46,4,111351.0,3,2,1,6,At Risk
C08184,204,3,111348.0,1,1,1,3,Lost Customers
C07842,23,4,111331.0,4,2,1,7,Potential Customers
C12056,31,3,111288.5,4,1,1,6,At Risk
C03474,104,4,111279.5,2,2,1,5,At Risk
C01253,21,5,111254.5,4,3,1,8,Potential Customers
C19799,15,4,111235.0,5,2,1,8,Potential Customers
C02824,99,3,111230.5,2,1,1,4,At Risk
C10610,122,4,111221.5,2,2,1,5,At Risk
C17055,27,5,111217.5,4,3,1,8,Potential Customers
C06669,38,5,111217.0,4,3,1,8,Potential Customers
C19446,138,1,111199.0,2,1,1,4,At Risk
C07517,169,6,111183.5,2,3,1,6,At Risk
C11533,83,2,111179.0,2,1,1,4,At Risk
C14851,129,3,111173.5,2,1,1,4,At Risk
C10328,75,3,111124.5,3,1,1,5,At Risk
C14167,2,4,111110.5,5,2,1,8,Potential Customers
C15048,35,3,111068.0,4,1,1,6,At Risk
C18252,6,3,111046.0,5,1,1,7,Potential Customers
C00310,202,3,110982.5,1,1,1,3,Lost Customers
C17759,49,4,110972.5,3,2,1,6,At Risk
C18115,34,3,110960.5,4,1,1,6,At Risk
C00136,151,3,110958.5,2,1,1,4,At Risk
C09876,278,2,110949.0,1,1,1,3,Lost Customers
C16552,131,5,110907.0,2,3,1,6,At Risk
C11986,57,3,110904.5,3,1,1,5,At Risk
C06989,32,4,110882.5,4,2,1,7,Potential Customers
C18100,85,5,110878.0,2,3,1,6,At Risk
C12312,158,6,110865.5,2,3,1,6,At Risk
C03484,39,3,110807.0,4,1,1,6,At Risk
C13422,322,3,110804.0,1,1,1,3,Lost Customers
C01850,74,4,110750.0,3,2,1,6,At Risk
C11886,414,6,110741.5,1,3,1,5,At Risk
C02256,413,2,110694.0,1,1,1,3,Lost Customers
C02513,19,2,110693.5,4,1,1,6,At Risk
C19778,199,3,110681.5,1,1,1,3,Lost Customers
C05981,33,2,110656.0,4,1,1,6,At Risk
C10600,56,4,110652.5,3,2,1,6,At Risk
C09732,1,6,110646.5,5,3,1,9,Potential Customers
C03605,60,4,110646.0,3,2,1,6,At Risk
C03214,310,3,110636.5,1,1,1,3,Lost Customers
C01456,121,4,110635.5,2,2,1,5,At Risk
C14710,49,3,110627.0,3,1,1,5,At Risk
C12379,79,5,110606.0,3,3,1,7,Potential Customers
C03625,1,5,110564.5,5,3,1,9,Potential Customers
C06579,7,3,110558.0,5,1,1,7,Potential Customers
C06657,16,5,110558.0,5,3,1,9,Potential Customers
C13793,2,3,110545.0,5,1,1,7,Potential Customers
C03169,64,5,110528.5,3,3,1,7,Potential Customers
C12787,15,4,110513.0,5,2,1,8,Potential Customers
C12077,392,2,110471.0,1,1,1,3,Lost Customers
C03004,52,3,110464.5,3,1,1,5,At Risk
C11388,374,4,110464.0,1,2,1,4,At Risk
C17182,5,2,110440.0,5,1,1,7,Potential Customers
C05284,144,3,110437.5,2,1,1,4,At Risk
C01445,291,4,110407.0,1,2,1,4,At Risk
C02022,50,4,110285.5,3,2,1,6,At Risk
C12778,251,4,110282.5,1,2,1,4,At Risk
C19617,52,3,110281.5,3,1,1,5,At Risk
C16771,139,5,110278.5,2,3,1,6,At Risk
C19613,51,1,110220.5,3,1,1,5,At Risk
C19152,11,3,110220.0,5,1,1,7,Potential Customers
C08665,61,2,110190.0,3,1,1,5,At Risk
C05084,66,4,110177.5,3,2,1,6,At Risk
C17518,73,3,110177.0,3,1,1,5,At Risk
C04477,39,5,110171.0,4,3,1,8,Potential Customers
C00172,50,7,110159.5,3,4,1,8,Potential Customers
C14765,61,3,110141.5,3,1,1,5,At Risk
C13913,34,3,110127.0,4,1,1,6,At Risk
C18731,155,2,110127.0,2,1,1,4,At Risk
C01224,42,3,110113.0,3,1,1,5,At Risk
C03009,170,3,110100.0,2,1,1,4,At Risk
C00506,45,1,110069.0,3,1,1,5,At Risk
C18261,40,3,110060.5,3,1,1,5,At Risk
C10398,553,1,110058.0,1,1,1,3,Lost Customers
C07853,291,2,110050.0,1,1,1,3,Lost Customers
C17080,24,3,110007.5,4,1,1,6,At Risk
C15962,116,3,109981.5,2,1,1,4,At Risk
C16093,58,4,109968.0,3,2,1,6,At Risk
C07151,29,5,109947.5,4,3,1,8,Potential Customers
C07072,24,3,109932.5,4,1,1,6,At Risk
C07777,4,3,109930.0,5,1,1,7,Potential Customers
C16876,12,4,109924.5,5,2,1,8,Potential Customers
C16729,352,4,109924.5,1,2,1,4,At Risk
C05357,338,3,109912.5,1,1,1,3,Lost Customers
C09329,53,4,109903.5,3,2,1,6,At Risk
C15344,49,5,109890.0,3,3,1,7,Potential Customers
C13374,21,2,109876.5,4,1,1,6,At Risk
C14883,12,6,109873.0,5,3,1,9,Potential Customers
C18302,177,7,109862.5,2,4,1,7,Potential Customers
C11951,32,4,109860.5,4,2,1,7,Potential Customers
C11195,248,2,109836.0,1,1,1,3,Lost Customers
C10643,1,4,109828.0,5,2,1,8,Potential Customers
C02935,32,6,109802.0,4,3,1,8,Potential Customers
C15678,34,2,109792.5,4,1,1,6,At Risk
C04591,249,2,109786.0,1,1,1,3,Lost Customers
C03387,8,5,109775.0,5,3,1,9,Potential Customers
C03694,5,5,109774.5,5,3,1,9,Potential Customers
C18577,9,5,109760.5,5,3,1,9,Potential Customers
C19076,65,3,109759.5,3,1,1,5,At Risk
C02242,119,4,109755.5,2,2,1,5,At Risk
C08930,70,3,109736.0,3,1,1,5,At Risk
C01975,98,6,109707.0,2,3,1,6,At Risk
C01482,357,4,109638.0,1,2,1,4,At Risk
C14527,89,4,109622.0,2,2,1,5,At Risk
C03226,30,5,109590.0,4,3,1,8,Potential Customers
C10209,25,2,109580.0,4,1,1,6,At Risk
C12102,424,3,109524.0,1,1,1,3,Lost Customers
C05248,4,5,109522.0,5,3,1,9,Potential Customers
C00019,90,2,109453.5,2,1,1,4,At Risk
C02737,13,4,109444.5,5,2,1,8,Potential Customers
C14797,180,3,109441.0,2,1,1,4,At Risk
C06103,6,3,109411.0,5,1,1,7,Potential Customers
C08179,168,2,109376.5,2,1,1,4,At Risk
C07694,14,4,109367.5,5,2,1,8,Potential Customers
C16644,3,4,109356.5,5,2,1,8,Potential Customers
C04072,60,2,109348.0,3,1,1,5,At Risk
C09566,45,3,109333.0,3,1,1,5,At Risk
C12693,10,5,109330.5,5,3,1,9,Potential Customers
C01579,152,3,109284.0,2,1,1,4,At Risk
C15825,3,5,109283.5,5,3,1,9,Potential Customers
C07712,24,2,109214.5,4,1,1,6,At Risk
C07092,173,3,109209.0,2,1,1,4,At Risk
C00793,66,5,109202.5,3,3,1,7,Potential Customers
C02944,269,1,109196.0,1,1,1,3,Lost Customers
C07879,14,5,109147.0,5,3,1,9,Potential Customers
C15247,77,3,109137.0,3,1,1,5,At Risk
C17483,63,2,109120.0,3,1,1,5,At Risk
C04024,224,3,109103.5,1,1,1,3,Lost Customers
C11854,108,3,109064.5,2,1,1,4,At Risk
C04523,63,3,109037.0,3,1,1,5,At Risk
C07066,212,3,109017.0,1,1,1,3,Lost Customers
C03098,55,6,109013.0,3,3,1,7,Potential Customers
C06449,98,2,108985.5,2,1,1,4,At Risk
C00088,18,3,108977.5,4,1,1,6,At Risk
C15028,7,4,108950.0,5,2,1,8,Potential Customers
C13757,74,2,108943.0,3,1,1,5,At Risk
C01392,49,4,108937.5,3,2,1,6,At Risk
C01664,71,4,108931.0,3,2,1,6,At Risk
C14546,186,4,108916.0,1,2,1,4,At Risk
C15169,141,4,108878.5,2,2,1,5,At Risk
C02482,222,4,108876.0,1,2,1,4,At Risk
C07909,5,4,108837.0,5,2,1,8,Potential Customers
C16052,207,2,108807.5,1,1,1,3,Lost Customers
C18304,6,4,108770.0,5,2,1,8,Potential Customers
C07178,33,4,108733.0,4,2,1,7,Potential Customers
C18503,28,3,108727.0,4,1,1,6,At Risk
C11328,10,5,108674.0,5,3,1,9,Potential Customers
C04299,144,2,108651.5,2,1,1,4,At Risk
C08364,5,8,108649.0,5,4,1,10,Loyal Customers
C03728,57,6,108636.0,3,3,1,7,Potential Customers
C01644,8,5,108609.0,5,3,1,9,Potential Customers
C11776,9,5,108602.5,5,3,1,9,Potential Customers
C02239,13,4,108542.0,5,2,1,8,Potential Customers
C06007,20,5,108537.5,4,3,1,8,Potential Customers
C00806,106,5,108518.5,2,3,1,6,At Risk
C19810,48,2,108460.5,3,1,1,5,At Risk
C09293,98,2,108413.0,2,1,1,4,At Risk
C08088,159,4,108411.0,2,2,1,5,At Risk
C02678,80,2,108381.0,2,1,1,4,At Risk
C16600,1,5,108376.5,5,3,1,9,Potential Customers
C17833,5,5,108337.5,5,3,1,9,Potential Customers
C19800,114,6,108333.0,2,3,1,6,At Risk
C07819,54,3,108319.5,3,1,1,5,At Risk
C08157,19,6,108291.0,4,3,1,8,Potential Customers
C14646,246,4,108228.0,1,2,1,4,At Risk
C11568,92,3,108202.0,2,1,1,4,At Risk
C15541,55,5,108118.5,3,3,1,7,Potential Customers
C06896,42,1,108106.0,3,1,1,5,At Risk
C10488,1,3,108086.5,5,1,1,7,Potential Customers
C06972,134,4,108081.5,2,2,1,5,At Risk
C01519,9,6,108071.5,5,3,1,9,Potential Customers
C18344,73,4,108050.0,3,2,1,6,At Risk
C17197,8,3,108047.0,5,1,1,7,Potential Customers
C17825,142,2,108026.5,2,1,1,4,At Risk
C01526,28,4,108022.0,4,2,1,7,Potential Customers
C09827,48,4,108000.0,3,2,1,6,At Risk
C02158,14,4,107988.5,5,2,1,8,Potential Customers
C12346,41,5,107977.5,3,3,1,7,Potential Customers
C13455,7,3,107971.0,5,1,1,7,Potential Customers
C05427,7,3,107960.5,5,1,1,7,Potential Customers
C18233,115,3,107960.0,2,1,1,4,At Risk
C18363,249,4,107954.5,1,2,1,4,At Risk
C07313,48,3,107928.5,3,1,1,5,At Risk
C19105,31,3,107899.0,4,1,1,6,At Risk
C01979,23,4,107886.5,4,2,1,7,Potential Customers
C18543,20,5,107878.0,4,3,1,8,Potential Customers
C01346,7,3,107774.5,5,1,1,7,Potential Customers
C05502,12,5,107742.5,5,3,1,9,Potential Customers
C15873,275,4,107739.5,1,2,1,4,At Risk
C07106,44,3,107716.5,3,1,1,5,At Risk
C18961,16,3,107711.5,5,1,1,7,Potential Customers
C08992,187,6,107711.0,1,3,1,5,At Risk
C16301,42,2,107687.0,3,1,1,5,At Risk
C18797,30,4,107684.0,4,2,1,7,Potential Customers
C04774,125,4,107657.5,2,2,1,5,At Risk
C00594,324,1,107581.0,1,1,1,3,Lost Customers
C11849,21,3,107570.0,4,1,1,6,At Risk
C03937,38,6,107456.0,4,3,1,8,Potential Customers
C05881,357,2,107452.0,1,1,1,3,Lost Customers
C14163,162,5,107420.5,2,3,1,6,At Risk
C14191,216,2,107378.0,1,1,1,3,Lost Customers
C16869,2,4,107371.0,5,2,1,8,Potential Customers
C00332,34,4,107365.0,4,2,1,7,Potential Customers
C17634,28,2,107357.5,4,1,1,6,At Risk
C14654,50,4,107335.5,3,2,1,6,At Risk
C09246,2,5,107325.5,5,3,1,9,Potential Customers
C19330,98,4,107320.0,2,2,1,5,At Risk
C04853,9,3,107282.5,5,1,1,7,Potential Customers
C11837,70,2,107265.5,3,1,1,5,At Risk
C07445,29,5,107262.0,4,3,1,8,Potential Customers
C19592,15,4,107257.5,5,2,1,8,Potential Customers
C11442,253,5,107253.0,1,3,1,5,At Risk
C10786,494,2,107241.5,1,1,1,3,Lost Customers
C12820,192,2,107199.0,1,1,1,3,Lost Customers
C03312,48,2,107196.5,3,1,1,5,At Risk
C08808,156,2,107195.0,2,1,1,4,At Risk
C02724,30,5,107169.5,4,3,1,8,Potential Customers
C06442,208,4,107151.0,1,2,1,4,At Risk
C04236,28,3,107101.0,4,1,1,6,At Risk
C18311,36,3,107081.5,4,1,1,6,At Risk
C06025,4,3,107072.5,5,1,1,7,Potential Customers
C02226,219,2,107057.0,1,1,1,3,Lost Customers
C19601,54,3,107055.5,3,1,1,5,At Risk
C00725,39,3,107051.5,4,1,1,6,At Risk
C07496,3,6,107045.0,5,3,1,9,Potential Customers
C16539,21,4,107031.0,4,2,1,7,Potential Customers
C01261,53,3,107027.0,3,1,1,5,At Risk
C07514,214,1,107022.5,1,1,1,3,Lost Customers
C13773,254,5,107017.0,1,3,1,5,At Risk
C05871,293,1,107012.0,1,1,1,3,Lost Customers
C10645,16,4,106992.0,5,2,1,8,Potential Customers
C08196,60,5,106977.5,3,3,1,7,Potential Customers
C00532,12,5,106968.0,5,3,1,9,Potential Customers
C05832,29,5,106967.0,4,3,1,8,Potential Customers
C14590,4,3,106958.0,5,1,1,7,Potential Customers
C18227,14,2,106944.0,5,1,1,7,Potential Customers
C12911,211,5,106942.5,1,3,1,5,At Risk
C04032,246,5,106884.0,1,3,1,5,At Risk
C06058,209,3,106873.5,1,1,1,3,Lost Customers
C15265,195,5,106861.5,1,3,1,5,At Risk
C18903,37,4,106770.5,4,2,1,7,Potential Customers
C11490,33,6,106769.0,4,3,1,8,Potential Customers
C12236,19,4,106757.5,4,2,1,7,Potential Customers
C12122,6,2,106740.0,5,1,1,7,Potential Customers
C01009,28,4,106725.0,4,2,1,7,Potential Customers
C06513,14,5,106722.5,5,3,1,9,Potential Customers
C11982,193,6,106715.5,1,3,1,5,At Risk
C04668,97,3,106693.5,2,1,1,4,At Risk
C16628,120,3,106683.0,2,1,1,4,At Risk
C01517,37,5,106680.5,4,3,1,8,Potential Customers
C00541,19,5,106676.5,4,3,1,8,Potential Customers
C00009,113,4,106676.0,2,2,1,5,At Risk
C09355,82,6,106662.5,2,3,1,6,At Risk
C12295,159,2,106625.0,2,1,1,4,At Risk
C19471,21,5,106616.5,4,3,1,8,Potential Customers
C01531,54,4,106604.0,3,2,1,6,At Risk
C01816,327,5,106592.0,1,3,1,5,At Risk
C12213,15,3,106586.0,5,1,1,7,Potential Customers
C12130,5,3,106560.5,5,1,1,7,Potential Customers
C18650,43,4,106558.0,3,2,1,6,At Risk
C02708,29,3,106542.5,4,1,1,6,At Risk
C07692,7,4,106506.0,5,2,1,8,Potential Customers
C05195,4,5,106496.5,5,3,1,9,Potential Customers
C06604,36,2,106493.5,4,1,1,6,At Risk
C04802,1,4,106480.5,5,2,1,8,Potential Customers
C01824,88,2,106432.5,2,1,1,4,At Risk
C07412,78,3,106432.0,3,1,1,5,At Risk
C04555,7,5,106399.5,5,3,1,9,Potential Customers
C00603,18,3,106390.5,4,1,1,6,At Risk
C03617,40,4,106374.5,3,2,1,6,At Risk
C14415,135,4,106374.0,2,2,1,5,At Risk
C02430,92,6,106355.5,2,3,1,6,At Risk
C09153,99,3,106283.0,2,1,1,4,At Risk
C18293,43,4,106273.5,3,2,1,6,At Risk
C14312,240,4,106237.0,1,2,1,4,At Risk
C08737,174,3,106171.5,2,1,1,4,At Risk
C01474,137,2,106130.0,2,1,1,4,At Risk
C02791,220,5,106113.0,1,3,1,5,At Risk
C11203,116,4,106107.0,2,2,1,5,At Risk
C17419,347,2,106063.0,1,1,1,3,Lost Customers
C00457,87,5,106015.5,2,3,1,6,At Risk
C12754,6,3,106003.5,5,1,1,7,Potential Customers
C08800,12,3,105971.0,5,1,1,7,Potential Customers
C12439,76,2,105891.0,3,1,1,5,At Risk
C14168,2,7,105890.0,5,4,1,10,Loyal Customers
C07374,144,2,105869.5,2,1,1,4,At Risk
C18192,16,6,105869.0,5,3,1,9,Potential Customers
C07200,98,3,105780.5,2,1,1,4,At Risk
C16727,212,2,105775.0,1,1,1,3,Lost Customers
C15788,313,4,105721.0,1,2,1,4,At Risk
C04429,44,4,105686.5,3,2,1,6,At Risk
C17624,47,5,105686.5,3,3,1,7,Potential Customers
C05026,42,4,105648.5,3,2,1,6,At Risk
C15854,14,5,105621.0,5,3,1,9,Potential Customers
C19154,70,5,105616.0,3,3,1,7,Potential Customers
C16577,135,4,105594.0,2,2,1,5,At Risk
C17925,26,5,105585.5,4,3,1,8,Potential Customers
C10245,454,2,105580.0,1,1,1,3,Lost Customers
C18700,42,4,105546.0,3,2,1,6,At Risk
C12119,527,3,105541.0,1,1,1,3,Lost Customers
C11885,94,4,105517.0,2,2,1,5,At Risk
C18529,5,4,105492.5,5,2,1,8,Potential Customers
C10112,226,2,105458.0,1,1,1,3,Lost Customers
C14718,23,5,105453.0,4,3,1,8,Potential Customers
C17093,13,4,105435.5,5,2,1,8,Potential Customers
C19146,2,3,105415.0,5,1,1,7,Potential Customers
C00362,3,5,105403.0,5,3,1,9,Potential Customers
C02118,45,4,105396.0,3,2,1,6,At Risk
C16459,1,7,105361.5,5,4,1,10,Loyal Customers
C19506,49,2,105344.5,3,1,1,5,At Risk
C06043,38,5,105343.0,4,3,1,8,Potential Customers
C01251,132,3,105327.5,2,1,1,4,At Risk
C11173,294,3,105312.0,1,1,1,3,Lost Customers
C01200,312,4,105282.5,1,2,1,4,At Risk
C16667,13,4,105281.5,5,2,1,8,Potential Customers
C16843,12,1,105269.0,5,1,1,7,Potential Customers
C17823,112,4,105246.0,2,2,1,5,At Risk
C08538,89,5,105233.0,2,3,1,6,At Risk
C07506,256,4,105222.5,1,2,1,4,At Risk
C01005,93,5,105163.5,2,3,1,6,At Risk
C00098,31,2,105152.0,4,1,1,6,At Risk
C19306,20,2,105117.0,4,1,1,6,At Risk
C12526,7,4,105105.0,5,2,1,8,Potential Customers
C16688,6,3,105102.0,5,1,1,7,Potential Customers
C14242,91,3,105099.0,2,1,1,4,At Risk
C01888,103,2,105060.0,2,1,1,4,At Risk
C13768,3,3,105021.0,5,1,1,7,Potential Customers
C06751,187,3,105000.5,1,1,1,3,Lost Customers
C02366,370,3,104999.0,1,1,1,3,Lost Customers
C02579,46,3,104983.5,3,1,1,5,At Risk
C01958,17,4,104909.0,5,2,1,8,Potential Customers
C16988,54,5,104906.0,3,3,1,7,Potential Customers
C02667,98,3,104881.5,2,1,1,4,At Risk
C10514,22,2,104871.5,4,1,1,6,At Risk
C03451,229,4,104781.0,1,2,1,4,At Risk
C12502,216,4,104765.5,1,2,1,4,At Risk
C06356,21,6,104759.0,4,3,1,8,Potential Customers
C01203,34,3,104744.5,4,1,1,6,At Risk
C11260,100,3,104742.5,2,1,1,4,At Risk
C12897,1,3,104729.0,5,1,1,7,Potential Customers
C03491,17,6,104725.0,5,3,1,9,Potential Customers
C02804,50,5,104712.0,3,3,1,7,Potential Customers
C09906,4,3,104710.5,5,1,1,7,Potential Customers
C17547,232,3,104703.0,1,1,1,3,Lost Customers
C19684,155,2,104584.0,2,1,1,4,At Risk
C03103,21,3,104568.0,4,1,1,6,At Risk
C14373,64,4,104536.0,3,2,1,6,At Risk
C10348,176,4,104484.0,2,2,1,5,At Risk
C17072,163,3,104457.0,2,1,1,4,At Risk
C03685,294,3,104454.5,1,1,1,3,Lost Customers
C01196,507,2,104444.5,1,1,1,3,Lost Customers
C13159,27,4,104438.0,4,2,1,7,Potential Customers
C06307,70,6,104417.0,3,3,1,7,Potential Customers
C16968,39,3,104415.0,4,1,1,6,At Risk
C05740,40,5,104410.0,3,3,1,7,Potential Customers
C04167,11,3,104406.0,5,1,1,7,Potential Customers
C02596,332,6,104392.5,1,3,1,5,At Risk
C07738,68,2,104367.0,3,1,1,5,At Risk
C10799,36,4,104357.5,4,2,1,7,Potential Customers
C05281,7,2,104351.0,5,1,1,7,Potential Customers
C09230,125,2,104342.0,2,1,1,4,At Risk
C17097,103,2,104330.5,2,1,1,4,At Risk
C19606,52,3,104320.0,3,1,1,5,At Risk
C07657,210,3,104305.5,1,1,1,3,Lost Customers
C13801,268,2,104288.5,1,1,1,3,Lost Customers
C06905,56,5,104189.5,3,3,1,7,Potential Customers
C19318,1,3,104189.5,5,1,1,7,Potential Customers
C10788,1,2,104172.0,5,1,1,7,Potential Customers
C16489,19,5,104126.0,4,3,1,8,Potential Customers
C09733,154,4,104112.5,2,2,1,5,At Risk
C11675,148,4,104112.0,2,2,1,5,At Risk
C02057,117,3,104110.5,2,1,1,4,At Risk
C03306,65,3,104090.5,3,1,1,5,At Risk
C18777,222,2,104072.0,1,1,1,3,Lost Customers
C01592,209,3,104051.5,1,1,1,3,Lost Customers
C04950,16,2,104037.5,5,1,1,7,Potential Customers
C01477,111,3,104020.0,2,1,1,4,At Risk
C12755,107,2,103999.0,2,1,1,4,At Risk
C05488,215,3,103988.5,1,1,1,3,Lost Customers
C06920,55,4,103851.5,3,2,1,6,At Risk
C14709,280,4,103836.0,1,2,1,4,At Risk
C10745,52,3,103828.5,3,1,1,5,At Risk
C14123,141,3,103791.5,2,1,1,4,At Risk
C19369,39,3,103787.5,4,1,1,6,At Risk
C13012,2,4,103778.5,5,2,1,8,Potential Customers
C02274,33,2,103778.0,4,1,1,6,At Risk
C06755,18,3,103763.5,4,1,1,6,At Risk
C13404,96,4,103753.0,2,2,1,5,At Risk
C17585,27,4,103745.5,4,2,1,7,Potential Customers
C09360,37,5,103742.5,4,3,1,8,Potential Customers
C16862,60,3,103736.5,3,1,1,5,At Risk
C05844,52,4,103733.0,3,2,1,6,At Risk
C16759,30,3,103713.5,4,1,1,6,At Risk
C00696,35,3,103694.5,4,1,1,6,At Risk
C07575,68,4,103682.5,3,2,1,6,At Risk
C09133,31,5,103627.5,4,3,1,8,Potential Customers
C02746,9,2,103593.0,5,1,1,7,Potential Customers
C05800,56,3,103589.5,3,1,1,5,At Risk
C16286,305,3,103583.0,1,1,1,3,Lost Customers
C09892,5,4,103559.0,5,2,1,8,Potential Customers
C18097,222,4,103531.5,1,2,1,4,At Risk
C19191,13,6,103507.0,5,3,1,9,Potential Customers
C05382,65,4,103505.5,3,2,1,6,At Risk
C06045,82,6,103455.0,2,3,1,6,At Risk
C07671,9,4,103450.0,5,2,1,8,Potential Customers
C17473,89,4,103447.5,2,2,1,5,At Risk
C01332,41,5,103434.0,3,3,1,7,Potential Customers
C18681,8,5,103414.0,5,3,1,9,Potential Customers
C15946,143,2,103364.0,2,1,1,4,At Risk
C14517,1,4,103363.0,5,2,1,8,Potential Customers
C01550,72,3,103313.0,3,1,1,5,At Risk
C04643,20,2,103309.5,4,1,1,6,At Risk
C06497,147,3,103305.0,2,1,1,4,At Risk
C19485,281,4,103273.5,1,2,1,4,At Risk
C02180,104,2,103254.0,2,1,1,4,At Risk
C01892,42,4,103234.0,3,2,1,6,At Risk
C07480,127,2,103196.0,2,1,1,4,At Risk
C05921,41,6,103161.0,3,3,1,7,Potential Customers
C13528,85,3,103121.0,2,1,1,4,At Risk
C07921,58,2,103121.0,3,1,1,5,At Risk
C14424,261,3,103100.0,1,1,1,3,Lost Customers
C00877,96,3,103088.5,2,1,1,4,At Risk
C07336,74,2,103071.5,3,1,1,5,At Risk
C14846,226,3,103051.0,1,1,1,3,Lost Customers
C08415,60,6,103044.0,3,3,1,7,Potential Customers
C00164,9,5,103038.5,5,3,1,9,Potential Customers
C19254,1,5,103037.5,5,3,1,9,Potential Customers
C10667,8,2,103026.5,5,1,1,7,Potential Customers
C04254,63,3,102999.5,3,1,1,5,At Risk
C07220,130,4,102980.5,2,2,1,5,At Risk
C06424,6,3,102940.0,5,1,1,7,Potential Customers
C02674,99,4,102920.0,2,2,1,5,At Risk
C04075,51,3,102889.0,3,1,1,5,At Risk
C18376,61,2,102875.0,3,1,1,5,At Risk
C06798,8,3,102874.5,5,1,1,7,Potential Customers
C17103,102,5,102845.5,2,3,1,6,At Risk
C14515,144,2,102838.5,2,1,1,4,At Risk
C14717,17,2,102804.0,5,1,1,7,Potential Customers
C14184,2,6,102768.0,5,3,1,9,Potential Customers
C12235,111,3,102710.0,2,1,1,4,At Risk
C02553,26,3,102708.5,4,1,1,6,At Risk
C07959,135,3,102696.0,2,1,1,4,At Risk
C12225,4,5,102667.5,5,3,1,9,Potential Customers
C01056,72,3,102662.0,3,1,1,5,At Risk
C10083,1,4,102637.0,5,2,1,8,Potential Customers
C19808,14,2,102621.5,5,1,1,7,Potential Customers
C13947,47,2,102617.0,3,1,1,5,At Risk
C14904,26,4,102611.5,4,2,1,7,Potential Customers
C18665,48,2,102541.5,3,1,1,5,At Risk
C06334,79,3,102515.0,3,1,1,5,At Risk
C10313,195,3,102495.5,1,1,1,3,Lost Customers
C05683,32,3,102495.0,4,1,1,6,At Risk
C13226,72,4,102462.5,3,2,1,6,At Risk
C09010,19,5,102456.5,4,3,1,8,Potential Customers
C01198,4,3,102431.0,5,1,1,7,Potential Customers
C18557,6,4,102419.0,5,2,1,8,Potential Customers
C12520,3,2,102399.5,5,1,1,7,Potential Customers
C17937,118,3,102359.0,2,1,1,4,At Risk
C09261,5,4,102343.5,5,2,1,8,Potential Customers
C16134,122,3,102341.5,2,1,1,4,At Risk
C19558,101,4,102332.5,2,2,1,5,At Risk
C18102,4,4,102309.0,5,2,1,8,Potential Customers
C13241,67,4,102297.5,3,2,1,6,At Risk
C05522,93,4,102295.5,2,2,1,5,At Risk
C16740,36,4,102272.0,4,2,1,7,Potential Customers
C08351,137,1,102250.0,2,1,1,4,At Risk
C16546,23,2,102232.0,4,1,1,6,At Risk
C17164,199,2,102168.5,1,1,1,3,Lost Customers
C01527,18,5,102156.5,4,3,1,8,Potential Customers
C08305,111,2,102102.0,2,1,1,4,At Risk
C15902,17,7,102097.0,5,4,1,10,Loyal Customers
C10642,33,3,102015.5,4,1,1,6,At Risk
C04576,6,6,102002.0,5,3,1,9,Potential Customers
C03790,59,4,101977.0,3,2,1,6,At Risk
C12183,15,5,101976.0,5,3,1,9,Potential Customers
C18722,244,4,101966.0,1,2,1,4,At Risk
C03005,42,3,101964.5,3,1,1,5,At Risk
C10237,18,5,101911.0,4,3,1,8,Potential Customers
C18141,6,4,101902.5,5,2,1,8,Potential Customers
C10252,12,6,101854.5,5,3,1,9,Potential Customers
C12572,2,4,101851.0,5,2,1,8,Potential Customers
C16517,64,5,101847.5,3,3,1,7,Potential Customers
C12948,73,3,101825.0,3,1,1,5,At Risk
C18657,7,5,101822.5,5,3,1,9,Potential Customers
C04431,15,6,101761.0,5,3,1,9,Potential Customers
C04872,411,3,101750.0,1,1,1,3,Lost Customers
C07922,228,3,101742.5,1,1,1,3,Lost Customers
C06175,59,5,101740.0,3,3,1,7,Potential Customers
C06955,126,4,101716.5,2,2,1,5,At Risk
C14495,146,3,101706.5,2,1,1,4,At Risk
C10727,182,3,101690.0,1,1,1,3,Lost Customers
C13334,24,5,101670.5,4,3,1,8,Potential Customers
C14108,66,3,101664.5,3,1,1,5,At Risk
C03187,7,3,101638.5,5,1,1,7,Potential Customers
C15692,162,5,101624.5,2,3,1,6,At Risk
C13836,279,3,101565.0,1,1,1,3,Lost Customers
C07463,222,4,101533.0,1,2,1,4,At Risk
C07620,21,3,101491.5,4,1,1,6,At Risk
C12133,139,4,101485.0,2,2,1,5,At Risk
C08016,211,6,101473.0,1,3,1,5,At Risk
C02531,33,1,101449.5,4,1,1,6,At Risk
C09057,23,3,101414.5,4,1,1,6,At Risk
C02762,59,3,101391.5,3,1,1,5,At Risk
C05040,4,4,101390.5,5,2,1,8,Potential Customers
C02702,46,4,101387.0,3,2,1,6,At Risk
C03897,25,4,101386.5,4,2,1,7,Potential Customers
C13189,121,4,101382.0,2,2,1,5,At Risk
C00792,83,3,101381.5,2,1,1,4,At Risk
C04750,51,4,101374.0,3,2,1,6,At Risk
C18901,4,4,101337.5,5,2,1,8,Potential Customers
C10173,9,3,101324.0,5,1,1,7,Potential Customers
C02462,240,3,101320.0,1,1,1,3,Lost Customers
C15364,11,5,101303.5,5,3,1,9,Potential Customers
C13111,9,3,101295.0,5,1,1,7,Potential Customers
C03588,124,3,101291.5,2,1,1,4,At Risk
C08450,98,3,101267.0,2,1,1,4,At Risk
C18568,11,5,101244.0,5,3,1,9,Potential Customers
C06895,27,3,101218.0,4,1,1,6,At Risk
C19022,17,7,101216.0,5,4,1,10,Loyal Customers
C01447,38,6,101182.5,4,3,1,8,Potential Customers
C15154,39,3,101181.5,4,1,1,6,At Risk
C15029,15,2,101172.5,5,1,1,7,Potential Customers
C19736,245,4,101142.0,1,2,1,4,At Risk
C03018,43,3,101132.5,3,1,1,5,At Risk
C18620,244,5,101118.0,1,3,1,5,At Risk
C18172,16,4,101106.0,5,2,1,8,Potential Customers
C10952,48,4,101064.5,3,2,1,6,At Risk
C19271,69,2,101058.0,3,1,1,5,At Risk
C01716,41,2,101053.5,3,1,1,5,At Risk
C01430,327,2,101022.5,1,1,1,3,Lost Customers
C01287,48,3,101014.5,3,1,1,5,At Risk
C12591,29,5,100956.5,4,3,1,8,Potential Customers
C05221,103,2,100941.5,2,1,1,4,At Risk
C10105,28,7,100936.5,4,4,1,9,Potential Customers
C02481,69,4,100922.5,3,2,1,6,At Risk
C08616,28,3,100879.5,4,1,1,6,At Risk
C12437,11,4,100859.0,5,2,1,8,Potential Customers
C04828,232,3,100857.0,1,1,1,3,Lost Customers
C19319,63,3,100798.5,3,1,1,5,At Risk
C11411,54,3,100794.0,3,1,1,5,At Risk
C09202,112,3,100753.0,2,1,1,4,At Risk
C08303,11,3,100748.0,5,1,1,7,Potential Customers
C06190,4,4,100668.5,5,2,1,8,Potential Customers
C04679,153,2,100611.5,2,1,1,4,At Risk
C15237,45,4,100535.0,3,2,1,6,At Risk
C10439,359,3,100496.0,1,1,1,3,Lost Customers
C02263,25,3,100490.5,4,1,1,6,At Risk
C09567,133,3,100472.0,2,1,1,4,At Risk
C18117,29,5,100448.5,4,3,1,8,Potential Customers
C04722,37,2,100423.0,4,1,1,6,At Risk
C15020,45,3,100403.5,3,1,1,5,At Risk
C05554,120,2,100377.0,2,1,1,4,At Risk
C00458,29,2,100346.0,4,1,1,6,At Risk
C16579,10,3,100282.0,5,1,1,7,Potential Customers
C14622,17,4,100275.5,5,2,1,8,Potential Customers
C01089,6,4,100263.5,5,2,1,8,Potential Customers
C10189,39,3,100231.0,4,1,1,6,At Risk
C17446,32,5,100221.0,4,3,1,8,Potential Customers
C19653,8,2,100203.5,5,1,1,7,Potential Customers
C03765,1,2,100145.0,5,1,1,7,Potential Customers
C05709,77,4,100124.5,3,2,1,6,At Risk
C01510,84,4,100111.0,2,2,1,5,At Risk
C15860,6,5,100105.5,5,3,1,9,Potential Customers
C15766,67,4,100098.5,3,2,1,6,At Risk
C01797,106,5,100089.5,2,3,1,6,At Risk
C09718,1,4,100088.0,5,2,1,8,Potential Customers
C08237,25,3,100080.5,4,1,1,6,At Risk
C10793,16,3,100073.0,5,1,1,7,Potential Customers
C17687,197,2,100053.0,1,1,1,3,Lost Customers
C06289,206,1,100032.0,1,1,1,3,Lost Customers
C05601,52,5,100020.0,3,3,1,7,Potential Customers
C14103,4,3,100012.0,5,1,1,7,Potential Customers
C03547,220,4,100008.0,1,2,1,4,At Risk
C07416,159,4,99967.0,2,2,1,5,At Risk
C18155,2,7,99902.5,5,4,1,10,Loyal Customers
C09423,194,3,99880.0,1,1,1,3,Lost Customers
C01994,21,6,99874.0,4,3,1,8,Potential Customers
C15210,197,3,99865.5,1,1,1,3,Lost Customers
C03696,35,4,99832.0,4,2,1,7,Potential Customers
C10003,15,5,99814.5,5,3,1,9,Potential Customers
C03119,101,3,99766.0,2,1,1,4,At Risk
C16907,2,2,99744.0,5,1,1,7,Potential Customers
C01342,4,4,99743.0,5,2,1,8,Potential Customers
C18675,232,2,99714.5,1,1,1,3,Lost Customers
C02397,1,4,99701.5,5,2,1,8,Potential Customers
C14502,26,7,99664.0,4,4,1,9,Potential Customers
C08095,146,3,99657.0,2,1,1,4,At Risk
C12003,28,5,99636.5,4,3,1,8,Potential Customers
C18926,188,4,99630.5,1,2,1,4,At Risk
C03697,115,2,99560.0,2,1,1,4,At Risk
C14573,128,3,99544.5,2,1,1,4,At Risk
C00953,22,5,99530.0,4,3,1,8,Potential Customers
C06383,6,4,99492.5,5,2,1,8,Potential Customers
C00307,491,4,99489.0,1,2,1,4,At Risk
C18493,16,3,99462.5,5,1,1,7,Potential Customers
C01963,20,4,99447.5,4,2,1,7,Potential Customers
C05133,1,5,99416.0,5,3,1,9,Potential Customers
C10394,54,3,99395.0,3,1,1,5,At Risk
C00649,161,3,99360.0,2,1,1,4,At Risk
C08400,25,2,99359.5,4,1,1,6,At Risk
C07769,72,3,99359.0,3,1,1,5,At Risk
C08842,404,2,99317.5,1,1,1,3,Lost Customers
C09478,103,6,99279.0,2,3,1,6,At Risk
C13377,181,4,99207.5,1,2,1,4,At Risk
C07609,132,7,99173.5,2,4,1,7,Potential Customers
C13837,67,3,99150.5,3,1,1,5,At Risk
C12302,78,5,99121.5,3,3,1,7,Potential Customers
C08873,12,5,99112.5,5,3,1,9,Potential Customers
C17940,1,5,99072.5,5,3,1,9,Potential Customers
C02655,77,2,99056.0,3,1,1,5,At Risk
C13563,3,4,99053.5,5,2,1,8,Potential Customers
C14126,41,5,99035.5,3,3,1,7,Potential Customers
C04195,295,2,99019.0,1,1,1,3,Lost Customers
C00432,11,3,98989.5,5,1,1,7,Potential Customers
C14905,77,3,98983.0,3,1,1,5,At Risk
C09099,11,3,98950.0,5,1,1,7,Potential Customers
C05809,32,4,98950.0,4,2,1,7,Potential Customers
C12981,195,3,98901.5,1,1,1,3,Lost Customers
C05893,48,3,98882.5,3,1,1,5,At Risk
C11026,240,1,98880.5,1,1,1,3,Lost Customers
C17410,32,2,98870.0,4,1,1,6,At Risk
C18265,175,2,98863.0,2,1,1,4,At Risk
C06567,46,3,98843.0,3,1,1,5,At Risk
C16014,85,1,98838.5,2,1,1,4,At Risk
C18315,3,2,98831.0,5,1,1,7,Potential Customers
C05297,9,5,98822.0,5,3,1,9,Potential Customers
C16024,5,5,98795.0,5,3,1,9,Potential Customers
C05129,46,4,98747.5,3,2,1,6,At Risk
C09026,4,3,98738.5,5,1,1,7,Potential Customers
C00751,7,3,98735.0,5,1,1,7,Potential Customers
C14043,215,3,98685.5,1,1,1,3,Lost Customers
C09015,73,5,98682.0,3,3,1,7,Potential Customers
C12180,91,6,98677.0,2,3,1,6,At Risk
C13376,146,4,98658.0,2,2,1,5,At Risk
C02406,140,3,98631.5,2,1,1,4,At Risk
C08861,146,4,98626.5,2,2,1,5,At Risk
C06265,70,2,98615.0,3,1,1,5,At Risk
C03457,7,6,98611.5,5,3,1,9,Potential Customers
C01878,463,3,98533.5,1,1,1,3,Lost Customers
C16022,14,4,98529.0,5,2,1,8,Potential Customers
C18942,19,3,98526.5,4,1,1,6,At Risk
C19582,17,3,98515.0,5,1,1,7,Potential Customers
C08655,276,2,98491.0,1,1,1,3,Lost Customers
C06359,1,2,98467.0,5,1,1,7,Potential Customers
C05902,37,6,98461.0,4,3,1,8,Potential Customers
C19504,19,3,98441.0,4,1,1,6,At Risk
C08322,119,5,98439.0,2,3,1,6,At Risk
C16410,337,1,98433.5,1,1,1,3,Lost Customers
C08131,166,2,98419.0,2,1,1,4,At Risk
C14448,34,5,98392.5,4,3,1,8,Potential Customers
C17372,47,3,98392.5,3,1,1,5,At Risk
C05199,95,2,98356.0,2,1,1,4,At Risk
C01518,90,1,98348.5,2,1,1,4,At Risk
C11828,132,3,98321.5,2,1,1,4,At Risk
C19797,184,2,98293.0,1,1,1,3,Lost Customers
C11030,117,3,98246.0,2,1,1,4,At Risk
C03952,20,4,98225.5,4,2,1,7,Potential Customers
C07160,93,3,98171.5,2,1,1,4,At Risk
C17872,175,3,98162.0,2,1,1,4,At Risk
C02379,37,2,98160.5,4,1,1,6,At Risk
C09622,177,4,98147.0,2,2,1,5,At Risk
C08852,54,6,98078.0,3,3,1,7,Potential Customers
C03529,17,4,98027.0,5,2,1,8,Potential Customers
C18277,83,3,98027.0,2,1,1,4,At Risk
C03377,71,3,98025.5,3,1,1,5,At Risk
C10165,228,2,98006.5,1,1,1,3,Lost Customers
C11172,55,4,97980.5,3,2,1,6,At Risk
C09239,169,2,97975.0,2,1,1,4,At Risk
C04243,482,2,97927.5,1,1,1,3,Lost Customers
C14758,331,1,97917.5,1,1,1,3,Lost Customers
C06962,56,4,97870.5,3,2,1,6,At Risk
C02386,26,3,97842.5,4,1,1,6,At Risk
C00966,1,2,97829.5,5,1,1,7,Potential Customers
C03402,30,3,97767.5,4,1,1,6,At Risk
C09655,136,2,97722.0,2,1,1,4,At Risk
C17827,65,4,97704.0,3,2,1,6,At Risk
C05153,80,4,97690.0,2,2,1,5,At Risk
C02577,2,3,97686.5,5,1,1,7,Potential Customers
C04472,180,2,97660.0,2,1,1,4,At Risk
C17177,296,4,97642.5,1,2,1,4,At Risk
C09318,38,5,97617.5,4,3,1,8,Potential Customers
C07457,284,1,97603.5,1,1,1,3,Lost Customers
C00335,267,4,97578.5,1,2,1,4,At Risk
C06018,91,6,97526.5,2,3,1,6,At Risk
C10821,135,3,97500.5,2,1,1,4,At Risk
C12920,215,4,97404.0,1,2,1,4,At Risk
C13158,2,2,97402.0,5,1,1,7,Potential Customers
C19680,4,2,97399.0,5,1,1,7,Potential Customers
C12954,172,3,97395.0,2,1,1,4,At Risk
C10577,11,6,97381.5,5,3,1,9,Potential Customers
C06648,14,4,97317.5,5,2,1,8,Potential Customers
C11514,165,4,97296.0,2,2,1,5,At Risk
C10269,213,3,97274.0,1,1,1,3,Lost Customers
C03298,116,3,97259.5,2,1,1,4,At Risk
C14571,7,4,97253.0,5,2,1,8,Potential Customers
C06211,9,6,97239.5,5,3,1,9,Potential Customers
C17139,51,4,97230.0,3,2,1,6,At Risk
C12049,23,4,97229.5,4,2,1,7,Potential Customers
C19208,4,6,97212.5,5,3,1,9,Potential Customers
C18166,227,3,97183.0,1,1,1,3,Lost Customers
C04506,46,3,97155.5,3,1,1,5,At Risk
C04731,41,3,97153.0,3,1,1,5,At Risk
C05754,51,3,97141.0,3,1,1,5,At Risk
C03433,172,3,97060.5,2,1,1,4,At Risk
C01873,2,3,97039.5,5,1,1,7,Potential Customers
C19088,35,3,97004.0,4,1,1,6,At Risk
C02289,13,4,96996.5,5,2,1,8,Potential Customers
C00805,100,3,96964.5,2,1,1,4,At Risk
C14353,22,3,96963.0,4,1,1,6,At Risk
C18176,117,3,96961.0,2,1,1,4,At Risk
C15957,153,4,96957.0,2,2,1,5,At Risk
C00612,135,4,96921.0,2,2,1,5,At Risk
C01583,45,5,96907.5,3,3,1,7,Potential Customers
C14891,166,2,96861.0,2,1,1,4,At Risk
C04008,11,2,96855.5,5,1,1,7,Potential Customers
C09088,265,2,96812.5,1,1,1,3,Lost Customers
C03073,10,2,96806.0,5,1,1,7,Potential Customers
C08072,23,3,96793.5,4,1,1,6,At Risk
C17640,5,3,96755.5,5,1,1,7,Potential Customers
C11488,115,3,96748.5,2,1,1,4,At Risk
C13864,25,6,96719.0,4,3,1,8,Potential Customers
C06101,61,5,96716.0,3,3,1,7,Potential Customers
C13707,191,2,96667.0,1,1,1,3,Lost Customers
C02115,154,3,96617.5,2,1,1,4,At Risk
C00467,23,4,96599.5,4,2,1,7,Potential Customers
C06615,214,5,96567.0,1,3,1,5,At Risk
C15637,127,3,96565.5,2,1,1,4,At Risk
C09087,54,4,96538.0,3,2,1,6,At Risk
C19581,4,4,96525.5,5,2,1,8,Potential Customers
C03136,6,4,96516.5,5,2,1,8,Potential Customers
C04358,53,5,96500.0,3,3,1,7,Potential Customers
C14555,168,3,96483.5,2,1,1,4,At Risk
C15041,11,4,96479.5,5,2,1,8,Potential Customers
C04982,8,6,96462.5,5,3,1,9,Potential Customers
C09038,72,4,96446.5,3,2,1,6,At Risk
C18898,353,2,96442.0,1,1,1,3,Lost Customers
C03548,20,4,96440.5,4,2,1,7,Potential Customers
C06635,18,4,96438.0,4,2,1,7,Potential Customers
C17257,3,3,96414.0,5,1,1,7,Potential Customers
C02491,5,2,96377.5,5,1,1,7,Potential Customers
C16391,109,3,96345.0,2,1,1,4,At Risk
C12136,73,4,96320.0,3,2,1,6,At Risk
C07605,223,3,96317.5,1,1,1,3,Lost Customers
C14270,23,4,96300.0,4,2,1,7,Potential Customers
C02730,15,2,96226.0,5,1,1,7,Potential Customers
C00717,13,1,96222.0,5,1,1,7,Potential Customers
C05912,7,2,96211.0,5,1,1,7,Potential Customers
C02148,7,3,96188.0,5,1,1,7,Potential Customers
C08935,82,4,96171.5,2,2,1,5,At Risk
C05116,5,4,96087.5,5,2,1,8,Potential Customers
C07143,71,3,96083.0,3,1,1,5,At Risk
C08805,5,3,96078.5,5,1,1,7,Potential Customers
C11463,29,4,96041.0,4,2,1,7,Potential Customers
C00299,167,3,96036.5,2,1,1,4,At Risk
C02399,21,4,96034.0,4,2,1,7,Potential Customers
C10156,131,2,96011.0,2,1,1,4,At Risk
C11366,150,3,95987.5,2,1,1,4,At Risk
C08577,15,4,95974.0,5,2,1,8,Potential Customers
C18813,450,4,95934.0,1,2,1,4,At Risk
C05915,5,4,95923.0,5,2,1,8,Potential Customers
C03622,18,2,95915.5,4,1,1,6,At Risk
C11048,104,3,95909.0,2,1,1,4,At Risk
C04695,40,3,95890.5,3,1,1,5,At Risk
C00731,18,3,95866.0,4,1,1,6,At Risk
C06206,137,4,95841.0,2,2,1,5,At Risk
C09138,21,3,95823.5,4,1,1,6,At Risk
C14356,215,1,95810.0,1,1,1,3,Lost Customers
C00941,160,2,95800.0,2,1,1,4,At Risk
C09580,59,5,95774.5,3,3,1,7,Potential Customers
C13629,254,2,95758.0,1,1,1,3,Lost Customers
C11276,62,2,95747.5,3,1,1,5,At Risk
C04172,43,4,95742.5,3,2,1,6,At Risk
C09964,36,2,95737.5,4,1,1,6,At Risk
C12121,520,3,95723.0,1,1,1,3,Lost Customers
C06616,3,2,95712.5,5,1,1,7,Potential Customers
C18969,45,2,95704.5,3,1,1,5,At Risk
C06269,27,4,95665.0,4,2,1,7,Potential Customers
C04373,73,4,95656.0,3,2,1,6,At Risk
C16028,62,3,95616.5,3,1,1,5,At Risk
C13684,5,4,95611.0,5,2,1,8,Potential Customers
C17237,51,4,95605.0,3,2,1,6,At Risk
C07825,76,3,95560.5,3,1,1,5,At Risk
C17627,2,4,95552.0,5,2,1,8,Potential Customers
C03006,27,5,95546.5,4,3,1,8,Potential Customers
C19131,385,3,95506.0,1,1,1,3,Lost Customers
C11992,22,2,95493.5,4,1,1,6,At Risk
C14041,21,2,95483.0,4,1,1,6,At Risk
C04734,24,5,95475.0,4,3,1,8,Potential Customers
C00562,13,4,95467.5,5,2,1,8,Potential Customers
C00729,73,4,95452.5,3,2,1,6,At Risk
C12186,15,2,95441.0,5,1,1,7,Potential Customers
C16724,60,2,95426.5,3,1,1,5,At Risk
C14360,254,3,95410.5,1,1,1,3,Lost Customers
C11968,22,4,95406.5,4,2,1,7,Potential Customers
C05348,2,2,95348.0,5,1,1,7,Potential Customers
C03549,43,4,95288.5,3,2,1,6,At Risk
C05293,4,2,95284.0,5,1,1,7,Potential Customers
C08907,118,5,95238.0,2,3,1,6,At Risk
C16147,49,2,95179.0,3,1,1,5,At Risk
C14673,6,4,95157.5,5,2,1,8,Potential Customers
C06875,186,3,95139.0,1,1,1,3,Lost Customers
C19840,211,3,95129.5,1,1,1,3,Lost Customers
C04470,3,3,95118.5,5,1,1,7,Potential Customers
C08083,144,3,95110.5,2,1,1,4,At Risk
C09386,2,3,95085.5,5,1,1,7,Potential Customers
C19378,162,4,95078.0,2,2,1,5,At Risk
C14702,47,3,95068.5,3,1,1,5,At Risk
C07213,149,3,95036.0,2,1,1,4,At Risk
C08345,11,5,95019.0,5,3,1,9,Potential Customers
C13061,229,5,95008.0,1,3,1,5,At Risk
C18453,174,5,94989.0,2,3,1,6,At Risk
C16148,90,1,94971.5,2,1,1,4,At Risk
C04584,93,4,94966.5,2,2,1,5,At Risk
C03145,246,5,94936.0,1,3,1,5,At Risk
C00455,33,2,94932.0,4,1,1,6,At Risk
C05157,4,2,94902.0,5,1,1,7,Potential Customers
C10833,117,1,94886.0,2,1,1,4,At Risk
C09763,19,3,94863.5,4,1,1,6,At Risk
C10451,77,2,94851.0,3,1,1,5,At Risk
C13172,71,2,94811.5,3,1,1,5,At Risk
C12808,110,3,94799.0,2,1,1,4,At Risk
C08611,22,2,94771.5,4,1,1,6,At Risk
C11134,110,2,94764.0,2,1,1,4,At Risk
C05077,157,5,94720.5,2,3,1,6,At Risk
C09372,31,6,94717.5,4,3,1,8,Potential Customers
C04375,27,4,94714.5,4,2,1,7,Potential Customers
C15256,132,2,94674.0,2,1,1,4,At Risk
C05004,268,5,94655.5,1,3,1,5,At Risk
C10228,192,5,94640.5,1,3,1,5,At Risk
C10671,16,2,94631.0,5,1,1,7,Potential Customers
C15982,479,1,94606.0,1,1,1,3,Lost Customers
C02144,112,2,94554.5,2,1,1,4,At Risk
C04068,38,2,94551.0,4,1,1,6,At Risk
C14824,95,2,94517.0,2,1,1,4,At Risk
C12996,59,2,94509.5,3,1,1,5,At Risk
C14432,15,4,94490.5,5,2,1,8,Potential Customers
C17418,137,4,94458.5,2,2,1,5,At Risk
C05463,31,4,94398.0,4,2,1,7,Potential Customers
C08107,61,3,94389.5,3,1,1,5,At Risk
C19151,11,3,94379.5,5,1,1,7,Potential Customers
C12510,3,3,94303.5,5,1,1,7,Potential Customers
C10774,42,2,94277.5,3,1,1,5,At Risk
C00474,148,3,94253.5,2,1,1,4,At Risk
C05752,261,3,94216.0,1,1,1,3,Lost Customers
C02552,38,3,94207.5,4,1,1,6,At Risk
C01916,11,4,94189.0,5,2,1,8,Potential Customers
C15341,8,1,94171.0,5,1,1,7,Potential Customers
C17014,252,2,94159.0,1,1,1,3,Lost Customers
C19729,25,3,94153.0,4,1,1,6,At Risk
C13660,2,4,94142.0,5,2,1,8,Potential Customers
C11626,47,3,94127.0,3,1,1,5,At Risk
C03316,86,6,94105.0,2,3,1,6,At Risk
C00840,136,2,94103.0,2,1,1,4,At Risk
C04278,30,5,94095.0,4,3,1,8,Potential Customers
C16470,102,3,94094.5,2,1,1,4,At Risk
C06240,71,5,94073.5,3,3,1,7,Potential Customers
C00711,343,2,94071.0,1,1,1,3,Lost Customers
C06308,61,2,94059.0,3,1,1,5,At Risk
C19497,16,3,94056.5,5,1,1,7,Potential Customers
C10967,9,7,94041.5,5,4,1,10,Loyal Customers
C16253,86,5,94017.5,2,3,1,6,At Risk
C15376,34,2,93996.0,4,1,1,6,At Risk
C06321,18,3,93992.0,4,1,1,6,At Risk
C17856,10,3,93969.5,5,1,1,7,Potential Customers
C07969,243,3,93958.5,1,1,1,3,Lost Customers
C02589,123,2,93927.0,2,1,1,4,At Risk
C08837,4,2,93916.5,5,1,1,7,Potential Customers
C02685,141,3,93880.0,2,1,1,4,At Risk
C10376,10,4,93879.0,5,2,1,8,Potential Customers
C19541,1,5,93871.5,5,3,1,9,Potential Customers
C02711,144,2,93869.0,2,1,1,4,At Risk
C01536,19,4,93861.5,4,2,1,7,Potential Customers
C06079,78,3,93834.0,3,1,1,5,At Risk
C04264,29,2,93804.0,4,1,1,6,At Risk
C10256,59,4,93754.0,3,2,1,6,At Risk
C13988,126,6,93710.0,2,3,1,6,At Risk
C19261,14,4,93680.5,5,2,1,8,Potential Customers
C07947,5,4,93662.5,5,2,1,8,Potential Customers
C05950,10,3,93657.5,5,1,1,7,Potential Customers
C04505,8,4,93653.5,5,2,1,8,Potential Customers
C15372,2,5,93647.5,5,3,1,9,Potential Customers
C01781,64,4,93641.5,3,2,1,6,At Risk
C09040,183,4,93610.0,1,2,1,4,At Risk
C18480,8,5,93566.5,5,3,1,9,Potential Customers
C19599,122,5,93559.5,2,3,1,6,At Risk
C01381,68,3,93557.0,3,1,1,5,At Risk
C01695,376,3,93543.5,1,1,1,3,Lost Customers
C14033,43,2,93526.0,3,1,1,5,At Risk
C01351,16,5,93510.5,5,3,1,9,Potential Customers
C06389,98,3,93483.0,2,1,1,4,At Risk
C17126,202,4,93463.0,1,2,1,4,At Risk
C17212,142,6,93453.5,2,3,1,6,At Risk
C07121,89,3,93449.0,2,1,1,4,At Risk
C17198,9,2,93447.0,5,1,1,7,Potential Customers
C14878,125,1,93441.5,2,1,1,4,At Risk
C05574,191,5,93433.0,1,3,1,5,At Risk
C07252,110,4,93405.0,2,2,1,5,At Risk
C16923,84,4,93395.0,2,2,1,5,At Risk
C14841,109,3,93371.5,2,1,1,4,At Risk
C03039,85,2,93363.5,2,1,1,4,At Risk
C08374,66,2,93351.0,3,1,1,5,At Risk
C10315,339,3,93280.0,1,1,1,3,Lost Customers
C13880,141,3,93220.0,2,1,1,4,At Risk
C14251,166,2,93216.0,2,1,1,4,At Risk
C11462,86,4,93201.0,2,2,1,5,At Risk
C02443,103,4,93158.5,2,2,1,5,At Risk
C15113,48,4,93045.5,3,2,1,6,At Risk
C02545,187,3,93024.5,1,1,1,3,Lost Customers
C15542,49,3,93018.0,3,1,1,5,At Risk
C03137,87,6,92985.0,2,3,1,6,At Risk
C13209,10,4,92976.0,5,2,1,8,Potential Customers
C13490,15,2,92957.5,5,1,1,7,Potential Customers
C01637,20,5,92954.5,4,3,1,8,Potential Customers
C00767,84,5,92923.5,2,3,1,6,At Risk
C17802,33,4,92872.5,4,2,1,7,Potential Customers
C02033,18,4,92867.0,4,2,1,7,Potential Customers
C16116,441,2,92861.0,1,1,1,3,Lost Customers
C04514,152,3,92838.5,2,1,1,4,At Risk
C17709,141,2,92817.5,2,1,1,4,At Risk
C11151,248,4,92761.5,1,2,1,4,At Risk
C06553,13,3,92753.0,5,1,1,7,Potential Customers
C05050,137,1,92718.0,2,1,1,4,At Risk
C17868,203,3,92714.0,1,1,1,3,Lost Customers
C13384,15,5,92708.5,5,3,1,9,Potential Customers
C01855,9,3,92706.5,5,1,1,7,Potential Customers
C01183,18,4,92699.5,4,2,1,7,Potential Customers
C16442,10,1,92621.5,5,1,1,7,Potential Customers
C15321,17,3,92600.5,5,1,1,7,Potential Customers
C14847,11,4,92586.0,5,2,1,8,Potential Customers
C11418,3,5,92562.0,5,3,1,9,Potential Customers
C02827,309,3,92555.5,1,1,1,3,Lost Customers
C05941,60,2,92538.0,3,1,1,5,At Risk
C00992,236,2,92504.5,1,1,1,3,Lost Customers
C17317,29,2,92455.5,4,1,1,6,At Risk
C18246,72,5,92433.0,3,3,1,7,Potential Customers
C03421,5,5,92419.5,5,3,1,9,Potential Customers
C06061,49,5,92414.0,3,3,1,7,Potential Customers
C17337,154,2,92394.0,2,1,1,4,At Risk
C00205,2,5,92367.5,5,3,1,9,Potential Customers
C02082,184,3,92343.5,1,1,1,3,Lost Customers
C17659,29,3,92331.0,4,1,1,6,At Risk
C02334,30,4,92317.0,4,2,1,7,Potential Customers
C03087,15,2,92290.5,5,1,1,7,Potential Customers
C09141,326,2,92289.5,1,1,1,3,Lost Customers
C11698,47,3,92260.5,3,1,1,5,At Risk
C04074,160,1,92220.0,2,1,1,4,At Risk
C03570,9,2,92204.0,5,1,1,7,Potential Customers
C00083,39,4,92165.5,4,2,1,7,Potential Customers
C15144,132,2,92155.0,2,1,1,4,At Risk
C04893,32,3,92077.0,4,1,1,6,At Risk
C08836,122,3,92076.0,2,1,1,4,At Risk
C08687,200,3,92070.5,1,1,1,3,Lost Customers
C12914,243,3,92069.0,1,1,1,3,Lost Customers
C15086,102,3,92059.5,2,1,1,4,At Risk
C02092,25,4,91999.0,4,2,1,7,Potential Customers
C16785,236,3,91980.0,1,1,1,3,Lost Customers
C01168,6,5,91977.5,5,3,1,9,Potential Customers
C09471,56,3,91959.5,3,1,1,5,At Risk
C03826,197,4,91929.0,1,2,1,4,At Risk
C07472,1,2,91887.0,5,1,1,7,Potential Customers
C16794,82,4,91884.0,2,2,1,5,At Risk
C14549,12,7,91838.0,5,4,1,10,Loyal Customers
C10710,113,3,91825.5,2,1,1,4,At Risk
C05791,68,3,91825.0,3,1,1,5,At Risk
C19418,14,2,91818.0,5,1,1,7,Potential Customers
C05249,52,3,91769.5,3,1,1,5,At Risk
C14986,324,2,91765.5,1,1,1,3,Lost Customers
C11162,90,7,91756.5,2,4,1,7,Potential Customers
C06556,149,5,91748.0,2,3,1,6,At Risk
C06238,19,6,91746.0,4,3,1,8,Potential Customers
C14692,3,3,91702.0,5,1,1,7,Potential Customers
C04391,25,1,91692.0,4,1,1,6,At Risk
C18985,38,3,91682.5,4,1,1,6,At Risk
C03190,44,6,91644.5,3,3,1,7,Potential Customers
C06710,41,6,91612.0,3,3,1,7,Potential Customers
C12571,541,2,91603.0,1,1,1,3,Lost Customers
C00568,33,4,91589.0,4,2,1,7,Potential Customers
C01193,396,1,91588.0,1,1,1,3,Lost Customers
C08768,85,3,91587.0,2,1,1,4,At Risk
C04106,164,4,91560.0,2,2,1,5,At Risk
C12359,73,6,91556.5,3,3,1,7,Potential Customers
C16099,25,4,91548.0,4,2,1,7,Potential Customers
C14233,8,2,91500.0,5,1,1,7,Potential Customers
C13785,196,3,91493.5,1,1,1,3,Lost Customers
C10295,66,3,91492.0,3,1,1,5,At Risk
C11325,125,3,91490.5,2,1,1,4,At Risk
C09074,131,6,91486.0,2,3,1,6,At Risk
C14241,3,4,91472.0,5,2,1,8,Potential Customers
C04733,34,5,91468.5,4,3,1,8,Potential Customers
C19868,126,3,91457.0,2,1,1,4,At Risk
C00607,139,4,91454.5,2,2,1,5,At Risk
C03425,112,3,91440.5,2,1,1,4,At Risk
C16018,4,3,91414.5,5,1,1,7,Potential Customers
C19178,51,3,91411.0,3,1,1,5,At Risk
C08746,25,4,91407.0,4,2,1,7,Potential Customers
C13896,53,4,91388.5,3,2,1,6,At Risk
C18416,46,2,91388.5,3,1,1,5,At Risk
C12707,526,2,91384.5,1,1,1,3,Lost Customers
C19180,166,4,91354.0,2,2,1,5,At Risk
C16897,79,3,91329.5,3,1,1,5,At Risk
C06399,38,4,91305.5,4,2,1,7,Potential Customers
C09409,152,3,91268.0,2,1,1,4,At Risk
C17454,5,4,91262.5,5,2,1,8,Potential Customers
C00786,10,3,91255.0,5,1,1,7,Potential Customers
C12355,32,3,91233.5,4,1,1,6,At Risk
C08596,219,1,91221.0,1,1,1,3,Lost Customers
C04165,25,5,91192.5,4,3,1,8,Potential Customers
C11964,273,3,91183.0,1,1,1,3,Lost Customers
C14932,44,2,91183.0,3,1,1,5,At Risk
C17149,240,3,91157.5,1,1,1,3,Lost Customers
C00047,14,5,91119.0,5,3,1,9,Potential Customers
C08376,316,4,91104.0,1,2,1,4,At Risk
C17966,25,2,91086.0,4,1,1,6,At Risk
C09147,103,4,91078.5,2,2,1,5,At Risk
C07185,99,4,91000.0,2,2,1,5,At Risk
C17689,26,1,90976.0,4,1,1,6,At Risk
C07392,35,3,90974.5,4,1,1,6,At Risk
C14107,107,3,90941.0,2,1,1,4,At Risk
C00524,49,3,90923.0,3,1,1,5,At Risk
C05980,18,2,90879.5,4,1,1,6,At Risk
C16969,12,4,90847.0,5,2,1,8,Potential Customers
C00576,378,2,90827.5,1,1,1,3,Lost Customers
C00491,56,1,90790.0,3,1,1,5,At Risk
C05548,3,5,90753.0,5,3,1,9,Potential Customers
C17655,102,4,90739.0,2,2,1,5,At Risk
C18910,1,4,90711.5,5,2,1,8,Potential Customers
C06984,17,2,90702.0,5,1,1,7,Potential Customers
C06928,97,3,90696.5,2,1,1,4,At Risk
C17723,15,2,90692.5,5,1,1,7,Potential Customers
C14243,287,2,90681.5,1,1,1,3,Lost Customers
C08785,219,4,90668.5,1,2,1,4,At Risk
C02261,3,4,90648.0,5,2,1,8,Potential Customers
C07507,73,5,90641.5,3,3,1,7,Potential Customers
C16155,6,3,90609.5,5,1,1,7,Potential Customers
C07003,169,4,90609.5,2,2,1,5,At Risk
C07988,20,5,90601.5,4,3,1,8,Potential Customers
C14136,52,4,90542.5,3,2,1,6,At Risk
C10032,118,3,90522.0,2,1,1,4,At Risk
C09969,134,3,90507.0,2,1,1,4,At Risk
C10739,129,3,90498.0,2,1,1,4,At Risk
C17576,7,3,90374.5,5,1,1,7,Potential Customers
C11376,4,5,90338.5,5,3,1,9,Potential Customers
C15255,154,2,90327.0,2,1,1,4,At Risk
C06534,113,2,90324.0,2,1,1,4,At Risk
C09170,165,6,90278.0,2,3,1,6,At Risk
C15500,15,2,90268.0,5,1,1,7,Potential Customers
C15322,67,4,90265.5,3,2,1,6,At Risk
C09549,136,2,90221.5,2,1,1,4,At Risk
C05989,97,3,90213.0,2,1,1,4,At Risk
C15137,96,4,90205.0,2,2,1,5,At Risk
C08626,383,2,90173.5,1,1,1,3,Lost Customers
C06094,174,4,90154.0,2,2,1,5,At Risk
C18933,61,2,90148.5,3,1,1,5,At Risk
C18801,169,4,90127.0,2,2,1,5,At Risk
C13198,7,4,90107.5,5,2,1,8,Potential Customers
C07317,21,3,90034.0,4,1,1,6,At Risk
C10254,67,2,90029.0,3,1,1,5,At Risk
C19087,60,2,90023.0,3,1,1,5,At Risk
C17122,39,6,89967.5,4,3,1,8,Potential Customers
C04249,17,2,89966.5,5,1,1,7,Potential Customers
C08939,11,4,89964.0,5,2,1,8,Potential Customers
C08401,35,3,89962.0,4,1,1,6,At Risk
C19260,133,3,89912.0,2,1,1,4,At Risk
C18536,117,4,89900.5,2,2,1,5,At Risk
C04535,47,5,89887.0,3,3,1,7,Potential Customers
C13996,19,7,89876.5,4,4,1,9,Potential Customers
C14469,32,4,89870.5,4,2,1,7,Potential Customers
C14610,269,3,89869.5,1,1,1,3,Lost Customers
C11041,17,3,89805.0,5,1,1,7,Potential Customers
C17360,12,2,89791.5,5,1,1,7,Potential Customers
C12317,1,3,89732.0,5,1,1,7,Potential Customers
C15739,11,3,89721.0,5,1,1,7,Potential Customers
C18827,8,5,89705.5,5,3,1,9,Potential Customers
C10303,87,3,89704.5,2,1,1,4,At Risk
C05604,133,3,89661.0,2,1,1,4,At Risk
C06014,150,7,89631.5,2,4,1,7,Potential Customers
C07817,77,4,89601.0,3,2,1,6,At Risk
C09941,17,3,89588.0,5,1,1,7,Potential Customers
C09295,24,4,89556.0,4,2,1,7,Potential Customers
C03082,2,3,89501.0,5,1,1,7,Potential Customers
C01240,31,2,89483.0,4,1,1,6,At Risk
C01308,88,5,89410.0,2,3,1,6,At Risk
C01533,34,3,89364.0,4,1,1,6,At Risk
C05499,20,5,89313.5,4,3,1,8,Potential Customers
C12369,187,2,89305.0,1,1,1,3,Lost Customers
C14906,155,5,89291.5,2,3,1,6,At Risk
C19044,35,4,89284.0,4,2,1,7,Potential Customers
C19517,31,3,89255.5,4,1,1,6,At Risk
C00703,6,3,89248.5,5,1,1,7,Potential Customers
C08302,22,3,89217.5,4,1,1,6,At Risk
C18296,22,4,89200.5,4,2,1,7,Potential Customers
C02026,8,3,89195.0,5,1,1,7,Potential Customers
C02404,37,4,89151.0,4,2,1,7,Potential Customers
C08834,40,2,89148.0,3,1,1,5,At Risk
C08383,290,2,89137.0,1,1,1,3,Lost Customers
C06129,117,3,89052.5,2,1,1,4,At Risk
C08202,166,3,89048.0,2,1,1,4,At Risk
C09851,177,2,89042.0,2,1,1,4,At Risk
C12338,175,4,89012.0,2,2,1,5,At Risk
C08871,190,4,89006.0,1,2,1,4,At Risk
C09404,604,2,89002.5,1,1,1,3,Lost Customers
C00875,37,2,88984.5,4,1,1,6,At Risk
C17244,5,5,88975.5,5,3,1,9,Potential Customers
C00057,45,3,88969.5,3,1,1,5,At Risk
C01724,42,3,88964.0,3,1,1,5,At Risk
C09880,151,3,88937.0,2,1,1,4,At Risk
C05507,30,4,88889.5,4,2,1,7,Potential Customers
C16425,54,6,88873.5,3,3,1,7,Potential Customers
C05178,139,4,88864.5,2,2,1,5,At Risk
C09536,21,4,88855.5,4,2,1,7,Potential Customers
C03438,3,6,88847.0,5,3,1,9,Potential Customers
C05154,91,6,88839.0,2,3,1,6,At Risk
C14170,134,5,88797.5,2,3,1,6,At Risk
C07554,274,3,88777.5,1,1,1,3,Lost Customers
C00501,10,2,88765.5,5,1,1,7,Potential Customers
C10946,276,2,88762.0,1,1,1,3,Lost Customers
C16186,1,4,88745.5,5,2,1,8,Potential Customers
C06235,30,4,88721.5,4,2,1,7,Potential Customers
C01281,173,3,88668.5,2,1,1,4,At Risk
C14417,84,6,88602.0,2,3,1,6,At Risk
C00959,182,2,88577.0,1,1,1,3,Lost Customers
C07164,36,2,88564.0,4,1,1,6,At Risk
C14255,46,7,88561.0,3,4,1,8,Potential Customers
C19386,43,4,88522.0,3,2,1,6,At Risk
C01285,82,3,88518.0,2,1,1,4,At Risk
C12919,11,3,88503.0,5,1,1,7,Potential Customers
C02091,64,4,88502.0,3,2,1,6,At Risk
C08925,19,4,88439.0,4,2,1,7,Potential Customers
C05938,111,2,88435.0,2,1,1,4,At Risk
C02353,98,2,88432.0,2,1,1,4,At Risk
C06628,58,6,88397.0,3,3,1,7,Potential Customers
C14132,3,2,88349.0,5,1,1,7,Potential Customers
C08417,17,2,88317.0,5,1,1,7,Potential Customers
C13055,178,3,88261.0,2,1,1,4,At Risk
C14138,51,1,88255.0,3,1,1,5,At Risk
C10634,5,3,88253.0,5,1,1,7,Potential Customers
C14662,25,3,88244.5,4,1,1,6,At Risk
C05160,95,4,88210.0,2,2,1,5,At Risk
C15730,45,7,88202.5,3,4,1,8,Potential Customers
C19043,1,2,88201.0,5,1,1,7,Potential Customers
C02174,198,4,88190.5,1,2,1,4,At Risk
C19093,149,1,88119.0,2,1,1,4,At Risk
C06251,30,5,88106.5,4,3,1,8,Potential Customers
C08047,71,4,88093.5,3,2,1,6,At Risk
C11155,19,5,88057.0,4,3,1,8,Potential Customers
C17099,17,3,88048.0,5,1,1,7,Potential Customers
C02629,78,3,88020.0,3,1,1,5,At Risk
C00233,78,3,88017.0,3,1,1,5,At Risk
C02271,17,4,87977.5,5,2,1,8,Potential Customers
C04275,67,3,87946.5,3,1,1,5,At Risk
C09621,17,3,87896.5,5,1,1,7,Potential Customers
C17054,8,4,87863.0,5,2,1,8,Potential Customers
C17599,44,3,87815.0,3,1,1,5,At Risk
C19775,197,3,87813.0,1,1,1,3,Lost Customers
C00071,34,3,87750.5,4,1,1,6,At Risk
C11161,2,2,87747.5,5,1,1,7,Potential Customers
C00326,180,3,87745.0,2,1,1,4,At Risk
C19241,187,3,87731.5,1,1,1,3,Lost Customers
C18485,16,3,87667.5,5,1,1,7,Potential Customers
C19173,120,4,87648.5,2,2,1,5,At Risk
C02682,68,5,87643.5,3,3,1,7,Potential Customers
C11900,209,1,87620.5,1,1,1,3,Lost Customers
C15577,67,6,87615.5,3,3,1,7,Potential Customers
C09050,43,5,87558.0,3,3,1,7,Potential Customers
C04201,51,5,87527.5,3,3,1,7,Potential Customers
C04034,255,3,87519.0,1,1,1,3,Lost Customers
C02973,36,1,87502.0,4,1,1,6,At Risk
C04639,87,3,87498.0,2,1,1,4,At Risk
C14227,192,2,87494.0,1,1,1,3,Lost Customers
C09160,457,1,87465.0,1,1,1,3,Lost Customers
C08482,11,4,87456.5,5,2,1,8,Potential Customers
C17964,206,5,87426.5,1,3,1,5,At Risk
C06301,29,5,87410.5,4,3,1,8,Potential Customers
C07684,314,1,87333.0,1,1,1,3,Lost Customers
C19665,16,4,87325.0,5,2,1,8,Potential Customers
C17132,17,4,87256.5,5,2,1,8,Potential Customers
C00373,32,4,87179.0,4,2,1,7,Potential Customers
C02401,16,3,87176.5,5,1,1,7,Potential Customers
C16297,5,4,87173.0,5,2,1,8,Potential Customers
C14116,6,5,87148.0,5,3,1,9,Potential Customers
C12944,4,6,87111.5,5,3,1,9,Potential Customers
C08977,7,5,87098.5,5,3,1,9,Potential Customers
C12684,37,4,87080.5,4,2,1,7,Potential Customers
C01898,7,5,87058.5,5,3,1,9,Potential Customers
C09987,7,3,87015.5,5,1,1,7,Potential Customers
C10896,33,4,87014.5,4,2,1,7,Potential Customers
C16123,11,3,86957.0,5,1,1,7,Potential Customers
C16144,7,3,86933.5,5,1,1,7,Potential Customers
C14147,79,3,86899.5,3,1,1,5,At Risk
C04339,111,5,86881.5,2,3,1,6,At Risk
C02830,154,4,86870.0,2,2,1,5,At Risk
C03629,17,4,86860.5,5,2,1,8,Potential Customers
C12608,24,2,86845.0,4,1,1,6,At Risk
C05617,49,4,86830.0,3,2,1,6,At Risk
C02604,98,3,86816.0,2,1,1,4,At Risk
C13666,14,3,86811.0,5,1,1,7,Potential Customers
C13469,54,5,86780.5,3,3,1,7,Potential Customers
C04486,77,2,86772.5,3,1,1,5,At Risk
C08700,231,2,86742.0,1,1,1,3,Lost Customers
C14749,1,3,86734.5,5,1,1,7,Potential Customers
C09952,3,3,86719.0,5,1,1,7,Potential Customers
C09642,15,4,86715.5,5,2,1,8,Potential Customers
C05480,2,4,86692.0,5,2,1,8,Potential Customers
C00066,21,6,86683.0,4,3,1,8,Potential Customers
C18948,73,1,86660.5,3,1,1,5,At Risk
C12366,36,2,86620.0,4,1,1,6,At Risk
C14636,32,4,86618.0,4,2,1,7,Potential Customers
C11546,37,2,86615.5,4,1,1,6,At Risk
C12676,278,1,86603.0,1,1,1,3,Lost Customers
C08227,2,4,86583.5,5,2,1,8,Potential Customers
C16465,25,2,86582.5,4,1,1,6,At Risk
C03761,13,3,86537.0,5,1,1,7,Potential Customers
C01407,50,2,86514.0,3,1,1,5,At Risk
C05064,1,2,86420.0,5,1,1,7,Potential Customers
C00870,315,2,86392.0,1,1,1,3,Lost Customers
C05454,15,4,86374.5,5,2,1,8,Potential Customers
C02705,194,2,86356.5,1,1,1,3,Lost Customers
C06603,76,4,86347.5,3,2,1,6,At Risk
C06070,128,3,86287.5,2,1,1,4,At Risk
C19227,48,5,86266.0,3,3,1,7,Potential Customers
C14854,313,2,86252.0,1,1,1,3,Lost Customers
C05788,38,5,86225.5,4,3,1,8,Potential Customers
C03494,50,3,86210.5,3,1,1,5,At Risk
C08860,143,3,86203.5,2,1,1,4,At Risk
C09281,68,3,86194.5,3,1,1,5,At Risk
C12070,119,2,86184.0,2,1,1,4,At Risk
C00216,36,4,86150.5,4,2,1,7,Potential Customers
C10232,83,1,86150.0,2,1,1,4,At Risk
C12680,68,6,86122.5,3,3,1,7,Potential Customers
C06118,28,3,86118.5,4,1,1,6,At Risk
C00217,59,2,86111.5,3,1,1,5,At Risk
C19118,46,2,86103.0,3,1,1,5,At Risk
C02437,88,3,86091.0,2,1,1,4,At Risk
C19841,23,2,86065.5,4,1,1,6,At Risk
C10196,6,4,86052.5,5,2,1,8,Potential Customers
C09205,15,1,86040.0,5,1,1,7,Potential Customers
C15758,147,3,86030.0,2,1,1,4,At Risk
C08236,72,5,86013.5,3,3,1,7,Potential Customers
C11917,21,2,86008.0,4,1,1,6,At Risk
C14229,9,6,86003.0,5,3,1,9,Potential Customers
C17268,58,5,85993.0,3,3,1,7,Potential Customers
C09520,74,3,85985.0,3,1,1,5,At Risk
C10853,32,3,85968.5,4,1,1,6,At Risk
C03040,18,2,85959.0,4,1,1,6,At Risk
C12573,363,3,85944.0,1,1,1,3,Lost Customers
C03000,21,2,85935.5,4,1,1,6,At Risk
C17230,160,2,85913.0,2,1,1,4,At Risk
C08638,27,3,85853.5,4,1,1,6,At Risk
C00814,76,4,85835.5,3,2,1,6,At Risk
C00258,8,4,85805.5,5,2,1,8,Potential Customers
C12683,85,7,85768.0,2,4,1,7,Potential Customers
C15603,63,2,85768.0,3,1,1,5,At Risk
C03386,29,5,85719.5,4,3,1,8,Potential Customers
C12817,271,3,85714.5,1,1,1,3,Lost Customers
C00226,19,3,85705.5,4,1,1,6,At Risk
C00414,84,1,85695.0,2,1,1,4,At Risk
C05365,16,3,85688.0,5,1,1,7,Potential Customers
C14813,18,3,85663.0,4,1,1,6,At Risk
C04266,17,4,85653.5,5,2,1,8,Potential Customers
C17153,288,2,85651.0,1,1,1,3,Lost Customers
C10526,77,2,85643.0,3,1,1,5,At Risk
C17464,10,4,85636.5,5,2,1,8,Potential Customers
C19864,34,3,85609.5,4,1,1,6,At Risk
C18283,64,5,85605.0,3,3,1,7,Potential Customers
C10949,194,5,85563.0,1,3,1,5,At Risk
C13287,418,4,85541.5,1,2,1,4,At Risk
C15516,284,2,85485.0,1,1,1,3,Lost Customers
C16103,3,5,85432.0,5,3,1,9,Potential Customers
C07255,69,4,85396.5,3,2,1,6,At Risk
C15712,4,2,85321.5,5,1,1,7,Potential Customers
C08112,51,5,85309.0,3,3,1,7,Potential Customers
C10615,10,4,85290.0,5,2,1,8,Potential Customers
C03092,248,2,85270.0,1,1,1,3,Lost Customers
C06566,87,5,85266.0,2,3,1,6,At Risk
C19704,185,4,85258.0,1,2,1,4,At Risk
C16695,58,3,85255.0,3,1,1,5,At Risk
C07754,251,3,85250.5,1,1,1,3,Lost Customers
C00343,89,4,85197.0,2,2,1,5,At Risk
C16678,9,4,85186.5,5,2,1,8,Potential Customers
C15208,41,3,85109.5,3,1,1,5,At Risk
C07065,57,4,85093.0,3,2,1,6,At Risk
C07270,110,3,85082.0,2,1,1,4,At Risk
C07766,8,3,85047.5,5,1,1,7,Potential Customers
C12129,67,4,85016.0,3,2,1,6,At Risk
C03587,3,4,85006.5,5,2,1,8,Potential Customers
C12297,185,4,84987.5,1,2,1,4,At Risk
C18402,43,2,84985.5,3,1,1,5,At Risk
C12810,297,3,84985.0,1,1,1,3,Lost Customers
C04896,42,4,84964.5,3,2,1,6,At Risk
C01262,50,4,84909.5,3,2,1,6,At Risk
C15275,43,4,84904.0,3,2,1,6,At Risk
C05685,244,1,84878.0,1,1,1,3,Lost Customers
C19947,74,5,84863.0,3,3,1,7,Potential Customers
C03364,132,4,84852.5,2,2,1,5,At Risk
C12284,15,4,84852.5,5,2,1,8,Potential Customers
C09840,48,3,84837.0,3,1,1,5,At Risk
C01708,25,3,84808.0,4,1,1,6,At Risk
C05081,125,2,84781.0,2,1,1,4,At Risk
C17801,3,4,84778.5,5,2,1,8,Potential Customers
C16891,186,3,84774.0,1,1,1,3,Lost Customers
C11841,97,1,84758.0,2,1,1,4,At Risk
C17133,46,5,84681.0,3,3,1,7,Potential Customers
C13462,104,4,84609.5,2,2,1,5,At Risk
C06242,371,3,84591.0,1,1,1,3,Lost Customers
C19595,50,4,84590.5,3,2,1,6,At Risk
C02537,52,1,84587.0,3,1,1,5,At Risk
C04006,94,2,84578.5,2,1,1,4,At Risk
C17596,48,6,84543.0,3,3,1,7,Potential Customers
C07031,403,3,84531.5,1,1,1,3,Lost Customers
C00623,206,4,84529.0,1,2,1,4,At Risk
C05527,22,3,84525.5,4,1,1,6,At Risk
C02719,169,6,84502.5,2,3,1,6,At Risk
C17621,19,5,84472.5,4,3,1,8,Potential Customers
C07311,22,3,84462.0,4,1,1,6,At Risk
C03301,104,4,84346.5,2,2,1,5,At Risk
C02279,1,3,84340.0,5,1,1,7,Potential Customers
C05205,172,3,84336.5,2,1,1,4,At Risk
C11991,11,3,84321.5,5,1,1,7,Potential Customers
C02841,94,6,84311.0,2,3,1,6,At Risk
C05302,21,4,84269.5,4,2,1,7,Potential Customers
C17496,36,3,84265.0,4,1,1,6,At Risk
C17597,218,3,84265.0,1,1,1,3,Lost Customers
C16525,5,2,84242.0,5,1,1,7,Potential Customers
C03872,32,4,84202.0,4,2,1,7,Potential Customers
C17323,141,3,84201.0,2,1,1,4,At Risk
C13165,160,2,84189.5,2,1,1,4,At Risk
C15655,22,5,84177.0,4,3,1,8,Potential Customers
C03369,80,3,84169.0,2,1,1,4,At Risk
C12189,1,4,84122.5,5,2,1,8,Potential Customers
C10388,61,2,84108.0,3,1,1,5,At Risk
C00281,34,4,84095.0,4,2,1,7,Potential Customers
C07981,346,2,84087.0,1,1,1,3,Lost Customers
C13249,67,2,84053.0,3,1,1,5,At Risk
C15915,37,2,84043.0,4,1,1,6,At Risk
C10511,145,1,84008.0,2,1,1,4,At Risk
C19790,123,2,83978.5,2,1,1,4,At Risk
C04015,119,4,83956.0,2,2,1,5,At Risk
C01882,84,4,83944.0,2,2,1,5,At Risk
C15851,4,5,83832.5,5,3,1,9,Potential Customers
C14874,357,1,83805.0,1,1,1,3,Lost Customers
C17972,88,3,83793.5,2,1,1,4,At Risk
C12928,39,3,83784.0,4,1,1,6,At Risk
C12799,287,2,83746.0,1,1,1,3,Lost Customers
C15907,31,4,83739.5,4,2,1,7,Potential Customers
C10380,144,2,83738.0,2,1,1,4,At Risk
C16309,104,3,83696.0,2,1,1,4,At Risk
C05331,24,7,83695.0,4,4,1,9,Potential Customers
C18096,22,2,83616.0,4,1,1,6,At Risk
C07801,2,2,83611.0,5,1,1,7,Potential Customers
C17948,44,5,83607.5,3,3,1,7,Potential Customers
C12698,22,4,83580.0,4,2,1,7,Potential Customers
C17225,3,2,83569.5,5,1,1,7,Potential Customers
C09044,36,3,83554.0,4,1,1,6,At Risk
C05854,65,4,83514.0,3,2,1,6,At Risk
C02645,481,2,83491.0,1,1,1,3,Lost Customers
C14552,116,3,83477.0,2,1,1,4,At Risk
C01547,6,5,83463.0,5,3,1,9,Potential Customers
C17311,82,2,83455.5,2,1,1,4,At Risk
C13936,5,4,83448.5,5,2,1,8,Potential Customers
C08223,187,3,83444.5,1,1,1,3,Lost Customers
C09111,48,3,83433.5,3,1,1,5,At Risk
C19710,16,4,83429.5,5,2,1,8,Potential Customers
C01187,6,2,83354.0,5,1,1,7,Potential Customers
C10271,37,4,83347.0,4,2,1,7,Potential Customers
C01502,23,3,83224.5,4,1,1,6,At Risk
C05504,144,3,83214.5,2,1,1,4,At Risk
C14119,17,3,83212.0,5,1,1,7,Potential Customers
C13027,68,4,83141.0,3,2,1,6,At Risk
C18504,39,4,83115.5,4,2,1,7,Potential Customers
C08453,104,5,83087.0,2,3,1,6,At Risk
C16736,25,5,83086.5,4,3,1,8,Potential Customers
C04364,16,5,83071.5,5,3,1,9,Potential Customers
C15334,27,3,83069.5,4,1,1,6,At Risk
C00213,9,4,83054.5,5,2,1,8,Potential Customers
C00917,37,2,83035.0,4,1,1,6,At Risk
C05260,51,6,82979.5,3,3,1,7,Potential Customers
C08338,15,4,82925.0,5,2,1,8,Potential Customers
C08815,251,2,82907.0,1,1,1,3,Lost Customers
C13591,32,2,82900.0,4,1,1,6,At Risk
C09185,93,3,82897.0,2,1,1,4,At Risk
C14483,139,2,82860.0,2,1,1,4,At Risk
C00713,188,4,82821.5,1,2,1,4,At Risk
C10663,343,2,82764.0,1,1,1,3,Lost Customers
C04162,493,1,82762.0,1,1,1,3,Lost Customers
C13732,30,4,82758.5,4,2,1,7,Potential Customers
C01140,318,2,82753.5,1,1,1,3,Lost Customers
C18186,64,5,82736.5,3,3,1,7,Potential Customers
C13398,66,4,82713.5,3,2,1,6,At Risk
C03707,77,2,82712.5,3,1,1,5,At Risk
C15813,22,4,82703.0,4,2,1,7,Potential Customers
C06781,10,3,82674.0,5,1,1,7,Potential Customers
C14324,424,2,82672.0,1,1,1,3,Lost Customers
C14192,208,3,82644.0,1,1,1,3,Lost Customers
C03204,117,4,82625.5,2,2,1,5,At Risk
C15221,97,3,82618.0,2,1,1,4,At Risk
C06683,98,1,82617.0,2,1,1,4,At Risk
C09009,47,3,82604.0,3,1,1,5,At Risk
C16974,5,5,82536.0,5,3,1,9,Potential Customers
C12682,66,1,82519.0,3,1,1,5,At Risk
C06934,57,2,82515.0,3,1,1,5,At Risk
C15950,6,5,82471.5,5,3,1,9,Potential Customers
C17450,520,3,82458.5,1,1,1,3,Lost Customers
C04959,15,4,82458.5,5,2,1,8,Potential Customers
C14685,148,3,82397.0,2,1,1,4,At Risk
C05123,80,3,82388.0,2,1,1,4,At Risk
C13713,21,3,82364.0,4,1,1,6,At Risk
C04884,36,4,82361.5,4,2,1,7,Potential Customers
C17962,19,3,82354.5,4,1,1,6,At Risk
C12956,129,3,82348.5,2,1,1,4,At Risk
C06260,101,5,82329.5,2,3,1,6,At Risk
C10856,43,4,82253.0,3,2,1,6,At Risk
C03487,7,4,82157.5,5,2,1,8,Potential Customers
C17909,163,3,82073.0,2,1,1,4,At Risk
C10660,6,4,82035.0,5,2,1,8,Potential Customers
C10606,233,1,82027.0,1,1,1,3,Lost Customers
C06610,124,3,82025.0,2,1,1,4,At Risk
C01773,48,4,82025.0,3,2,1,6,At Risk
C06865,32,5,82017.0,4,3,1,8,Potential Customers
C00280,23,4,81980.5,4,2,1,7,Potential Customers
C04660,12,2,81973.0,5,1,1,7,Potential Customers
C01270,91,4,81951.5,2,2,1,5,At Risk
C19297,188,2,81943.0,1,1,1,3,Lost Customers
C17526,29,4,81914.5,4,2,1,7,Potential Customers
C10384,25,2,81892.0,4,1,1,6,At Risk
C16915,56,3,81887.5,3,1,1,5,At Risk
C16947,157,2,81833.5,2,1,1,4,At Risk
C17757,83,3,81830.5,2,1,1,4,At Risk
C12181,214,4,81817.0,1,2,1,4,At Risk
C10432,61,2,81776.0,3,1,1,5,At Risk
C05576,9,5,81775.5,5,3,1,9,Potential Customers
C04052,21,2,81760.0,4,1,1,6,At Risk
C01545,48,5,81720.5,3,3,1,7,Potential Customers
C06318,276,2,81699.0,1,1,1,3,Lost Customers
C04253,180,2,81654.5,2,1,1,4,At Risk
C02751,18,3,81649.0,4,1,1,6,At Risk
C16948,49,3,81647.0,3,1,1,5,At Risk
C11422,1,2,81638.5,5,1,1,7,Potential Customers
C15289,26,3,81619.0,4,1,1,6,At Risk
C11857,26,5,81601.0,4,3,1,8,Potential Customers
C18851,3,4,81581.0,5,2,1,8,Potential Customers
C10331,148,1,81566.5,2,1,1,4,At Risk
C00383,182,3,81558.0,1,1,1,3,Lost Customers
C14748,120,2,81534.0,2,1,1,4,At Risk
C00783,2,3,81509.0,5,1,1,7,Potential Customers
C10618,11,3,81465.5,5,1,1,7,Potential Customers
C01485,75,3,81456.5,3,1,1,5,At Risk
C18361,22,2,81424.5,4,1,1,6,At Risk
C18867,182,4,81413.5,1,2,1,4,At Risk
C09128,196,2,81403.5,1,1,1,3,Lost Customers
C06325,61,3,81373.0,3,1,1,5,At Risk
C18353,13,3,81349.5,5,1,1,7,Potential Customers
C03036,97,2,81333.5,2,1,1,4,At Risk
C07880,55,2,81323.5,3,1,1,5,At Risk
C14100,77,4,81302.5,3,2,1,6,At Risk
C09709,72,2,81248.5,3,1,1,5,At Risk
C03016,248,4,81230.0,1,2,1,4,At Risk
C18562,52,4,81200.0,3,2,1,6,At Risk
C18135,492,3,81138.0,1,1,1,3,Lost Customers
C10654,89,3,81110.5,2,1,1,4,At Risk
C14862,32,3,81092.5,4,1,1,6,At Risk
C12406,12,2,81086.0,5,1,1,7,Potential Customers
C13582,289,2,81032.5,1,1,1,3,Lost Customers
C05078,351,2,80960.0,1,1,1,3,Lost Customers
C01073,4,3,80937.5,5,1,1,7,Potential Customers
C12131,322,3,80937.5,1,1,1,3,Lost Customers
C13517,63,4,80923.5,3,2,1,6,At Risk
C06929,131,4,80899.0,2,2,1,5,At Risk
C11293,149,3,80890.0,2,1,1,4,At Risk
C08892,7,3,80880.5,5,1,1,7,Potential Customers
C02393,26,7,80869.5,4,4,1,9,Potential Customers
C05359,361,2,80863.5,1,1,1,3,Lost Customers
C17891,74,1,80862.0,3,1,1,5,At Risk
C13263,44,4,80849.0,3,2,1,6,At Risk
C13589,29,2,80805.0,4,1,1,6,At Risk
C00380,116,3,80779.0,2,1,1,4,At Risk
C19213,125,2,80776.0,2,1,1,4,At Risk
C19707,109,3,80745.5,2,1,1,4,At Risk
C04823,125,2,80723.5,2,1,1,4,At Risk
C07315,147,2,80717.0,2,1,1,4,At Risk
C03202,68,5,80697.0,3,3,1,7,Potential Customers
C11122,15,3,80660.5,5,1,1,7,Potential Customers
C17368,12,2,80647.5,5,1,1,7,Potential Customers
C12569,202,4,80642.0,1,2,1,4,At Risk
C18491,4,4,80640.0,5,2,1,8,Potential Customers
C05096,115,3,80629.5,2,1,1,4,At Risk
C06959,30,6,80629.0,4,3,1,8,Potential Customers
C08216,23,3,80615.5,4,1,1,6,At Risk
C12166,164,3,80612.0,2,1,1,4,At Risk
C14738,105,3,80607.5,2,1,1,4,At Risk
C06815,182,3,80602.0,1,1,1,3,Lost Customers
C02298,11,5,80589.0,5,3,1,9,Potential Customers
C02423,314,2,80589.0,1,1,1,3,Lost Customers
C10959,1,1,80564.0,5,1,1,7,Potential Customers
C04725,117,2,80527.0,2,1,1,4,At Risk
C08361,80,7,80489.0,2,4,1,7,Potential Customers
C15492,130,4,80475.0,2,2,1,5,At Risk
C07985,36,4,80454.5,4,2,1,7,Potential Customers
C07077,167,2,80447.0,2,1,1,4,At Risk
C16418,142,5,80443.5,2,3,1,6,At Risk
C10798,120,5,80406.0,2,3,1,6,At Risk
C08986,84,2,80393.0,2,1,1,4,At Risk
C03125,1,2,80308.0,5,1,1,7,Potential Customers
C04124,14,2,80241.5,5,1,1,7,Potential Customers
C04044,197,4,80224.0,1,2,1,4,At Risk
C11088,165,2,80196.5,2,1,1,4,At Risk
C07330,29,3,80182.0,4,1,1,6,At Risk
C18057,139,5,80148.5,2,3,1,6,At Risk
C12665,74,3,80126.5,3,1,1,5,At Risk
C17949,5,2,80097.5,5,1,1,7,Potential Customers
C01375,15,3,80092.5,5,1,1,7,Potential Customers
C00509,19,4,80087.5,4,2,1,7,Potential Customers
C19483,26,2,80076.0,4,1,1,6,At Risk
C09269,65,3,80060.0,3,1,1,5,At Risk
C18822,27,2,80049.0,4,1,1,6,At Risk
C11016,18,3,80034.0,4,1,1,6,At Risk
C06737,46,2,80031.0,3,1,1,5,At Risk
C14279,187,3,80029.0,1,1,1,3,Lost Customers
C00664,217,7,80007.0,1,4,1,6,At Risk
C04960,251,2,79938.0,1,1,1,3,Lost Customers
C08699,19,3,79929.0,4,1,1,6,At Risk
C11504,338,5,79915.0,1,3,1,5,At Risk
C01047,51,3,79854.5,3,1,1,5,At Risk
C15326,36,3,79851.5,4,1,1,6,At Risk
C12331,2,3,79824.0,5,1,1,7,Potential Customers
C04728,2,3,79813.5,5,1,1,7,Potential Customers
C13335,26,2,79747.0,4,1,1,6,At Risk
C19185,204,5,79742.0,1,3,1,5,At Risk
C14178,44,1,79736.0,3,1,1,5,At Risk
C14304,85,3,79715.5,2,1,1,4,At Risk
C01373,94,5,79713.0,2,3,1,6,At Risk
C15884,282,4,79667.5,1,2,1,4,At Risk
C05106,85,1,79654.0,2,1,1,4,At Risk
C00580,13,3,79638.0,5,1,1,7,Potential Customers
C08555,150,3,79612.0,2,1,1,4,At Risk
C15279,5,3,79573.5,5,1,1,7,Potential Customers
C09247,262,3,79541.0,1,1,1,3,Lost Customers
C15486,71,5,79535.5,3,3,1,7,Potential Customers
C01438,7,6,79480.0,5,3,1,9,Potential Customers
C18492,270,2,79432.5,1,1,1,3,Lost Customers
C04191,108,4,79427.0,2,2,1,5,At Risk
C02636,40,4,79376.5,3,2,1,6,At Risk
C11790,209,3,79373.0,1,1,1,3,Lost Customers
C16070,12,3,79368.0,5,1,1,7,Potential Customers
C12703,327,2,79305.5,1,1,1,3,Lost Customers
C16692,256,5,79283.5,1,3,1,5,At Risk
C03042,145,2,79267.5,2,1,1,4,At Risk
C00843,69,3,79242.0,3,1,1,5,At Risk
C15411,220,4,79175.0,1,2,1,4,At Risk
C03385,82,3,79150.0,2,1,1,4,At Risk
C14588,3,3,79148.0,5,1,1,7,Potential Customers
C13109,107,1,79137.0,2,1,1,4,At Risk
C14513,17,4,79106.0,5,2,1,8,Potential Customers
C15888,68,5,79099.5,3,3,1,7,Potential Customers
C19552,9,3,79079.0,5,1,1,7,Potential Customers
C08606,99,5,79073.5,2,3,1,6,At Risk
C18782,33,4,79064.0,4,2,1,7,Potential Customers
C08156,2,3,79058.5,5,1,1,7,Potential Customers
C13464,17,2,79049.5,5,1,1,7,Potential Customers
C02924,1,5,79048.5,5,3,1,9,Potential Customers
C00742,177,2,78956.0,2,1,1,4,At Risk
C09073,174,2,78832.0,2,1,1,4,At Risk
C10447,50,3,78824.0,3,1,1,5,At Risk
C14740,126,4,78813.5,2,2,1,5,At Risk
C19809,103,3,78791.5,2,1,1,4,At Risk
C16370,91,4,78791.5,2,2,1,5,At Risk
C11650,13,5,78731.5,5,3,1,9,Potential Customers
C02278,40,5,78730.5,3,3,1,7,Potential Customers
C04869,94,5,78662.0,2,3,1,6,At Risk
C14169,1,4,78605.0,5,2,1,8,Potential Customers
C02868,185,3,78574.0,1,1,1,3,Lost Customers
C06697,76,3,78570.5,3,1,1,5,At Risk
C18838,31,2,78537.5,4,1,1,6,At Risk
C08052,476,2,78510.5,1,1,1,3,Lost Customers
C03782,4,4,78500.0,5,2,1,8,Potential Customers
C05535,138,4,78464.5,2,2,1,5,At Risk
C15151,139,1,78423.0,2,1,1,4,At Risk
C03033,89,3,78386.0,2,1,1,4,At Risk
C17497,106,3,78375.5,2,1,1,4,At Risk
C09971,3,4,78354.5,5,2,1,8,Potential Customers
C05406,108,4,78279.0,2,2,1,5,At Risk
C10844,272,3,78209.0,1,1,1,3,Lost Customers
C11230,6,3,78186.0,5,1,1,7,Potential Customers
C17259,340,3,78177.5,1,1,1,3,Lost Customers
C18195,1,2,78155.0,5,1,1,7,Potential Customers
C17408,26,3,78065.0,4,1,1,6,At Risk
C06591,509,1,78062.0,1,1,1,3,Lost Customers
C19377,9,5,78055.5,5,3,1,9,Potential Customers
C17095,32,5,78049.0,4,3,1,8,Potential Customers
C13550,311,3,78033.0,1,1,1,3,Lost Customers
C06805,22,3,78004.0,4,1,1,6,At Risk
C05213,34,3,77999.0,4,1,1,6,At Risk
C07549,11,5,77989.0,5,3,1,9,Potential Customers
C11106,18,5,77985.5,4,3,1,8,Potential Customers
C04019,14,2,77973.0,5,1,1,7,Potential Customers
C12729,4,3,77957.0,5,1,1,7,Potential Customers
C07110,142,5,77926.0,2,3,1,6,At Risk
C05869,6,5,77922.5,5,3,1,9,Potential Customers
C13470,11,4,77911.5,5,2,1,8,Potential Customers
C16716,284,2,77854.0,1,1,1,3,Lost Customers
C10601,349,2,77846.5,1,1,1,3,Lost Customers
C05999,262,2,77829.0,1,1,1,3,Lost Customers
C15680,58,3,77824.5,3,1,1,5,At Risk
C09356,11,4,77812.5,5,2,1,8,Potential Customers
C13932,70,2,77790.5,3,1,1,5,At Risk
C07713,161,2,77782.0,2,1,1,4,At Risk
C05476,89,4,77742.5,2,2,1,5,At Risk
C04510,6,2,77710.0,5,1,1,7,Potential Customers
C00616,388,2,77704.5,1,1,1,3,Lost Customers
C17404,118,3,77631.5,2,1,1,4,At Risk
C16193,9,5,77612.0,5,3,1,9,Potential Customers
C15847,5,2,77602.5,5,1,1,7,Potential Customers
C05781,226,3,77590.5,1,1,1,3,Lost Customers
C13819,159,4,77588.5,2,2,1,5,At Risk
C12543,44,4,77586.5,3,2,1,6,At Risk
C06543,2,4,77574.5,5,2,1,8,Potential Customers
C07166,232,3,77566.5,1,1,1,3,Lost Customers
C19767,17,4,77494.5,5,2,1,8,Potential Customers
C08264,58,2,77490.0,3,1,1,5,At Risk
C14426,64,2,77487.5,3,1,1,5,At Risk
C11378,51,3,77482.0,3,1,1,5,At Risk
C06596,36,2,77469.5,4,1,1,6,At Risk
C16770,61,4,77444.5,3,2,1,6,At Risk
C09465,30,3,77422.5,4,1,1,6,At Risk
C12140,45,4,77388.0,3,2,1,6,At Risk
C15241,329,2,77381.5,1,1,1,3,Lost Customers
C06462,180,3,77360.0,2,1,1,4,At Risk
C14368,2,3,77348.5,5,1,1,7,Potential Customers
C17776,91,3,77334.5,2,1,1,4,At Risk
C00874,10,4,77285.0,5,2,1,8,Potential Customers
C19600,3,3,77268.0,5,1,1,7,Potential Customers
C10748,10,4,77193.5,5,2,1,8,Potential Customers
C07269,345,1,77192.5,1,1,1,3,Lost Customers
C17296,134,4,77145.0,2,2,1,5,At Risk
C19293,15,4,77105.5,5,2,1,8,Potential Customers
C09194,232,4,77101.5,1,2,1,4,At Risk
C01503,219,3,77084.5,1,1,1,3,Lost Customers
C01528,105,2,77052.5,2,1,1,4,At Risk
C11736,71,3,77004.0,3,1,1,5,At Risk
C11292,124,2,76995.0,2,1,1,4,At Risk
C18284,44,6,76944.0,3,3,1,7,Potential Customers
C16699,158,2,76932.0,2,1,1,4,At Risk
C14543,15,3,76885.5,5,1,1,7,Potential Customers
C01778,183,4,76844.0,1,2,1,4,At Risk
C16877,11,2,76842.0,5,1,1,7,Potential Customers
C13476,85,3,76804.5,2,1,1,4,At Risk
C15636,14,2,76803.5,5,1,1,7,Potential Customers
C09255,48,5,76782.0,3,3,1,7,Potential Customers
C18780,247,4,76751.0,1,2,1,4,At Risk
C00736,17,2,76700.0,5,1,1,7,Potential Customers
C10539,91,3,76689.0,2,1,1,4,At Risk
C11396,32,4,76673.0,4,2,1,7,Potential Customers
C10377,1,4,76648.0,5,2,1,8,Potential Customers
C15576,6,3,76626.5,5,1,1,7,Potential Customers
C02223,50,3,76614.0,3,1,1,5,At Risk
C16012,100,3,76611.5,2,1,1,4,At Risk
C04351,7,6,76611.0,5,3,1,9,Potential Customers
C10849,77,2,76589.0,3,1,1,5,At Risk
C10828,80,3,76579.5,2,1,1,4,At Risk
C19063,28,1,76566.0,4,1,1,6,At Risk
C13429,61,5,76558.5,3,3,1,7,Potential Customers
C18257,21,3,76550.5,4,1,1,6,At Risk
C00431,1,2,76538.5,5,1,1,7,Potential Customers
C12630,218,3,76531.5,1,1,1,3,Lost Customers
C18106,346,3,76482.5,1,1,1,3,Lost Customers
C09102,30,4,76481.5,4,2,1,7,Potential Customers
C13792,20,3,76480.0,4,1,1,6,At Risk
C06605,63,2,76477.5,3,1,1,5,At Risk
C12858,285,5,76459.0,1,3,1,5,At Risk
C13637,92,2,76437.0,2,1,1,4,At Risk
C00965,119,2,76390.5,2,1,1,4,At Risk
C12557,285,3,76351.5,1,1,1,3,Lost Customers
C11135,66,4,76257.5,3,2,1,6,At Risk
C17544,7,6,76241.0,5,3,1,9,Potential Customers
C19803,110,1,76188.0,2,1,1,4,At Risk
C05550,54,5,76158.0,3,3,1,7,Potential Customers
C11148,9,3,76157.5,5,1,1,7,Potential Customers
C01409,8,3,76141.5,5,1,1,7,Potential Customers
C11792,49,5,76108.0,3,3,1,7,Potential Customers
C03836,19,5,76068.0,4,3,1,8,Potential Customers
C06104,13,2,76051.0,5,1,1,7,Potential Customers
C11962,123,3,76030.0,2,1,1,4,At Risk
C09753,13,3,76002.0,5,1,1,7,Potential Customers
C10913,13,5,75980.0,5,3,1,9,Potential Customers
C00787,291,4,75967.0,1,2,1,4,At Risk
C02177,49,3,75945.0,3,1,1,5,At Risk
C12276,32,3,75945.0,4,1,1,6,At Risk
C09493,140,3,75918.5,2,1,1,4,At Risk
C03960,237,2,75882.5,1,1,1,3,Lost Customers
C05415,31,4,75871.5,4,2,1,7,Potential Customers
C02775,74,4,75866.0,3,2,1,6,At Risk
C09677,26,3,75844.0,4,1,1,6,At Risk
C07203,87,3,75840.0,2,1,1,4,At Risk
C00148,268,2,75740.5,1,1,1,3,Lost Customers
C01672,19,3,75710.0,4,1,1,6,At Risk
C19278,570,1,75697.5,1,1,1,3,Lost Customers
C00196,150,4,75688.5,2,2,1,5,At Risk
C17530,178,4,75669.0,2,2,1,5,At Risk
C05170,250,5,75644.0,1,3,1,5,At Risk
C04244,23,5,75641.0,4,3,1,8,Potential Customers
C19715,132,4,75595.5,2,2,1,5,At Risk
C07936,15,4,75560.5,5,2,1,8,Potential Customers
C18017,65,4,75521.0,3,2,1,6,At Risk
C14045,166,4,75514.5,2,2,1,5,At Risk
C10616,11,5,75497.0,5,3,1,9,Potential Customers
C00721,65,4,75466.5,3,2,1,6,At Risk
C08457,45,4,75459.0,3,2,1,6,At Risk
C12863,210,4,75411.5,1,2,1,4,At Risk
C07229,102,3,75403.5,2,1,1,4,At Risk
C14724,80,1,75386.5,2,1,1,4,At Risk
C17644,16,4,75369.5,5,2,1,8,Potential Customers
C00473,44,2,75364.5,3,1,1,5,At Risk
C09398,304,4,75348.0,1,2,1,4,At Risk
C03870,10,3,75346.0,5,1,1,7,Potential Customers
C05846,91,5,75329.5,2,3,1,6,At Risk
C09500,150,5,75325.0,2,3,1,6,At Risk
C01097,159,2,75321.0,2,1,1,4,At Risk
C17524,17,2,75223.5,5,1,1,7,Potential Customers
C04585,77,2,75218.0,3,1,1,5,At Risk
C12894,359,2,75215.0,1,1,1,3,Lost Customers
C00850,4,5,75212.5,5,3,1,9,Potential Customers
C07608,12,2,75208.5,5,1,1,7,Potential Customers
C04014,102,3,75195.0,2,1,1,4,At Risk
C16994,27,4,75186.0,4,2,1,7,Potential Customers
C01188,49,4,75163.0,3,2,1,6,At Risk
C05120,92,3,75114.0,2,1,1,4,At Risk
C13386,14,4,75086.5,5,2,1,8,Potential Customers
C15352,31,3,75083.5,4,1,1,6,At Risk
C15217,69,4,75078.0,3,2,1,6,At Risk
C15675,7,3,75064.0,5,1,1,7,Potential Customers
C11893,154,4,75063.5,2,2,1,5,At Risk
C13708,139,2,75048.5,2,1,1,4,At Risk
C17252,42,3,75043.0,3,1,1,5,At Risk
C09371,78,4,75042.0,3,2,1,6,At Risk
C00667,17,4,75012.5,5,2,1,8,Potential Customers
C12377,53,3,74995.5,3,1,1,5,At Risk
C16174,32,3,74980.0,4,1,1,6,At Risk
C10390,58,4,74945.5,3,2,1,6,At Risk
C14209,108,2,74944.5,2,1,1,4,At Risk
C14752,157,3,74941.0,2,1,1,4,At Risk
C04444,42,3,74886.5,3,1,1,5,At Risk
C19846,2,3,74844.0,5,1,1,7,Potential Customers
C00702,105,2,74838.0,2,1,1,4,At Risk
C16697,4,4,74838.0,5,2,1,8,Potential Customers
C12602,134,2,74820.5,2,1,1,4,At Risk
C05338,434,2,74811.5,1,1,1,3,Lost Customers
C14294,62,3,74782.5,3,1,1,5,At Risk
C09023,337,3,74772.5,1,1,1,3,Lost Customers
C14982,50,3,74770.5,3,1,1,5,At Risk
C02780,17,4,74703.0,5,2,1,8,Potential Customers
C05071,194,1,74676.0,1,1,1,3,Lost Customers
C00976,9,2,74654.0,5,1,1,7,Potential Customers
C02268,60,3,74628.5,3,1,1,5,At Risk
C03401,132,3,74611.5,2,1,1,4,At Risk
C17089,103,3,74604.5,2,1,1,4,At Risk
C16269,117,4,74576.5,2,2,1,5,At Risk
C10435,83,2,74526.0,2,1,1,4,At Risk
C00282,17,3,74523.5,5,1,1,7,Potential Customers
C11946,13,3,74448.0,5,1,1,7,Potential Customers
C19223,55,4,74445.5,3,2,1,6,At Risk
C03650,1,4,74420.5,5,2,1,8,Potential Customers
C17533,106,5,74411.0,2,3,1,6,At Risk
C04558,1,3,74402.0,5,1,1,7,Potential Customers
C10437,53,2,74300.5,3,1,1,5,At Risk
C18433,9,3,74281.0,5,1,1,7,Potential Customers
C04991,124,4,74268.0,2,2,1,5,At Risk
C17791,28,5,74235.5,4,3,1,8,Potential Customers
C08404,57,3,74171.0,3,1,1,5,At Risk
C17838,7,4,74149.0,5,2,1,8,Potential Customers
C16278,27,4,74102.5,4,2,1,7,Potential Customers
C15535,222,2,74074.0,1,1,1,3,Lost Customers
C13210,81,3,74060.0,2,1,1,4,At Risk
C01473,341,2,74058.0,1,1,1,3,Lost Customers
C14763,47,5,74002.0,3,3,1,7,Potential Customers
C01758,17,5,73997.5,5,3,1,9,Potential Customers
C16893,132,2,73977.0,2,1,1,4,At Risk
C08238,72,3,73964.5,3,1,1,5,At Risk
C02661,26,4,73911.5,4,2,1,7,Potential Customers
C10982,99,6,73903.0,2,3,1,6,At Risk
C19005,112,3,73891.0,2,1,1,4,At Risk
C16424,283,4,73864.5,1,2,1,4,At Risk
C18855,33,4,73825.5,4,2,1,7,Potential Customers
C16533,40,5,73812.5,3,3,1,7,Potential Customers
C19021,153,2,73781.0,2,1,1,4,At Risk
C05659,39,3,73779.5,4,1,1,6,At Risk
C19543,49,4,73755.5,3,2,1,6,At Risk
C06181,61,2,73705.0,3,1,1,5,At Risk
C09363,131,2,73683.5,2,1,1,4,At Risk
C08946,5,3,73679.0,5,1,1,7,Potential Customers
C07593,71,2,73663.0,3,1,1,5,At Risk
C09812,38,2,73653.5,4,1,1,6,At Risk
C07628,9,3,73638.5,5,1,1,7,Potential Customers
C11314,401,2,73629.0,1,1,1,3,Lost Customers
C07261,43,4,73546.5,3,2,1,6,At Risk
C13755,125,3,73540.0,2,1,1,4,At Risk
C00528,163,2,73536.0,2,1,1,4,At Risk
C18968,365,1,73521.0,1,1,1,3,Lost Customers
C17123,47,2,73483.0,3,1,1,5,At Risk
C03631,6,2,73473.5,5,1,1,7,Potential Customers
C05022,18,2,73417.5,4,1,1,6,At Risk
C07483,26,3,73319.5,4,1,1,6,At Risk
C09602,54,2,73315.0,3,1,1,5,At Risk
C15760,4,3,73310.0,5,1,1,7,Potential Customers
C10411,334,4,73308.0,1,2,1,4,At Risk
C05011,54,2,73304.5,3,1,1,5,At Risk
C04527,38,3,73278.0,4,1,1,6,At Risk
C07389,214,5,73258.5,1,3,1,5,At Risk
C12663,289,3,73256.0,1,1,1,3,Lost Customers
C19976,107,3,73248.5,2,1,1,4,At Risk
C07823,5,2,73242.0,5,1,1,7,Potential Customers
C15940,18,4,73228.5,4,2,1,7,Potential Customers
C10071,129,3,73188.0,2,1,1,4,At Risk
C12473,29,4,73177.0,4,2,1,7,Potential Customers
C01639,267,2,73092.0,1,1,1,3,Lost Customers
C06621,21,5,73074.5,4,3,1,8,Potential Customers
C13301,170,4,73070.5,2,2,1,5,At Risk
C01164,42,1,73061.5,3,1,1,5,At Risk
C09624,99,3,73021.0,2,1,1,4,At Risk
C15128,76,4,73009.5,3,2,1,6,At Risk
C02345,1,5,72998.0,5,3,1,9,Potential Customers
C03815,13,2,72962.0,5,1,1,7,Potential Customers
C08698,131,4,72951.0,2,2,1,5,At Risk
C03912,46,4,72899.0,3,2,1,6,At Risk
C03127,133,2,72896.5,2,1,1,4,At Risk
C10166,45,3,72895.5,3,1,1,5,At Risk
C01808,3,4,72837.0,5,2,1,8,Potential Customers
C01495,31,5,72821.0,4,3,1,8,Potential Customers
C13152,142,3,72787.5,2,1,1,4,At Risk
C14134,208,4,72746.0,1,2,1,4,At Risk
C14769,46,5,72724.0,3,3,1,7,Potential Customers
C15432,50,2,72719.5,3,1,1,5,At Risk
C18350,6,1,72698.0,5,1,1,7,Potential Customers
C08998,34,5,72688.5,4,3,1,8,Potential Customers
C04200,1,4,72648.5,5,2,1,8,Potential Customers
C12748,87,4,72607.0,2,2,1,5,At Risk
C19026,6,3,72585.0,5,1,1,7,Potential Customers
C02533,6,3,72585.0,5,1,1,7,Potential Customers
C06369,72,6,72583.5,3,3,1,7,Potential Customers
C01727,159,2,72581.0,2,1,1,4,At Risk
C01769,61,2,72560.5,3,1,1,5,At Risk
C14076,593,3,72490.5,1,1,1,3,Lost Customers
C10860,256,3,72434.0,1,1,1,3,Lost Customers
C13970,1,3,72417.0,5,1,1,7,Potential Customers
C14534,2,3,72329.0,5,1,1,7,Potential Customers
C17782,127,2,72320.0,2,1,1,4,At Risk
C09455,41,4,72304.5,3,2,1,6,At Risk
C13313,211,1,72296.5,1,1,1,3,Lost Customers
C10455,48,2,72286.5,3,1,1,5,At Risk
C03206,39,3,72218.0,4,1,1,6,At Risk
C15905,55,5,72179.0,3,3,1,7,Potential Customers
C16196,11,3,72178.0,5,1,1,7,Potential Customers
C01379,62,2,72146.5,3,1,1,5,At Risk
C15523,83,4,72124.0,2,2,1,5,At Risk
C01402,157,1,72120.0,2,1,1,4,At Risk
C10346,25,4,72091.5,4,2,1,7,Potential Customers
C10355,43,3,72087.5,3,1,1,5,At Risk
C04925,73,3,72076.0,3,1,1,5,At Risk
C19946,2,2,72040.0,5,1,1,7,Potential Customers
C01146,91,2,71980.0,2,1,1,4,At Risk
C01654,12,5,71950.0,5,3,1,9,Potential Customers
C00126,23,5,71945.0,4,3,1,8,Potential Customers
C02077,7,1,71926.0,5,1,1,7,Potential Customers
C15487,19,5,71910.0,4,3,1,8,Potential Customers
C05537,299,4,71820.0,1,2,1,4,At Risk
C07907,295,2,71763.5,1,1,1,3,Lost Customers
C00291,9,3,71731.5,5,1,1,7,Potential Customers
C09053,117,2,71722.0,2,1,1,4,At Risk
C15460,3,3,71718.0,5,1,1,7,Potential Customers
C08976,56,1,71712.0,3,1,1,5,At Risk
C01926,4,7,71687.5,5,4,1,10,Loyal Customers
C13734,28,5,71648.5,4,3,1,8,Potential Customers
C04248,50,3,71569.0,3,1,1,5,At Risk
C17698,12,3,71556.5,5,1,1,7,Potential Customers
C00954,90,3,71514.0,2,1,1,4,At Risk
C13248,124,3,71437.0,2,1,1,4,At Risk
C15972,14,6,71426.0,5,3,1,9,Potential Customers
C09016,234,4,71410.0,1,2,1,4,At Risk
C16821,14,3,71365.0,5,1,1,7,Potential Customers
C17050,92,4,71351.0,2,2,1,5,At Risk
C10226,167,2,71318.0,2,1,1,4,At Risk
C14090,54,4,71314.0,3,2,1,6,At Risk
C04218,28,3,71311.0,4,1,1,6,At Risk
C19313,140,3,71259.5,2,1,1,4,At Risk
C10641,88,2,71243.5,2,1,1,4,At Risk
C04930,111,4,71230.0,2,2,1,5,At Risk
C18632,2,3,71212.0,5,1,1,7,Potential Customers
C13726,187,5,71178.5,1,3,1,5,At Risk
C08615,61,3,71166.5,3,1,1,5,At Risk
C07865,17,2,71141.0,5,1,1,7,Potential Customers
C14729,3,3,71139.5,5,1,1,7,Potential Customers
C17431,2,4,71121.0,5,2,1,8,Potential Customers
C10894,40,3,71114.5,3,1,1,5,At Risk
C12696,1,4,71044.5,5,2,1,8,Potential Customers
C04393,12,4,71042.5,5,2,1,8,Potential Customers
C11334,159,5,71015.5,2,3,1,6,At Risk
C02109,51,3,70983.5,3,1,1,5,At Risk
C08707,5,4,70815.0,5,2,1,8,Potential Customers
C12358,3,4,70798.5,5,2,1,8,Potential Customers
C02880,31,4,70767.0,4,2,1,7,Potential Customers
C19315,3,4,70753.5,5,2,1,8,Potential Customers
C01139,5,3,70713.0,5,1,1,7,Potential Customers
C14528,48,2,70712.5,3,1,1,5,At Risk
C19246,1,2,70689.0,5,1,1,7,Potential Customers
C03972,18,3,70660.5,4,1,1,6,At Risk
C03303,208,3,70657.5,1,1,1,3,Lost Customers
C12478,16,4,70623.0,5,2,1,8,Potential Customers
C01820,151,2,70565.0,2,1,1,4,At Risk
C19848,278,1,70560.0,1,1,1,3,Lost Customers
C12036,99,4,70522.0,2,2,1,5,At Risk
C12797,12,3,70521.0,5,1,1,7,Potential Customers
C03374,58,2,70461.0,3,1,1,5,At Risk
C13421,2,2,70439.0,5,1,1,7,Potential Customers
C10886,1,3,70434.0,5,1,1,7,Potential Customers
C10051,74,3,70433.0,3,1,1,5,At Risk
C14400,184,2,70424.0,1,1,1,3,Lost Customers
C06772,3,2,70415.5,5,1,1,7,Potential Customers
C09610,24,3,70414.0,4,1,1,6,At Risk
C08720,41,5,70410.0,3,3,1,7,Potential Customers
C00608,18,2,70372.0,4,1,1,6,At Risk
C14260,2,3,70367.5,5,1,1,7,Potential Customers
C09905,83,2,70354.0,2,1,1,4,At Risk
C16315,7,2,70267.5,5,1,1,7,Potential Customers
C01561,239,2,70248.5,1,1,1,3,Lost Customers
C01007,49,5,70239.0,3,3,1,7,Potential Customers
C08320,349,3,70179.0,1,1,1,3,Lost Customers
C05780,8,3,70101.5,5,1,1,7,Potential Customers
C11383,16,5,70090.0,5,3,1,9,Potential Customers
C04029,6,2,70072.5,5,1,1,7,Potential Customers
C02189,16,6,70064.0,5,3,1,9,Potential Customers
C16466,31,3,70003.5,4,1,1,6,At Risk
C13774,387,1,70002.0,1,1,1,3,Lost Customers
C12957,15,5,69962.5,5,3,1,9,Potential Customers
C06489,31,5,69939.5,4,3,1,8,Potential Customers
C06778,34,4,69938.0,4,2,1,7,Potential Customers
C19753,8,3,69889.0,5,1,1,7,Potential Customers
C10544,99,5,69849.0,2,3,1,6,At Risk
C13675,13,3,69844.0,5,1,1,7,Potential Customers
C14782,58,3,69809.5,3,1,1,5,At Risk
C12467,1,4,69807.0,5,2,1,8,Potential Customers
C10127,209,2,69766.0,1,1,1,3,Lost Customers
C01584,51,4,69755.0,3,2,1,6,At Risk
C05315,26,3,69726.5,4,1,1,6,At Risk
C03035,18,4,69674.0,4,2,1,7,Potential Customers
C00879,31,4,69666.0,4,2,1,7,Potential Customers
C01105,19,4,69640.0,4,2,1,7,Potential Customers
C00171,52,3,69623.5,3,1,1,5,At Risk
C00010,14,4,69613.5,5,2,1,8,Potential Customers
C14301,10,3,69597.0,5,1,1,7,Potential Customers
C13570,11,1,69550.0,5,1,1,7,Potential Customers
C13725,17,2,69546.0,5,1,1,7,Potential Customers
C17918,65,3,69498.0,3,1,1,5,At Risk
C18231,23,5,69491.0,4,3,1,8,Potential Customers
C00180,42,3,69483.5,3,1,1,5,At Risk
C10790,390,1,69437.0,1,1,1,3,Lost Customers
C14627,8,2,69423.5,5,1,1,7,Potential Customers
C17041,329,5,69414.5,1,3,1,5,At Risk
C01694,26,4,69398.0,4,2,1,7,Potential Customers
C04228,111,2,69394.5,2,1,1,4,At Risk
C06968,4,3,69376.0,5,1,1,7,Potential Customers
C12384,174,2,69371.0,2,1,1,4,At Risk
C08886,15,3,69363.5,5,1,1,7,Potential Customers
C03032,47,4,69306.5,3,2,1,6,At Risk
C18250,400,3,69299.0,1,1,1,3,Lost Customers
C18641,4,3,69298.0,5,1,1,7,Potential Customers
C06102,111,3,69297.0,2,1,1,4,At Risk
C00208,580,1,69292.0,1,1,1,3,Lost Customers
C06162,65,4,69271.0,3,2,1,6,At Risk
C04204,12,4,69233.5,5,2,1,8,Potential Customers
C00498,42,1,69229.0,3,1,1,5,At Risk
C17752,92,2,69227.0,2,1,1,4,At Risk
C17974,92,3,69214.0,2,1,1,4,At Risk
C18275,18,5,69212.5,4,3,1,8,Potential Customers
C14919,21,3,69211.5,4,1,1,6,At Risk
C03832,67,5,69198.0,3,3,1,7,Potential Customers
C08121,9,5,69123.5,5,3,1,9,Potential Customers
C08664,243,4,69104.0,1,2,1,4,At Risk
C14492,624,1,69045.0,1,1,1,3,Lost Customers
C04846,18,4,69015.5,4,2,1,7,Potential Customers
C11693,56,4,68956.0,3,2,1,6,At Risk
C00856,157,4,68942.5,2,2,1,5,At Risk
C11389,45,2,68941.0,3,1,1,5,At Risk
C06705,39,2,68939.5,4,1,1,6,At Risk
C19817,75,2,68938.5,3,1,1,5,At Risk
C03974,35,6,68927.5,4,3,1,8,Potential Customers
C10101,23,2,68868.5,4,1,1,6,At Risk
C05323,11,4,68861.0,5,2,1,8,Potential Customers
C06672,6,2,68839.0,5,1,1,7,Potential Customers
C10623,9,5,68808.0,5,3,1,9,Potential Customers
C06277,82,3,68733.5,2,1,1,4,At Risk
C03791,166,3,68702.5,2,1,1,4,At Risk
C15097,7,4,68700.5,5,2,1,8,Potential Customers
C12611,68,3,68686.5,3,1,1,5,At Risk
C07314,8,4,68678.0,5,2,1,8,Potential Customers
C09450,174,3,68677.0,2,1,1,4,At Risk
C02060,55,4,68626.0,3,2,1,6,At Risk
C15099,26,5,68618.5,4,3,1,8,Potential Customers
C13981,440,3,68573.5,1,1,1,3,Lost Customers
C18237,374,2,68536.0,1,1,1,3,Lost Customers
C02161,163,5,68512.5,2,3,1,6,At Risk
C18121,301,1,68500.0,1,1,1,3,Lost Customers
C04367,85,2,68490.0,2,1,1,4,At Risk
C05579,346,1,68487.5,1,1,1,3,Lost Customers
C01074,132,3,68442.0,2,1,1,4,At Risk
C04892,72,6,68424.0,3,3,1,7,Potential Customers
C03007,219,3,68412.0,1,1,1,3,Lost Customers
C01923,50,3,68385.0,3,1,1,5,At Risk
C00947,115,2,68381.0,2,1,1,4,At Risk
C02344,27,1,68351.0,4,1,1,6,At Risk
C12777,296,4,68350.0,1,2,1,4,At Risk
C16905,184,2,68319.0,1,1,1,3,Lost Customers
C15094,104,4,68318.5,2,2,1,5,At Risk
C04973,187,3,68271.5,1,1,1,3,Lost Customers
C08999,2,2,68190.0,5,1,1,7,Potential Customers
C02822,73,4,68149.0,3,2,1,6,At Risk
C13879,4,5,68134.5,5,3,1,9,Potential Customers
C06426,395,2,68095.5,1,1,1,3,Lost Customers
C06473,170,2,68088.0,2,1,1,4,At Risk
C02530,28,3,68082.0,4,1,1,6,At Risk
C00778,9,5,68080.0,5,3,1,9,Potential Customers
C06130,12,5,68068.0,5,3,1,9,Potential Customers
C15222,52,2,68034.5,3,1,1,5,At Risk
C16261,64,2,68001.0,3,1,1,5,At Risk
C03345,6,5,67987.5,5,3,1,9,Potential Customers
C06503,136,2,67984.5,2,1,1,4,At Risk
C13548,65,2,67970.0,3,1,1,5,At Risk
C00179,1,5,67941.5,5,3,1,9,Potential Customers
C03545,320,2,67904.5,1,1,1,3,Lost Customers
C12757,172,4,67854.5,2,2,1,5,At Risk
C00765,52,1,67788.0,3,1,1,5,At Risk
C18046,33,4,67771.5,4,2,1,7,Potential Customers
C08432,84,3,67770.5,2,1,1,4,At Risk
C02255,25,1,67755.0,4,1,1,6,At Risk
C11579,2,5,67699.0,5,3,1,9,Potential Customers
C19666,371,1,67688.0,1,1,1,3,Lost Customers
C14762,99,3,67672.5,2,1,1,4,At Risk
C10026,133,5,67669.5,2,3,1,6,At Risk
C14645,23,4,67648.0,4,2,1,7,Potential Customers
C04404,3,5,67643.5,5,3,1,9,Potential Customers
C06559,56,2,67637.5,3,1,1,5,At Risk
C07647,5,2,67561.0,5,1,1,7,Potential Customers
C19423,381,2,67514.0,1,1,1,3,Lost Customers
C14435,7,4,67416.0,5,2,1,8,Potential Customers
C02749,52,4,67402.5,3,2,1,6,At Risk
C05723,48,3,67396.5,3,1,1,5,At Risk
C17702,53,5,67392.5,3,3,1,7,Potential Customers
C07526,216,3,67384.5,1,1,1,3,Lost Customers
C00406,11,5,67327.5,5,3,1,9,Potential Customers
C07384,5,1,67317.0,5,1,1,7,Potential Customers
C04004,203,2,67298.0,1,1,1,3,Lost Customers
C18161,4,5,67284.0,5,3,1,9,Potential Customers
C09725,89,5,67279.5,2,3,1,6,At Risk
C05680,218,4,67272.0,1,2,1,4,At Risk
C00679,264,1,67267.5,1,1,1,3,Lost Customers
C00247,200,1,67212.5,1,1,1,3,Lost Customers
C01933,156,3,67198.5,2,1,1,4,At Risk
C08026,45,2,67183.5,3,1,1,5,At Risk
C08247,294,2,67151.0,1,1,1,3,Lost Customers
C06044,27,2,67144.5,4,1,1,6,At Risk
C04073,70,2,67139.0,3,1,1,5,At Risk
C15303,12,5,67126.0,5,3,1,9,Potential Customers
C08389,2,1,67102.0,5,1,1,7,Potential Customers
C13628,74,2,67072.5,3,1,1,5,At Risk
C15955,45,3,66996.5,3,1,1,5,At Risk
C13405,26,3,66989.0,4,1,1,6,At Risk
C14198,91,2,66978.5,2,1,1,4,At Risk
C05777,34,3,66966.5,4,1,1,6,At Risk
C08849,80,4,66960.0,2,2,1,5,At Risk
C01427,10,5,66956.0,5,3,1,9,Potential Customers
C08533,342,1,66922.0,1,1,1,3,Lost Customers
C02488,7,3,66880.5,5,1,1,7,Potential Customers
C12064,3,5,66844.5,5,3,1,9,Potential Customers
C19940,58,3,66830.5,3,1,1,5,At Risk
C07184,115,2,66795.0,2,1,1,4,At Risk
C02348,318,2,66771.5,1,1,1,3,Lost Customers
C17590,21,4,66716.0,4,2,1,7,Potential Customers
C19649,564,1,66681.5,1,1,1,3,Lost Customers
C17536,277,3,66681.0,1,1,1,3,Lost Customers
C01382,7,2,66680.0,5,1,1,7,Potential Customers
C03575,2,3,66645.5,5,1,1,7,Potential Customers
C09169,57,2,66636.5,3,1,1,5,At Risk
C11285,128,2,66630.5,2,1,1,4,At Risk
C15111,148,3,66608.5,2,1,1,4,At Risk
C16026,38,3,66589.0,4,1,1,6,At Risk
C17603,56,4,66581.5,3,2,1,6,At Risk
C02521,22,4,66560.0,4,2,1,7,Potential Customers
C06720,26,3,66543.0,4,1,1,6,At Risk
C03200,89,5,66535.5,2,3,1,6,At Risk
C16553,54,2,66493.5,3,1,1,5,At Risk
C04711,321,1,66485.5,1,1,1,3,Lost Customers
C13124,164,3,66456.5,2,1,1,4,At Risk
C09446,85,3,66442.5,2,1,1,4,At Risk
C15131,32,2,66437.5,4,1,1,6,At Risk
C09838,4,5,66428.0,5,3,1,9,Potential Customers
C19459,112,2,66423.0,2,1,1,4,At Risk
C03560,111,2,66369.5,2,1,1,4,At Risk
C16653,85,3,66317.5,2,1,1,4,At Risk
C19333,44,2,66309.0,3,1,1,5,At Risk
C00701,22,3,66304.0,4,1,1,6,At Risk
C14216,104,3,66284.5,2,1,1,4,At Risk
C16657,6,3,66224.5,5,1,1,7,Potential Customers
C12587,98,2,66186.5,2,1,1,4,At Risk
C17260,36,3,66182.5,4,1,1,6,At Risk
C14562,22,3,66157.0,4,1,1,6,At Risk
C18326,13,1,66080.0,5,1,1,7,Potential Customers
C11392,1,4,66071.5,5,2,1,8,Potential Customers
C17168,49,3,66068.0,3,1,1,5,At Risk
C04497,6,3,66051.0,5,1,1,7,Potential Customers
C12405,54,3,66041.0,3,1,1,5,At Risk
C11465,14,3,65994.0,5,1,1,7,Potential Customers
C10276,24,1,65937.5,4,1,1,6,At Risk
C12578,182,1,65778.0,1,1,1,3,Lost Customers
C15954,212,2,65776.0,1,1,1,3,Lost Customers
C17036,2,1,65766.0,5,1,1,7,Potential Customers
C01280,180,4,65727.0,2,2,1,5,At Risk
C19376,2,3,65719.0,5,1,1,7,Potential Customers
C16669,81,2,65713.0,2,1,1,4,At Risk
C19239,94,4,65709.5,2,2,1,5,At Risk
C03999,262,3,65699.5,1,1,1,3,Lost Customers
C03299,1,3,65653.5,5,1,1,7,Potential Customers
C01006,34,4,65644.5,4,2,1,7,Potential Customers
C11501,135,2,65634.0,2,1,1,4,At Risk
C10042,97,1,65608.0,2,1,1,4,At Risk
C06946,13,2,65578.0,5,1,1,7,Potential Customers
C02529,20,3,65552.5,4,1,1,6,At Risk
C18062,131,3,65547.0,2,1,1,4,At Risk
C06761,112,3,65544.5,2,1,1,4,At Risk
C01329,279,2,65542.0,1,1,1,3,Lost Customers
C13022,28,4,65525.5,4,2,1,7,Potential Customers
C07659,33,2,65518.5,4,1,1,6,At Risk
C04183,17,3,65504.0,5,1,1,7,Potential Customers
C06040,11,5,65490.0,5,3,1,9,Potential Customers
C19279,51,3,65468.0,3,1,1,5,At Risk
C08249,1,3,65438.5,5,1,1,7,Potential Customers
C05946,69,2,65370.0,3,1,1,5,At Risk
C08997,262,3,65336.5,1,1,1,3,Lost Customers
C10217,3,3,65301.5,5,1,1,7,Potential Customers
C03672,9,6,65291.5,5,3,1,9,Potential Customers
C16117,58,3,65285.5,3,1,1,5,At Risk
C06753,156,5,65157.5,2,3,1,6,At Risk
C02516,3,2,65132.5,5,1,1,7,Potential Customers
C00177,64,3,65071.0,3,1,1,5,At Risk
C15180,49,3,65066.5,3,1,1,5,At Risk
C02906,174,4,65053.5,2,2,1,5,At Risk
C08446,60,3,65023.0,3,1,1,5,At Risk
C04776,111,2,64952.5,2,1,1,4,At Risk
C19157,5,3,64906.5,5,1,1,7,Potential Customers
C05460,32,5,64757.0,4,3,1,8,Potential Customers
C07511,52,2,64756.5,3,1,1,5,At Risk
C10107,101,3,64751.5,2,1,1,4,At Risk
C06354,136,4,64732.5,2,2,1,5,At Risk
C11044,219,4,64724.0,1,2,1,4,At Risk
C08645,22,3,64671.5,4,1,1,6,At Risk
C09671,9,3,64657.5,5,1,1,7,Potential Customers
C09916,111,3,64655.0,2,1,1,4,At Risk
C15805,93,4,64609.5,2,2,1,5,At Risk
C10521,5,3,64602.5,5,1,1,7,Potential Customers
C00374,51,2,64590.0,3,1,1,5,At Risk
C10311,4,3,64545.0,5,1,1,7,Potential Customers
C18107,167,5,64526.0,2,3,1,6,At Risk
C11181,559,1,64516.5,1,1,1,3,Lost Customers
C19769,62,3,64503.5,3,1,1,5,At Risk
C15614,11,4,64451.5,5,2,1,8,Potential Customers
C17277,5,2,64447.0,5,1,1,7,Potential Customers
C04700,223,2,64436.0,1,1,1,3,Lost Customers
C04084,7,4,64416.5,5,2,1,8,Potential Customers
C15000,340,3,64389.5,1,1,1,3,Lost Customers
C04256,246,3,64349.5,1,1,1,3,Lost Customers
C05308,1,6,64281.0,5,3,1,9,Potential Customers
C17083,264,2,64255.5,1,1,1,3,Lost Customers
C03418,20,3,64252.0,4,1,1,6,At Risk
C14810,325,3,64236.5,1,1,1,3,Lost Customers
C18736,194,2,64231.5,1,1,1,3,Lost Customers
C03563,77,2,64225.5,3,1,1,5,At Risk
C05398,13,3,64169.0,5,1,1,7,Potential Customers
C06975,198,1,64153.0,1,1,1,3,Lost Customers
C09466,289,1,64146.5,1,1,1,3,Lost Customers
C05289,3,5,64140.5,5,3,1,9,Potential Customers
C01131,6,4,64139.5,5,2,1,8,Potential Customers
C12048,33,3,64129.5,4,1,1,6,At Risk
C18339,14,4,64124.5,5,2,1,8,Potential Customers
C01275,52,4,64104.5,3,2,1,6,At Risk
C06535,27,2,64047.5,4,1,1,6,At Risk
C19251,302,2,64037.0,1,1,1,3,Lost Customers
C17771,356,2,64021.0,1,1,1,3,Lost Customers
C11787,104,3,63974.5,2,1,1,4,At Risk
C06941,27,2,63935.0,4,1,1,6,At Risk
C05692,104,3,63913.5,2,1,1,4,At Risk
C10912,48,2,63848.5,3,1,1,5,At Risk
C00894,44,6,63841.0,3,3,1,7,Potential Customers
C02878,44,5,63766.5,3,3,1,7,Potential Customers
C06853,12,4,63552.0,5,2,1,8,Potential Customers
C12342,15,3,63547.5,5,1,1,7,Potential Customers
C15667,254,2,63485.0,1,1,1,3,Lost Customers
C09831,63,3,63482.0,3,1,1,5,At Risk
C16718,12,2,63473.0,5,1,1,7,Potential Customers
C16676,135,3,63469.5,2,1,1,4,At Risk
C08141,95,2,63375.5,2,1,1,4,At Risk
C01576,10,3,63369.0,5,1,1,7,Potential Customers
C08456,7,2,63368.0,5,1,1,7,Potential Customers
C09315,171,2,63366.0,2,1,1,4,At Risk
C00545,9,3,63361.5,5,1,1,7,Potential Customers
C00462,20,2,63250.0,4,1,1,6,At Risk
C12256,41,3,63234.0,3,1,1,5,At Risk
C05920,9,2,63223.5,5,1,1,7,Potential Customers
C06221,47,5,63215.0,3,3,1,7,Potential Customers
C00482,41,2,63189.0,3,1,1,5,At Risk
C10413,1,3,63160.0,5,1,1,7,Potential Customers
C07629,513,2,63106.5,1,1,1,3,Lost Customers
C01696,2,4,63061.5,5,2,1,8,Potential Customers
C03100,29,7,63054.0,4,4,1,9,Potential Customers
C13634,15,4,63013.0,5,2,1,8,Potential Customers
C16238,33,3,62979.5,4,1,1,6,At Risk
C08604,40,4,62975.0,3,2,1,6,At Risk
C11651,111,3,62960.5,2,1,1,4,At Risk
C12400,5,2,62944.5,5,1,1,7,Potential Customers
C04318,9,6,62932.0,5,3,1,9,Potential Customers
C08973,208,3,62921.5,1,1,1,3,Lost Customers
C17318,50,1,62916.0,3,1,1,5,At Risk
C04342,11,2,62806.0,5,1,1,7,Potential Customers
C04618,2,3,62805.5,5,1,1,7,Potential Customers
C03354,73,1,62788.5,3,1,1,5,At Risk
C12118,397,4,62724.5,1,2,1,4,At Risk
C08762,3,5,62716.5,5,3,1,9,Potential Customers
C02417,18,5,62681.5,4,3,1,8,Potential Customers
C04041,5,2,62627.5,5,1,1,7,Potential Customers
C12086,2,3,62604.0,5,1,1,7,Potential Customers
C11834,393,3,62599.5,1,1,1,3,Lost Customers
C09413,195,4,62599.0,1,2,1,4,At Risk
C11878,28,3,62555.5,4,1,1,6,At Risk
C10478,26,3,62545.0,4,1,1,6,At Risk
C08146,39,3,62498.0,4,1,1,6,At Risk
C10027,56,3,62435.0,3,1,1,5,At Risk
C11176,100,4,62418.0,2,2,1,5,At Risk
C02199,340,2,62413.0,1,1,1,3,Lost Customers
C00715,349,1,62367.0,1,1,1,3,Lost Customers
C08194,12,4,62271.0,5,2,1,8,Potential Customers
C03700,33,3,62258.0,4,1,1,6,At Risk
C05381,95,2,62254.0,2,1,1,4,At Risk
C04998,15,7,62207.0,5,4,1,10,Loyal Customers
C06909,122,2,62193.0,2,1,1,4,At Risk
C09447,2,2,62183.0,5,1,1,7,Potential Customers
C07295,527,2,62167.0,1,1,1,3,Lost Customers
C02154,264,3,62166.0,1,1,1,3,Lost Customers
C15172,14,2,62154.0,5,1,1,7,Potential Customers
C13087,5,3,62142.0,5,1,1,7,Potential Customers
C01460,346,3,62085.5,1,1,1,3,Lost Customers
C04397,32,2,62021.5,4,1,1,6,At Risk
C01827,22,3,61991.0,4,1,1,6,At Risk
C15666,23,4,61973.0,4,2,1,7,Potential Customers
C13956,3,4,61971.0,5,2,1,8,Potential Customers
C17995,272,1,61893.0,1,1,1,3,Lost Customers
C13327,21,3,61872.5,4,1,1,6,At Risk
C18022,1,4,61849.0,5,2,1,8,Potential Customers
C06965,4,3,61837.0,5,1,1,7,Potential Customers
C01704,14,4,61825.0,5,2,1,8,Potential Customers
C07751,46,4,61797.5,3,2,1,6,At Risk
C02357,70,2,61776.5,3,1,1,5,At Risk
C14470,123,4,61757.0,2,2,1,5,At Risk
C01472,2,4,61707.5,5,2,1,8,Potential Customers
C02888,194,2,61707.0,1,1,1,3,Lost Customers
C01613,57,3,61665.5,3,1,1,5,At Risk
C14563,13,4,61648.5,5,2,1,8,Potential Customers
C18583,18,3,61614.5,4,1,1,6,At Risk
C17411,9,3,61594.0,5,1,1,7,Potential Customers
C19960,194,4,61558.0,1,2,1,4,At Risk
C12866,43,3,61555.0,3,1,1,5,At Risk
C14698,81,4,61519.0,2,2,1,5,At Risk
C03921,190,4,61515.0,1,2,1,4,At Risk
C17426,267,3,61507.0,1,1,1,3,Lost Customers
C01364,41,3,61428.0,3,1,1,5,At Risk
C11720,35,6,61405.0,4,3,1,8,Potential Customers
C19907,385,2,61360.0,1,1,1,3,Lost Customers
C15066,111,3,61313.5,2,1,1,4,At Risk
C19490,33,2,61277.0,4,1,1,6,At Risk
C06189,67,5,61239.0,3,3,1,7,Potential Customers
C12639,338,1,61205.0,1,1,1,3,Lost Customers
C14623,190,2,61197.0,1,1,1,3,Lost Customers
C11818,46,2,61159.0,3,1,1,5,At Risk
C18735,8,2,61141.0,5,1,1,7,Potential Customers
C01509,96,2,61140.0,2,1,1,4,At Risk
C12441,62,2,61097.0,3,1,1,5,At Risk
C18464,17,4,61058.0,5,2,1,8,Potential Customers
C06703,9,4,61020.5,5,2,1,8,Potential Customers
C19916,207,1,60974.0,1,1,1,3,Lost Customers
C08524,63,3,60953.5,3,1,1,5,At Risk
C09872,275,4,60943.5,1,2,1,4,At Risk
C18908,79,4,60934.0,3,2,1,6,At Risk
C18631,174,2,60906.0,2,1,1,4,At Risk
C13295,223,3,60904.0,1,1,1,3,Lost Customers
C05313,5,4,60873.5,5,2,1,8,Potential Customers
C17062,82,5,60871.0,2,3,1,6,At Risk
C07941,50,4,60869.5,3,2,1,6,At Risk
C05821,95,2,60757.0,2,1,1,4,At Risk
C07718,16,3,60730.0,5,1,1,7,Potential Customers
C05165,55,2,60718.0,3,1,1,5,At Risk
C02524,9,1,60709.5,5,1,1,7,Potential Customers
C11114,72,2,60709.0,3,1,1,5,At Risk
C05082,53,4,60706.5,3,2,1,6,At Risk
C13850,94,2,60670.5,2,1,1,4,At Risk
C15748,206,2,60636.5,1,1,1,3,Lost Customers
C10776,96,2,60615.0,2,1,1,4,At Risk
C18380,340,3,60575.5,1,1,1,3,Lost Customers
C14558,45,5,60570.5,3,3,1,7,Potential Customers
C04849,141,5,60512.5,2,3,1,6,At Risk
C18604,17,3,60470.5,5,1,1,7,Potential Customers
C06267,179,1,60456.0,2,1,1,4,At Risk
C01489,580,2,60446.0,1,1,1,3,Lost Customers
C11387,19,2,60444.5,4,1,1,6,At Risk
C00074,7,3,60427.5,5,1,1,7,Potential Customers
C18183,86,3,60415.5,2,1,1,4,At Risk
C16223,31,2,60399.0,4,1,1,6,At Risk
C18532,376,2,60360.0,1,1,1,3,Lost Customers
C02429,333,2,60344.0,1,1,1,3,Lost Customers
C13680,258,1,60306.0,1,1,1,3,Lost Customers
C00034,299,2,60270.5,1,1,1,3,Lost Customers
C03363,2,4,60252.5,5,2,1,8,Potential Customers
C14318,60,3,60229.5,3,1,1,5,At Risk
C08865,85,3,60202.5,2,1,1,4,At Risk
C09112,209,2,60191.5,1,1,1,3,Lost Customers
C09156,26,3,60164.0,4,1,1,6,At Risk
C18723,104,2,60162.0,2,1,1,4,At Risk
C06074,8,3,60111.0,5,1,1,7,Potential Customers
C10464,12,2,60091.0,5,1,1,7,Potential Customers
C03822,50,3,60007.0,3,1,1,5,At Risk
C10338,173,2,59979.5,2,1,1,4,At Risk
C06854,17,3,59969.0,5,1,1,7,Potential Customers
C17901,166,3,59953.5,2,1,1,4,At Risk
C11571,150,3,59948.0,2,1,1,4,At Risk
C03370,16,3,59937.0,5,1,1,7,Potential Customers
C05785,239,3,59926.0,1,1,1,3,Lost Customers
C12590,577,1,59901.5,1,1,1,3,Lost Customers
C18778,220,2,59892.0,1,1,1,3,Lost Customers
C13258,10,2,59878.0,5,1,1,7,Potential Customers
C08369,154,2,59874.0,2,1,1,4,At Risk
C14708,168,3,59767.5,2,1,1,4,At Risk
C07930,164,2,59751.5,2,1,1,4,At Risk
C09366,26,1,59729.0,4,1,1,6,At Risk
C08920,225,3,59660.0,1,1,1,3,Lost Customers
C00192,32,3,59647.0,4,1,1,6,At Risk
C15838,74,2,59624.0,3,1,1,5,At Risk
C18325,2,3,59587.0,5,1,1,7,Potential Customers
C09227,10,3,59582.5,5,1,1,7,Potential Customers
C10498,118,4,59520.5,2,2,1,5,At Risk
C02457,77,2,59403.0,3,1,1,5,At Risk
C08380,529,1,59361.0,1,1,1,3,Lost Customers
C09043,14,5,59336.0,5,3,1,9,Potential Customers
C00798,19,2,59302.5,4,1,1,6,At Risk
C13805,294,2,59281.0,1,1,1,3,Lost Customers
C09635,2,3,59255.5,5,1,1,7,Potential Customers
C14142,1,2,59229.5,5,1,1,7,Potential Customers
C05636,259,1,59229.0,1,1,1,3,Lost Customers
C09762,61,2,59208.5,3,1,1,5,At Risk
C05056,58,2,59205.5,3,1,1,5,At Risk
C11868,119,2,59158.0,2,1,1,4,At Risk
C07797,123,3,59116.5,2,1,1,4,At Risk
C14088,154,2,59088.0,2,1,1,4,At Risk
C14523,95,2,59080.5,2,1,1,4,At Risk
C15867,2,3,59037.5,5,1,1,7,Potential Customers
C16504,94,2,59024.0,2,1,1,4,At Risk
C08474,214,1,58961.5,1,1,1,3,Lost Customers
C01071,11,3,58961.5,5,1,1,7,Potential Customers
C09801,242,3,58960.0,1,1,1,3,Lost Customers
C06150,90,4,58958.5,2,2,1,5,At Risk
C17870,38,3,58936.0,4,1,1,6,At Risk
C14889,41,5,58933.5,3,3,1,7,Potential Customers
C05317,136,3,58930.0,2,1,1,4,At Risk
C02089,124,3,58917.5,2,1,1,4,At Risk
C05891,110,2,58892.5,2,1,1,4,At Risk
C09866,183,2,58887.5,1,1,1,3,Lost Customers
C06447,306,2,58879.5,1,1,1,3,Lost Customers
C18067,370,4,58868.0,1,2,1,4,At Risk
C14993,78,3,58849.0,3,1,1,5,At Risk
C02943,34,5,58825.5,4,3,1,8,Potential Customers
C05911,110,3,58799.5,2,1,1,4,At Risk
C02562,274,4,58771.0,1,2,1,4,At Risk
C17443,125,2,58770.0,2,1,1,4,At Risk
C19316,8,4,58709.0,5,2,1,8,Potential Customers
C02408,72,2,58602.0,3,1,1,5,At Risk
C00552,234,3,58499.5,1,1,1,3,Lost Customers
C16372,275,4,58486.0,1,2,1,4,At Risk
C13728,170,3,58479.5,2,1,1,4,At Risk
C13425,236,3,58474.0,1,1,1,3,Lost Customers
C18518,10,5,58473.5,5,3,1,9,Potential Customers
C03480,177,2,58450.5,2,1,1,4,At Risk
C02574,40,2,58446.5,3,1,1,5,At Risk
C06822,46,4,58421.0,3,2,1,6,At Risk
C08348,167,4,58414.5,2,2,1,5,At Risk
C16364,1,4,58383.5,5,2,1,8,Potential Customers
C00784,133,4,58382.0,2,2,1,5,At Risk
C16245,27,3,58348.5,4,1,1,6,At Risk
C07006,176,4,58337.0,2,2,1,5,At Risk
C11272,288,2,58305.0,1,1,1,3,Lost Customers
C03258,41,4,58235.0,3,2,1,6,At Risk
C12653,13,2,58225.5,5,1,1,7,Potential Customers
C10713,155,3,58218.0,2,1,1,4,At Risk
C06890,28,2,58205.0,4,1,1,6,At Risk
C16927,50,2,58150.5,3,1,1,5,At Risk
C12087,324,1,58112.0,1,1,1,3,Lost Customers
C15350,276,2,58098.0,1,1,1,3,Lost Customers
C18614,79,2,58078.0,3,1,1,5,At Risk
C04298,25,3,58063.0,4,1,1,6,At Risk
C03314,40,3,58056.0,3,1,1,5,At Risk
C19109,40,4,58034.0,3,2,1,6,At Risk
C04590,114,2,58031.0,2,1,1,4,At Risk
C12154,85,3,58030.0,2,1,1,4,At Risk
C08568,19,3,58026.0,4,1,1,6,At Risk
C06776,5,3,58021.0,5,1,1,7,Potential Customers
C15274,177,2,57961.0,2,1,1,4,At Risk
C06083,36,3,57952.5,4,1,1,6,At Risk
C16265,5,2,57924.5,5,1,1,7,Potential Customers
C10937,25,4,57923.5,4,2,1,7,Potential Customers
C08006,62,3,57918.0,3,1,1,5,At Risk
C13559,50,3,57897.0,3,1,1,5,At Risk
C05241,56,1,57874.0,3,1,1,5,At Risk
C01555,1,3,57847.5,5,1,1,7,Potential Customers
C04293,87,3,57833.5,2,1,1,4,At Risk
C05726,122,4,57792.0,2,2,1,5,At Risk
C06971,43,2,57735.5,3,1,1,5,At Risk
C07048,49,1,57697.0,3,1,1,5,At Risk
C05020,1,2,57687.0,5,1,1,7,Potential Customers
C02805,151,4,57638.5,2,2,1,5,At Risk
C07187,8,3,57620.5,5,1,1,7,Potential Customers
C14335,8,5,57614.5,5,3,1,9,Potential Customers
C13797,25,3,57600.0,4,1,1,6,At Risk
C00393,299,3,57567.0,1,1,1,3,Lost Customers
C01742,35,3,57527.5,4,1,1,6,At Risk
C13487,461,3,57526.5,1,1,1,3,Lost Customers
C02991,235,2,57499.0,1,1,1,3,Lost Customers
C19978,1,5,57499.0,5,3,1,9,Potential Customers
C05031,63,3,57471.5,3,1,1,5,At Risk
C02428,114,3,57432.0,2,1,1,4,At Risk
C01522,30,1,57393.5,4,1,1,6,At Risk
C02117,212,2,57349.0,1,1,1,3,Lost Customers
C05953,239,1,57343.0,1,1,1,3,Lost Customers
C17758,143,3,57335.5,2,1,1,4,At Risk
C08007,32,3,57334.5,4,1,1,6,At Risk
C11243,17,3,57284.5,5,1,1,7,Potential Customers
C10836,207,2,57283.0,1,1,1,3,Lost Customers
C00700,160,2,57241.0,2,1,1,4,At Risk
C10562,20,3,57227.0,4,1,1,6,At Risk
C17792,134,1,57215.5,2,1,1,4,At Risk
C09701,21,3,57208.0,4,1,1,6,At Risk
C02508,118,3,57153.5,2,1,1,4,At Risk
C10764,11,4,57112.5,5,2,1,8,Potential Customers
C12640,136,3,57094.5,2,1,1,4,At Risk
C18589,221,3,57062.5,1,1,1,3,Lost Customers
C01636,2,3,57052.5,5,1,1,7,Potential Customers
C06254,21,4,57016.5,4,2,1,7,Potential Customers
C11909,7,3,57008.0,5,1,1,7,Potential Customers
C12144,228,1,56990.5,1,1,1,3,Lost Customers
C06326,5,4,56964.5,5,2,1,8,Potential Customers
C14414,185,3,56942.5,1,1,1,3,Lost Customers
C01697,89,5,56851.0,2,3,1,6,At Risk
C04233,187,3,56851.0,1,1,1,3,Lost Customers
C12807,163,1,56830.5,2,1,1,4,At Risk
C13426,163,3,56817.0,2,1,1,4,At Risk
C12381,13,5,56816.5,5,3,1,9,Potential Customers
C07022,22,2,56808.5,4,1,1,6,At Risk
C11506,82,5,56788.0,2,3,1,6,At Risk
C07153,10,3,56784.0,5,1,1,7,Potential Customers
C01058,275,4,56748.0,1,2,1,4,At Risk
C09063,233,2,56745.0,1,1,1,3,Lost Customers
C02502,16,2,56712.5,5,1,1,7,Potential Customers
C17500,31,4,56680.0,4,2,1,7,Potential Customers
C03564,121,3,56649.5,2,1,1,4,At Risk
C11738,135,3,56640.0,2,1,1,4,At Risk
C15395,226,3,56599.5,1,1,1,3,Lost Customers
C09910,162,3,56516.0,2,1,1,4,At Risk
C10092,7,5,56495.5,5,3,1,9,Potential Customers
C03918,11,4,56493.5,5,2,1,8,Potential Customers
C00928,263,3,56470.5,1,1,1,3,Lost Customers
C02053,22,5,56466.0,4,3,1,8,Potential Customers
C19832,160,3,56364.0,2,1,1,4,At Risk
C17813,226,2,56262.5,1,1,1,3,Lost Customers
C02900,77,4,56223.5,3,2,1,6,At Risk
C17967,39,3,56219.5,4,1,1,6,At Risk
C00195,31,1,56152.0,4,1,1,6,At Risk
C14313,68,2,56145.5,3,1,1,5,At Risk
C02496,124,3,56138.0,2,1,1,4,At Risk
C16329,45,1,56126.0,3,1,1,5,At Risk
C17401,17,3,56093.5,5,1,1,7,Potential Customers
C02594,85,2,56064.0,2,1,1,4,At Risk
C05715,546,2,56048.5,1,1,1,3,Lost Customers
C03924,1,2,56028.5,5,1,1,7,Potential Customers
C03866,7,4,56007.5,5,2,1,8,Potential Customers
C17584,72,2,55947.0,3,1,1,5,At Risk
C00359,2,2,55940.5,5,1,1,7,Potential Customers
C01559,37,1,55932.5,4,1,1,6,At Risk
C08691,236,2,55917.0,1,1,1,3,Lost Customers
C05712,262,2,55911.5,1,1,1,3,Lost Customers
C16793,409,3,55892.5,1,1,1,3,Lost Customers
C03888,197,3,55887.5,1,1,1,3,Lost Customers
C10823,10,3,55811.0,5,1,1,7,Potential Customers
C18958,97,2,55787.0,2,1,1,4,At Risk
C02743,142,1,55739.5,2,1,1,4,At Risk
C14118,23,3,55729.0,4,1,1,6,At Risk
C18060,42,3,55702.5,3,1,1,5,At Risk
C11660,293,1,55695.0,1,1,1,3,Lost Customers
C00883,124,4,55690.0,2,2,1,5,At Risk
C15254,15,1,55676.5,5,1,1,7,Potential Customers
C17987,54,4,55606.5,3,2,1,6,At Risk
C05111,25,4,55566.0,4,2,1,7,Potential Customers
C05708,32,5,55552.0,4,3,1,8,Potential Customers
C07364,87,2,55549.0,2,1,1,4,At Risk
C08662,12,3,55544.5,5,1,1,7,Potential Customers
C13448,67,2,55518.0,3,1,1,5,At Risk
C18688,511,1,55505.0,1,1,1,3,Lost Customers
C16086,32,3,55503.5,4,1,1,6,At Risk
C06393,6,3,55488.0,5,1,1,7,Potential Customers
C01997,2,3,55485.0,5,1,1,7,Potential Customers
C00315,63,3,55480.5,3,1,1,5,At Risk
C11836,1,3,55469.0,5,1,1,7,Potential Customers
C00472,66,3,55435.0,3,1,1,5,At Risk
C09487,142,3,55431.0,2,1,1,4,At Risk
C19959,170,2,55430.0,2,1,1,4,At Risk
C09307,163,4,55411.5,2,2,1,5,At Risk
C11109,42,3,55398.0,3,1,1,5,At Risk
C10838,205,1,55388.0,1,1,1,3,Lost Customers
C12261,223,2,55376.0,1,1,1,3,Lost Customers
C05237,48,2,55342.0,3,1,1,5,At Risk
C02948,131,4,55337.0,2,2,1,5,At Risk
C05600,41,1,55299.5,3,1,1,5,At Risk
C06939,188,4,55238.5,1,2,1,4,At Risk
C03322,94,2,55222.0,2,1,1,4,At Risk
C01325,60,2,55163.0,3,1,1,5,At Risk
C13601,42,6,55107.0,3,3,1,7,Potential Customers
C08547,374,3,55067.5,1,1,1,3,Lost Customers
C06565,1,4,55063.0,5,2,1,8,Potential Customers
C03763,81,2,55032.0,2,1,1,4,At Risk
C00738,4,3,54971.5,5,1,1,7,Potential Customers
C14979,59,3,54949.5,3,1,1,5,At Risk
C00215,23,3,54872.0,4,1,1,6,At Risk
C15054,2,1,54754.0,5,1,1,7,Potential Customers
C15335,23,3,54700.0,4,1,1,6,At Risk
C19397,442,2,54671.0,1,1,1,3,Lost Customers
C05489,21,3,54660.0,4,1,1,6,At Risk
C04808,113,6,54659.0,2,3,1,6,At Risk
C10954,7,3,54602.0,5,1,1,7,Potential Customers
C15621,43,3,54553.5,3,1,1,5,At Risk
C10360,37,4,54507.5,4,2,1,7,Potential Customers
C03569,40,3,54462.5,3,1,1,5,At Risk
C12362,271,2,54457.5,1,1,1,3,Lost Customers
C06505,6,2,54452.5,5,1,1,7,Potential Customers
C16788,35,4,54445.0,4,2,1,7,Potential Customers
C17329,341,2,54444.5,1,1,1,3,Lost Customers
C01370,304,3,54421.0,1,1,1,3,Lost Customers
C09545,36,3,54409.0,4,1,1,6,At Risk
C02498,3,3,54393.5,5,1,1,7,Potential Customers
C13225,84,2,54376.5,2,1,1,4,At Risk
C15839,198,4,54374.5,1,2,1,4,At Risk
C19215,172,1,54336.0,2,1,1,4,At Risk
C01208,24,4,54321.0,4,2,1,7,Potential Customers
C05483,62,3,54298.5,3,1,1,5,At Risk
C14894,71,2,54289.5,3,1,1,5,At Risk
C15183,168,3,54177.5,2,1,1,4,At Risk
C19081,17,3,54149.5,5,1,1,7,Potential Customers
C09584,98,1,54128.0,2,1,1,4,At Risk
C05516,31,3,54116.5,4,1,1,6,At Risk
C15403,33,3,54063.5,4,1,1,6,At Risk
C14406,103,3,54060.0,2,1,1,4,At Risk
C14073,35,4,54050.5,4,2,1,7,Potential Customers
C09453,14,4,54037.5,5,2,1,8,Potential Customers
C02956,26,2,53946.5,4,1,1,6,At Risk
C04525,35,5,53944.5,4,3,1,8,Potential Customers
C00968,71,1,53914.5,3,1,1,5,At Risk
C18689,63,3,53898.5,3,1,1,5,At Risk
C14598,281,2,53897.5,1,1,1,3,Lost Customers
C00104,12,2,53868.5,5,1,1,7,Potential Customers
C10061,82,4,53834.5,2,2,1,5,At Risk
C04284,5,2,53768.5,5,1,1,7,Potential Customers
C14250,3,2,53766.0,5,1,1,7,Potential Customers
C08841,19,4,53750.0,4,2,1,7,Potential Customers
C12135,60,1,53736.5,3,1,1,5,At Risk
C02769,10,3,53716.0,5,1,1,7,Potential Customers
C00661,7,3,53667.5,5,1,1,7,Potential Customers
C11475,97,3,53657.0,2,1,1,4,At Risk
C15058,49,3,53632.0,3,1,1,5,At Risk
C00023,368,1,53606.0,1,1,1,3,Lost Customers
C09673,143,3,53573.5,2,1,1,4,At Risk
C05029,110,2,53546.5,2,1,1,4,At Risk
C15745,15,2,53546.5,5,1,1,7,Potential Customers
C19216,10,3,53542.0,5,1,1,7,Potential Customers
C13122,109,4,53526.0,2,2,1,5,At Risk
C09791,329,3,53494.5,1,1,1,3,Lost Customers
C07133,15,3,53484.5,5,1,1,7,Potential Customers
C09515,45,4,53410.0,3,2,1,6,At Risk
C00981,40,2,53339.0,3,1,1,5,At Risk
C00884,1,2,53326.5,5,1,1,7,Potential Customers
C04199,30,2,53298.5,4,1,1,6,At Risk
C15644,215,3,53287.0,1,1,1,3,Lost Customers
C12702,188,3,53259.5,1,1,1,3,Lost Customers
C02475,396,1,53233.0,1,1,1,3,Lost Customers
C16441,111,2,53207.5,2,1,1,4,At Risk
C11294,1,3,53181.5,5,1,1,7,Potential Customers
C16429,173,3,53164.0,2,1,1,4,At Risk
C09835,50,2,53156.0,3,1,1,5,At Risk
C14767,138,2,53137.0,2,1,1,4,At Risk
C13903,48,2,53082.0,3,1,1,5,At Risk
C07002,135,3,53073.0,2,1,1,4,At Risk
C17836,15,5,53066.5,5,3,1,9,Potential Customers
C18949,123,4,53064.5,2,2,1,5,At Risk
C01301,49,3,53045.0,3,1,1,5,At Risk
C19321,53,4,53042.0,3,2,1,6,At Risk
C15174,648,3,53013.0,1,1,1,3,Lost Customers
C02182,2,3,53002.0,5,1,1,7,Potential Customers
C00489,419,2,52981.5,1,1,1,3,Lost Customers
C01334,232,2,52912.0,1,1,1,3,Lost Customers
C05043,3,2,52877.0,5,1,1,7,Potential Customers
C15311,8,2,52793.0,5,1,1,7,Potential Customers
C17053,15,1,52786.0,5,1,1,7,Potential Customers
C15134,28,2,52735.0,4,1,1,6,At Risk
C14254,108,2,52718.5,2,1,1,4,At Risk
C14789,283,3,52718.0,1,1,1,3,Lost Customers
C08366,33,5,52682.5,4,3,1,8,Potential Customers
C16243,153,3,52639.5,2,1,1,4,At Risk
C06677,266,2,52595.0,1,1,1,3,Lost Customers
C15076,82,3,52591.5,2,1,1,4,At Risk
C04108,105,3,52533.0,2,1,1,4,At Risk
C07199,51,2,52509.0,3,1,1,5,At Risk
C19735,1,3,52503.5,5,1,1,7,Potential Customers
C14486,124,2,52446.0,2,1,1,4,At Risk
C07455,217,3,52433.5,1,1,1,3,Lost Customers
C06994,17,3,52405.5,5,1,1,7,Potential Customers
C13605,410,3,52357.5,1,1,1,3,Lost Customers
C10139,6,3,52354.5,5,1,1,7,Potential Customers
C11596,40,3,52345.5,3,1,1,5,At Risk
C02230,24,4,52337.5,4,2,1,7,Potential Customers
C09940,43,2,52325.5,3,1,1,5,At Risk
C07612,24,4,52303.5,4,2,1,7,Potential Customers
C10201,134,2,52282.0,2,1,1,4,At Risk
C18995,2,2,52229.5,5,1,1,7,Potential Customers
C16445,52,3,52212.0,3,1,1,5,At Risk
C03951,61,3,52195.0,3,1,1,5,At Risk
C00675,21,2,52172.0,4,1,1,6,At Risk
C08721,323,3,52158.0,1,1,1,3,Lost Customers
C08177,34,5,52147.5,4,3,1,8,Potential Customers
C06680,6,3,52138.0,5,1,1,7,Potential Customers
C14652,261,3,52081.0,1,1,1,3,Lost Customers
C17206,77,2,52015.5,3,1,1,5,At Risk
C06142,57,2,52014.0,3,1,1,5,At Risk
C05168,133,4,52004.5,2,2,1,5,At Risk
C10474,90,3,51994.5,2,1,1,4,At Risk
C12709,134,4,51994.0,2,2,1,5,At Risk
C15095,194,2,51961.5,1,1,1,3,Lost Customers
C13044,454,2,51948.5,1,1,1,3,Lost Customers
C09544,69,5,51907.0,3,3,1,7,Potential Customers
C03680,104,4,51893.0,2,2,1,5,At Risk
C04904,17,3,51877.5,5,1,1,7,Potential Customers
C05124,29,3,51873.0,4,1,1,6,At Risk
C14231,9,6,51853.5,5,3,1,9,Potential Customers
C06120,109,4,51845.0,2,2,1,5,At Risk
C14540,3,4,51791.5,5,2,1,8,Potential Customers
C04785,45,3,51748.0,3,1,1,5,At Risk
C08076,2,1,51652.0,5,1,1,7,Potential Customers
C13485,60,3,51617.5,3,1,1,5,At Risk
C19525,211,2,51510.5,1,1,1,3,Lost Customers
C13495,3,5,51476.5,5,3,1,9,Potential Customers
C02819,5,3,51455.0,5,1,1,7,Potential Customers
C01988,113,2,51404.0,2,1,1,4,At Risk
C02425,38,3,51371.0,4,1,1,6,At Risk
C00719,7,2,51368.0,5,1,1,7,Potential Customers
C00818,20,3,51205.5,4,1,1,6,At Risk
C05447,160,1,51150.0,2,1,1,4,At Risk
C06969,154,1,51128.0,2,1,1,4,At Risk
C01204,12,5,51119.5,5,3,1,9,Potential Customers
C13638,183,2,51010.5,1,1,1,3,Lost Customers
C13478,244,4,50969.0,1,2,1,4,At Risk
C01072,71,3,50961.5,3,1,1,5,At Risk
C00564,3,3,50935.0,5,1,1,7,Potential Customers
C04764,48,2,50918.0,3,1,1,5,At Risk
C12751,341,2,50874.0,1,1,1,3,Lost Customers
C17537,48,2,50870.5,3,1,1,5,At Risk
C08982,8,3,50868.0,5,1,1,7,Potential Customers
C11437,67,3,50837.0,3,1,1,5,At Risk
C02729,316,1,50826.0,1,1,1,3,Lost Customers
C11137,25,2,50801.5,4,1,1,6,At Risk
C03160,518,1,50800.5,1,1,1,3,Lost Customers
C12506,17,4,50794.0,5,2,1,8,Potential Customers
C16690,120,1,50780.5,2,1,1,4,At Risk
C12741,43,3,50760.0,3,1,1,5,At Risk
C13652,277,2,50743.0,1,1,1,3,Lost Customers
C17460,21,2,50720.0,4,1,1,6,At Risk
C05326,22,3,50719.5,4,1,1,6,At Risk
C00114,69,2,50719.0,3,1,1,5,At Risk
C02375,23,4,50708.5,4,2,1,7,Potential Customers
C19763,161,2,50695.5,2,1,1,4,At Risk
C13930,64,4,50676.0,3,2,1,6,At Risk
C02440,9,1,50625.5,5,1,1,7,Potential Customers
C12633,7,2,50623.0,5,1,1,7,Potential Customers
C19718,24,4,50594.5,4,2,1,7,Potential Customers
C18430,315,3,50547.5,1,1,1,3,Lost Customers
C04640,347,2,50533.0,1,1,1,3,Lost Customers
C01734,255,1,50481.0,1,1,1,3,Lost Customers
C07536,55,2,50479.0,3,1,1,5,At Risk
C15478,19,4,50463.5,4,2,1,7,Potential Customers
C04915,107,2,50452.0,2,1,1,4,At Risk
C06281,4,3,50387.0,5,1,1,7,Potential Customers
C03718,1,3,50372.5,5,1,1,7,Potential Customers
C15261,12,2,50305.5,5,1,1,7,Potential Customers
C18891,18,2,50294.5,4,1,1,6,At Risk
C18572,37,2,50278.5,4,1,1,6,At Risk
C19038,115,3,50258.5,2,1,1,4,At Risk
C16254,26,4,50205.5,4,2,1,7,Potential Customers
C16554,264,3,50103.5,1,1,1,3,Lost Customers
C19187,120,2,50041.0,2,1,1,4,At Risk
C10743,6,2,49990.0,5,1,1,7,Potential Customers
C11360,80,5,49967.0,2,3,1,6,At Risk
C14467,84,4,49944.5,2,2,1,5,At Risk
C10403,178,2,49930.5,2,1,1,4,At Risk
C02929,63,4,49873.0,3,2,1,6,At Risk
C10670,2,5,49853.0,5,3,1,9,Potential Customers
C08406,76,5,49819.0,3,3,1,7,Potential Customers
C09479,379,3,49794.0,1,1,1,3,Lost Customers
C01499,161,5,49785.0,2,3,1,6,At Risk
C01931,195,2,49767.5,1,1,1,3,Lost Customers
C14004,422,2,49752.5,1,1,1,3,Lost Customers
C05841,156,2,49675.0,2,1,1,4,At Risk
C19994,122,3,49656.0,2,1,1,4,At Risk
C03432,29,3,49654.5,4,1,1,6,At Risk
C07206,295,3,49644.5,1,1,1,3,Lost Customers
C10444,84,3,49638.5,2,1,1,4,At Risk
C12580,48,5,49603.0,3,3,1,7,Potential Customers
C08435,29,4,49566.5,4,2,1,7,Potential Customers
C05806,113,3,49565.5,2,1,1,4,At Risk
C16271,202,1,49519.0,1,1,1,3,Lost Customers
C10648,191,2,49501.0,1,1,1,3,Lost Customers
C02540,4,3,49489.5,5,1,1,7,Potential Customers
C11536,37,1,49480.0,4,1,1,6,At Risk
C16234,505,2,49477.5,1,1,1,3,Lost Customers
C10979,28,3,49461.0,4,1,1,6,At Risk
C17420,71,2,49392.5,3,1,1,5,At Risk
C14701,70,1,49352.0,3,1,1,5,At Risk
C05238,103,2,49311.5,2,1,1,4,At Risk
C08517,31,3,49301.0,4,1,1,6,At Risk
C04848,66,2,49291.0,3,1,1,5,At Risk
C09914,109,2,49291.0,2,1,1,4,At Risk
C09270,118,1,49205.0,2,1,1,4,At Risk
C15474,67,3,49191.0,3,1,1,5,At Risk
C07860,90,2,49178.0,2,1,1,4,At Risk
C04983,12,4,49161.5,5,2,1,8,Potential Customers
C11342,151,3,49159.0,2,1,1,4,At Risk
C09656,307,2,49156.0,1,1,1,3,Lost Customers
C05108,39,4,49141.0,4,2,1,7,Potential Customers
C16139,510,2,49125.0,1,1,1,3,Lost Customers
C11120,368,1,49124.0,1,1,1,3,Lost Customers
C15342,57,5,49053.5,3,3,1,7,Potential Customers
C13068,81,5,49015.5,2,3,1,6,At Risk
C16098,56,1,48995.5,3,1,1,5,At Risk
C10969,46,2,48980.0,3,1,1,5,At Risk
C17814,5,4,48875.5,5,2,1,8,Potential Customers
C14230,59,6,48853.5,3,3,1,7,Potential Customers
C11141,3,3,48842.0,5,1,1,7,Potential Customers
C15963,23,3,48793.0,4,1,1,6,At Risk
C15793,37,3,48726.0,4,1,1,6,At Risk
C16781,16,2,48684.0,5,1,1,7,Potential Customers
C00567,50,3,48639.0,3,1,1,5,At Risk
C02044,145,2,48636.0,2,1,1,4,At Risk
C00694,93,3,48619.5,2,1,1,4,At Risk
C08220,117,2,48612.0,2,1,1,4,At Risk
C13387,9,3,48595.5,5,1,1,7,Potential Customers
C08199,277,3,48594.0,1,1,1,3,Lost Customers
C08398,38,3,48577.0,4,1,1,6,At Risk
C01590,109,2,48565.5,2,1,1,4,At Risk
C02886,220,3,48560.5,1,1,1,3,Lost Customers
C19529,416,1,48496.0,1,1,1,3,Lost Customers
C16227,34,4,48434.0,4,2,1,7,Potential Customers
C02816,10,2,48420.5,5,1,1,7,Potential Customers
C06578,429,3,48410.5,1,1,1,3,Lost Customers
C08951,183,2,48405.0,1,1,1,3,Lost Customers
C13710,10,2,48390.0,5,1,1,7,Potential Customers
C04027,39,2,48380.0,4,1,1,6,At Risk
C13314,2,3,48376.5,5,1,1,7,Potential Customers
C14777,12,3,48370.0,5,1,1,7,Potential Customers
C00743,18,4,48358.5,4,2,1,7,Potential Customers
C07377,49,2,48313.5,3,1,1,5,At Risk
C13498,6,3,48291.0,5,1,1,7,Potential Customers
C08697,11,3,48288.0,5,1,1,7,Potential Customers
C01761,111,2,48278.0,2,1,1,4,At Risk
C03110,123,1,48254.0,2,1,1,4,At Risk
C05873,92,4,48252.0,2,2,1,5,At Risk
C04337,68,2,48137.5,3,1,1,5,At Risk
C18438,4,2,48115.5,5,1,1,7,Potential Customers
C03496,292,1,48079.5,1,1,1,3,Lost Customers
C03069,43,2,48067.0,3,1,1,5,At Risk
C18639,129,1,47944.0,2,1,1,4,At Risk
C00199,338,2,47893.5,1,1,1,3,Lost Customers
C09912,30,1,47861.0,4,1,1,6,At Risk
C19419,7,3,47768.0,5,1,1,7,Potential Customers
C10274,121,3,47684.0,2,1,1,4,At Risk
C10771,29,2,47673.0,4,1,1,6,At Risk
C04421,266,1,47668.5,1,1,1,3,Lost Customers
C11186,216,2,47653.0,1,1,1,3,Lost Customers
C13375,74,2,47626.0,3,1,1,5,At Risk
C05405,65,3,47614.0,3,1,1,5,At Risk
C18152,278,1,47480.0,1,1,1,3,Lost Customers
C01384,17,2,47438.0,5,1,1,7,Potential Customers
C17427,84,3,47427.0,2,1,1,4,At Risk
C14082,2,4,47405.5,5,2,1,8,Potential Customers
C09961,205,2,47331.5,1,1,1,3,Lost Customers
C07454,152,3,47310.5,2,1,1,4,At Risk
C00835,17,3,47303.0,5,1,1,7,Potential Customers
C06558,341,4,47256.5,1,2,1,4,At Risk
C08777,11,4,47230.0,5,2,1,8,Potential Customers
C00415,57,2,47133.5,3,1,1,5,At Risk
C12626,528,2,47122.0,1,1,1,3,Lost Customers
C07498,65,3,47033.0,3,1,1,5,At Risk
C01538,200,2,47009.5,1,1,1,3,Lost Customers
C06349,82,2,46957.0,2,1,1,4,At Risk
C01642,68,2,46919.0,3,1,1,5,At Risk
C19077,709,1,46909.0,1,1,1,3,Lost Customers
C17862,121,2,46828.0,2,1,1,4,At Risk
C03934,50,3,46750.0,3,1,1,5,At Risk
C10407,10,2,46737.5,5,1,1,7,Potential Customers
C14349,176,1,46710.0,2,1,1,4,At Risk
C19435,87,2,46698.5,2,1,1,4,At Risk
C09405,33,2,46680.5,4,1,1,6,At Risk
C03634,48,3,46608.5,3,1,1,5,At Risk
C07719,8,2,46543.0,5,1,1,7,Potential Customers
C05375,443,1,46524.5,1,1,1,3,Lost Customers
C01318,13,4,46512.5,5,2,1,8,Potential Customers
C13540,46,3,46470.5,3,1,1,5,At Risk
C01264,200,2,46459.0,1,1,1,3,Lost Customers
C04688,127,3,46405.5,2,1,1,4,At Risk
C15701,306,2,46367.0,1,1,1,3,Lost Customers
C02974,184,2,46351.0,1,1,1,3,Lost Customers
C02820,16,2,46325.5,5,1,1,7,Potential Customers
C16095,54,2,46323.5,3,1,1,5,At Risk
C19175,4,3,46291.0,5,1,1,7,Potential Customers
C11267,35,1,46288.0,4,1,1,6,At Risk
C00929,92,1,46285.0,2,1,1,4,At Risk
C07726,120,1,46221.0,2,1,1,4,At Risk
C08940,120,3,46198.0,2,1,1,4,At Risk
C15820,4,4,46180.0,5,2,1,8,Potential Customers
C07088,389,2,46142.0,1,1,1,3,Lost Customers
C11382,104,2,46121.0,2,1,1,4,At Risk
C19229,405,1,46067.0,1,1,1,3,Lost Customers
C07666,428,4,46043.5,1,2,1,4,At Risk
C12852,55,2,46040.0,3,1,1,5,At Risk
C07677,293,2,45965.0,1,1,1,3,Lost Customers
C07240,41,3,45891.0,3,1,1,5,At Risk
C12902,207,1,45840.5,1,1,1,3,Lost Customers
C05746,11,3,45826.5,5,1,1,7,Potential Customers
C08186,78,6,45818.0,3,3,1,7,Potential Customers
C00951,245,4,45773.5,1,2,1,4,At Risk
C19856,158,2,45723.5,2,1,1,4,At Risk
C14936,37,2,45644.5,4,1,1,6,At Risk
C03329,10,2,45584.5,5,1,1,7,Potential Customers
C00825,56,5,45577.5,3,3,1,7,Potential Customers
C19475,154,2,45549.5,2,1,1,4,At Risk
C18068,40,4,45544.5,3,2,1,6,At Risk
C17635,98,1,45518.0,2,1,1,4,At Risk
C17434,69,2,45500.0,3,1,1,5,At Risk
C08438,8,1,45444.0,5,1,1,7,Potential Customers
C03511,161,4,45441.0,2,2,1,5,At Risk
C18105,8,3,45430.0,5,1,1,7,Potential Customers
C00302,16,3,45409.0,5,1,1,7,Potential Customers
C02007,390,1,45367.5,1,1,1,3,Lost Customers
C16087,202,3,45300.5,1,1,1,3,Lost Customers
C07030,52,3,45272.0,3,1,1,5,At Risk
C14012,63,2,45260.0,3,1,1,5,At Risk
C05592,1,3,45196.0,5,1,1,7,Potential Customers
C17021,17,4,45186.0,5,2,1,8,Potential Customers
C08526,50,2,45138.5,3,1,1,5,At Risk
C13132,2,3,45128.0,5,1,1,7,Potential Customers
C19469,1,4,45077.0,5,2,1,8,Potential Customers
C00400,59,2,45065.0,3,1,1,5,At Risk
C02718,10,3,45052.0,5,1,1,7,Potential Customers
C04898,2,2,45029.0,5,1,1,7,Potential Customers
C03151,33,3,45010.0,4,1,1,6,At Risk
C07812,81,2,44913.0,2,1,1,4,At Risk
C11055,2,2,44885.0,5,1,1,7,Potential Customers
C11082,1,1,44855.5,5,1,1,7,Potential Customers
C12823,32,2,44846.5,4,1,1,6,At Risk
C15988,20,2,44830.5,4,1,1,6,At Risk
C09187,362,2,44762.0,1,1,1,3,Lost Customers
C14367,472,2,44692.5,1,1,1,3,Lost Customers
C01632,3,3,44688.0,5,1,1,7,Potential Customers
C06512,47,3,44670.5,3,1,1,5,At Risk
C11744,317,2,44652.0,1,1,1,3,Lost Customers
C14158,124,2,44627.5,2,1,1,4,At Risk
C18165,3,2,44582.0,5,1,1,7,Potential Customers
C16187,60,2,44507.5,3,1,1,5,At Risk
C19244,168,3,44413.5,2,1,1,4,At Risk
C00876,105,2,44372.0,2,1,1,4,At Risk
C13202,179,2,44361.5,2,1,1,4,At Risk
C08212,214,1,44340.0,1,1,1,3,Lost Customers
C17718,324,2,44332.0,1,1,1,3,Lost Customers
C13808,144,3,44267.5,2,1,1,4,At Risk
C08324,473,1,44237.5,1,1,1,3,Lost Customers
C01706,20,1,44106.0,4,1,1,6,At Risk
C15580,17,2,43996.5,5,1,1,7,Potential Customers
C17303,30,1,43976.0,4,1,1,6,At Risk
C17748,5,3,43963.5,5,1,1,7,Potential Customers
C12075,105,3,43945.0,2,1,1,4,At Risk
C13051,246,1,43830.0,1,1,1,3,Lost Customers
C04820,24,3,43812.5,4,1,1,6,At Risk
C04777,2,3,43745.0,5,1,1,7,Potential Customers
C15799,198,2,43698.0,1,1,1,3,Lost Customers
C08393,19,3,43647.5,4,1,1,6,At Risk
C01564,57,3,43627.5,3,1,1,5,At Risk
C05691,8,3,43625.5,5,1,1,7,Potential Customers
C11717,28,3,43609.5,4,1,1,6,At Risk
C14747,3,3,43511.0,5,1,1,7,Potential Customers
C02169,1,3,43502.0,5,1,1,7,Potential Customers
C04280,5,2,43456.5,5,1,1,7,Potential Customers
C19812,83,3,43428.0,2,1,1,4,At Risk
C11319,113,2,43405.0,2,1,1,4,At Risk
C19019,196,4,43346.5,1,2,1,4,At Risk
C00752,258,2,43330.0,1,1,1,3,Lost Customers
C04706,20,3,43287.0,4,1,1,6,At Risk
C05266,137,3,43279.5,2,1,1,4,At Risk
C17797,85,4,43227.0,2,2,1,5,At Risk
C19983,2,3,43198.0,5,1,1,7,Potential Customers
C18160,57,3,43128.5,3,1,1,5,At Risk
C06832,60,3,43122.5,3,1,1,5,At Risk
C08953,92,3,43002.5,2,1,1,4,At Risk
C05688,35,3,42956.0,4,1,1,6,At Risk
C14924,313,2,42948.0,1,1,1,3,Lost Customers
C11659,515,2,42927.5,1,1,1,3,Lost Customers
C10928,285,2,42908.0,1,1,1,3,Lost Customers
C04331,35,4,42860.0,4,2,1,7,Potential Customers
C10492,306,1,42856.0,1,1,1,3,Lost Customers
C02635,32,1,42830.0,4,1,1,6,At Risk
C14358,46,2,42824.0,3,1,1,5,At Risk
C18637,82,3,42809.0,2,1,1,4,At Risk
C02641,144,3,42776.0,2,1,1,4,At Risk
C01569,49,2,42763.5,3,1,1,5,At Risk
C08419,18,3,42735.5,4,1,1,6,At Risk
C02249,16,2,42712.0,5,1,1,7,Potential Customers
C02528,182,5,42624.0,1,3,1,5,At Risk
C07820,514,2,42578.5,1,1,1,3,Lost Customers
C07774,114,2,42559.0,2,1,1,4,At Risk
C12054,58,3,42495.5,3,1,1,5,At Risk
C06039,196,2,42470.0,1,1,1,3,Lost Customers
C12756,4,2,42437.0,5,1,1,7,Potential Customers
C17476,2,4,42418.0,5,2,1,8,Potential Customers
C15330,58,2,42372.0,3,1,1,5,At Risk
C01079,121,2,42363.0,2,1,1,4,At Risk
C17629,96,3,42325.0,2,1,1,4,At Risk
C19702,375,1,42271.0,1,1,1,3,Lost Customers
C16926,6,4,42254.0,5,2,1,8,Potential Customers
C04633,73,3,42217.0,3,1,1,5,At Risk
C16062,113,3,42201.0,2,1,1,4,At Risk
C09704,32,5,42104.0,4,3,1,8,Potential Customers
C17858,1,2,42091.5,5,1,1,7,Potential Customers
C18616,369,4,42069.5,1,2,1,4,At Risk
C07705,26,3,42056.5,4,1,1,6,At Risk
C02788,3,3,41984.0,5,1,1,7,Potential Customers
C07548,53,2,41964.0,3,1,1,5,At Risk
C04268,40,3,41954.0,3,1,1,5,At Risk
C12488,283,4,41919.5,1,2,1,4,At Risk
C02012,3,5,41911.5,5,3,1,9,Potential Customers
C13119,155,1,41891.0,2,1,1,4,At Risk
C06570,43,4,41780.5,3,2,1,6,At Risk
C01000,264,2,41756.5,1,1,1,3,Lost Customers
C14411,227,2,41745.0,1,1,1,3,Lost Customers
C15091,98,3,41724.5,2,1,1,4,At Risk
C12250,210,4,41639.5,1,2,1,4,At Risk
C15682,73,2,41577.0,3,1,1,5,At Risk
C08098,16,3,41562.0,5,1,1,7,Potential Customers
C06547,21,3,41559.0,4,1,1,6,At Risk
C12422,49,2,41447.0,3,1,1,5,At Risk
C10305,112,2,41435.5,2,1,1,4,At Risk
C05949,11,1,41384.0,5,1,1,7,Potential Customers
C12753,9,2,41361.5,5,1,1,7,Potential Customers
C16745,62,3,41360.0,3,1,1,5,At Risk
C10919,103,1,41298.5,2,1,1,4,At Risk
C03510,98,2,41278.5,2,1,1,4,At Risk
C09115,63,2,41226.5,3,1,1,5,At Risk
C15597,173,2,41155.5,2,1,1,4,At Risk
C07970,389,1,41110.0,1,1,1,3,Lost Customers
C10749,459,2,41073.0,1,1,1,3,Lost Customers
C04333,249,2,41036.0,1,1,1,3,Lost Customers
C16845,78,1,40990.5,3,1,1,5,At Risk
C17507,13,2,40963.0,5,1,1,7,Potential Customers
C02365,2,3,40938.0,5,1,1,7,Potential Customers
C06933,50,2,40914.5,3,1,1,5,At Risk
C10481,10,3,40870.0,5,1,1,7,Potential Customers
C09006,38,4,40846.5,4,2,1,7,Potential Customers
C09856,246,1,40763.0,1,1,1,3,Lost Customers
C11619,179,2,40705.5,2,1,1,4,At Risk
C04629,82,3,40670.0,2,1,1,4,At Risk
C08170,59,1,40635.0,3,1,1,5,At Risk
C01658,17,2,40594.0,5,1,1,7,Potential Customers
C17084,111,2,40537.0,2,1,1,4,At Risk
C01119,97,3,40521.0,2,1,1,4,At Risk
C07145,85,3,40515.5,2,1,1,4,At Risk
C12282,431,1,40457.0,1,1,1,3,Lost Customers
C14111,18,2,40326.0,4,1,1,6,At Risk
C09947,55,1,40319.0,3,1,1,5,At Risk
C17880,52,2,40294.5,3,1,1,5,At Risk
C19726,169,3,40283.0,2,1,1,4,At Risk
C13670,184,3,40282.0,1,1,1,3,Lost Customers
C09983,74,3,40273.0,3,1,1,5,At Risk
C05699,170,3,40231.0,2,1,1,4,At Risk
C02997,324,1,40216.0,1,1,1,3,Lost Customers
C12528,57,2,40190.0,3,1,1,5,At Risk
C06762,114,1,40140.0,2,1,1,4,At Risk
C19572,36,3,40138.0,4,1,1,6,At Risk
C13954,94,3,40007.5,2,1,1,4,At Risk
C04348,10,1,39984.0,5,1,1,7,Potential Customers
C07772,470,2,39874.0,1,1,1,3,Lost Customers
C16259,79,2,39866.5,3,1,1,5,At Risk
C12800,212,2,39826.5,1,1,1,3,Lost Customers
C02398,3,5,39796.0,5,3,1,9,Potential Customers
C18236,142,5,39753.0,2,3,1,6,At Risk
C10984,45,2,39719.5,3,1,1,5,At Risk
C07954,15,7,39706.5,5,4,1,10,Loyal Customers
C18869,102,2,39649.0,2,1,1,4,At Risk
C07431,37,3,39611.0,4,1,1,6,At Risk
C09029,312,3,39566.0,1,1,1,3,Lost Customers
C02712,55,3,39564.5,3,1,1,5,At Risk
C19942,18,2,39548.0,4,1,1,6,At Risk
C05603,145,3,39532.5,2,1,1,4,At Risk
C10950,225,1,39349.5,1,1,1,3,Lost Customers
C02742,7,3,39314.0,5,1,1,7,Potential Customers
C01847,156,4,39278.0,2,2,1,5,At Risk
C15035,138,1,39264.0,2,1,1,4,At Risk
C12971,153,2,39232.0,2,1,1,4,At Risk
C19721,230,2,39201.5,1,1,1,3,Lost Customers
C18781,145,5,39167.0,2,3,1,6,At Risk
C15931,17,3,39158.5,5,1,1,7,Potential Customers
C17444,196,2,39069.0,1,1,1,3,Lost Customers
C11931,344,2,39060.5,1,1,1,3,Lost Customers
C01593,101,3,39042.5,2,1,1,4,At Risk
C06518,159,3,39034.0,2,1,1,4,At Risk
C14280,350,1,38969.5,1,1,1,3,Lost Customers
C06727,309,1,38942.0,1,1,1,3,Lost Customers
C14958,4,4,38900.0,5,2,1,8,Potential Customers
C06037,43,3,38894.5,3,1,1,5,At Risk
C16030,97,1,38892.0,2,1,1,4,At Risk
C02811,67,2,38887.5,3,1,1,5,At Risk
C06123,81,2,38805.0,2,1,1,4,At Risk
C01511,190,2,38784.0,1,1,1,3,Lost Customers
C10283,36,3,38774.5,4,1,1,6,At Risk
C07840,243,2,38768.5,1,1,1,3,Lost Customers
C06392,381,2,38757.0,1,1,1,3,Lost Customers
C07381,3,1,38730.5,5,1,1,7,Potential Customers
C13759,416,1,38730.0,1,1,1,3,Lost Customers
C16484,4,3,38700.0,5,1,1,7,Potential Customers
C16638,272,3,38635.0,1,1,1,3,Lost Customers
C08463,105,2,38615.0,2,1,1,4,At Risk
C07068,267,2,38544.0,1,1,1,3,Lost Customers
C17532,27,3,38516.5,4,1,1,6,At Risk
C07376,7,3,38507.5,5,1,1,7,Potential Customers
C07355,145,3,38505.0,2,1,1,4,At Risk
C17846,5,3,38460.5,5,1,1,7,Potential Customers
C19039,180,2,38459.0,2,1,1,4,At Risk
C01356,132,2,38369.5,2,1,1,4,At Risk
C01173,6,2,38356.0,5,1,1,7,Potential Customers
C18976,4,3,38349.0,5,1,1,7,Potential Customers
C15347,36,2,38345.5,4,1,1,6,At Risk
C15293,190,1,38317.0,1,1,1,3,Lost Customers
C10895,74,4,38307.0,3,2,1,6,At Risk
C18191,196,2,38304.5,1,1,1,3,Lost Customers
C05236,387,1,38302.0,1,1,1,3,Lost Customers
C15016,26,2,38286.0,4,1,1,6,At Risk
C11779,15,4,38252.5,5,2,1,8,Potential Customers
C16844,88,1,38235.0,2,1,1,4,At Risk
C13878,185,3,38098.5,1,1,1,3,Lost Customers
C05094,315,2,38090.0,1,1,1,3,Lost Customers
C09537,2,3,38077.0,5,1,1,7,Potential Customers
C13380,120,1,38060.0,2,1,1,4,At Risk
C05311,20,2,38004.0,4,1,1,6,At Risk
C04579,77,4,38001.0,3,2,1,6,At Risk
C17921,34,2,37979.0,4,1,1,6,At Risk
C00800,125,3,37969.0,2,1,1,4,At Risk
C07056,18,2,37916.0,4,1,1,6,At Risk
C16072,24,2,37903.0,4,1,1,6,At Risk
C00089,51,1,37901.0,3,1,1,5,At Risk
C06742,35,3,37861.0,4,1,1,6,At Risk
C14020,20,3,37856.5,4,1,1,6,At Risk
C04566,253,1,37843.0,1,1,1,3,Lost Customers
C00648,27,3,37828.0,4,1,1,6,At Risk
C16157,10,3,37817.0,5,1,1,7,Potential Customers
C04040,402,1,37800.0,1,1,1,3,Lost Customers
C01141,107,5,37795.0,2,3,1,6,At Risk
C15195,83,2,37744.0,2,1,1,4,At Risk
C09538,63,3,37735.5,3,1,1,5,At Risk
C14361,67,2,37730.0,3,1,1,5,At Risk
C07768,19,2,37726.5,4,1,1,6,At Risk
C10722,81,1,37647.5,2,1,1,4,At Risk
C09100,68,2,37646.5,3,1,1,5,At Risk
C19362,238,2,37626.0,1,1,1,3,Lost Customers
C18142,14,2,37617.0,5,1,1,7,Potential Customers
C09081,107,1,37477.0,2,1,1,4,At Risk
C13703,34,6,37459.0,4,3,1,8,Potential Customers
C00940,34,3,37442.5,4,1,1,6,At Risk
C02803,32,3,37437.5,4,1,1,6,At Risk
C14177,593,1,37410.0,1,1,1,3,Lost Customers
C19238,106,2,37399.5,2,1,1,4,At Risk
C10534,334,1,37370.5,1,1,1,3,Lost Customers
C17236,1,2,37350.0,5,1,1,7,Potential Customers
C05467,49,2,37325.0,3,1,1,5,At Risk
C07977,3,3,37268.5,5,1,1,7,Potential Customers
C05191,71,3,37243.0,3,1,1,5,At Risk
C02264,11,5,37238.5,5,3,1,9,Potential Customers
C05252,597,2,37198.0,1,1,1,3,Lost Customers
C05418,96,4,37184.5,2,2,1,5,At Risk
C19450,26,2,37038.5,4,1,1,6,At Risk
C10579,163,2,37034.0,2,1,1,4,At Risk
C07410,21,5,36957.5,4,3,1,8,Potential Customers
C18880,220,3,36943.5,1,1,1,3,Lost Customers
C11394,31,3,36937.0,4,1,1,6,At Risk
C00688,19,2,36858.5,4,1,1,6,At Risk
C03205,68,1,36856.0,3,1,1,5,At Risk
C09231,88,2,36838.0,2,1,1,4,At Risk
C05870,8,2,36827.0,5,1,1,7,Potential Customers
C05028,385,2,36788.0,1,1,1,3,Lost Customers
C15773,122,3,36762.5,2,1,1,4,At Risk
C12244,302,2,36735.5,1,1,1,3,Lost Customers
C12082,210,2,36683.5,1,1,1,3,Lost Customers
C02439,231,2,36643.0,1,1,1,3,Lost Customers
C01597,25,3,36629.0,4,1,1,6,At Risk
C00206,2,2,36613.5,5,1,1,7,Potential Customers
C15165,225,4,36605.5,1,2,1,4,At Risk
C07724,147,2,36605.0,2,1,1,4,At Risk
C17996,281,2,36564.0,1,1,1,3,Lost Customers
C02405,94,1,36560.0,2,1,1,4,At Risk
C06293,21,2,36476.0,4,1,1,6,At Risk
C12475,7,4,36474.0,5,2,1,8,Potential Customers
C18458,37,2,36465.0,4,1,1,6,At Risk
C04156,21,3,36445.5,4,1,1,6,At Risk
C18418,67,2,36393.0,3,1,1,5,At Risk
C16755,23,2,36380.0,4,1,1,6,At Risk
C14248,35,4,36364.0,4,2,1,7,Potential Customers
C15754,12,4,36363.5,5,2,1,8,Potential Customers
C10500,73,4,36358.5,3,2,1,6,At Risk
C02220,17,2,36351.0,5,1,1,7,Potential Customers
C19255,108,1,36322.0,2,1,1,4,At Risk
C17499,84,2,36310.0,2,1,1,4,At Risk
C04411,76,1,36284.5,3,1,1,5,At Risk
C18759,190,2,36276.0,1,1,1,3,Lost Customers
C18705,8,2,36233.5,5,1,1,7,Potential Customers
C19140,22,1,36200.0,4,1,1,6,At Risk
C06614,56,2,36175.0,3,1,1,5,At Risk
C06612,76,3,36173.0,3,1,1,5,At Risk
C04502,17,3,36144.5,5,1,1,7,Potential Customers
C02116,48,3,36087.5,3,1,1,5,At Risk
C14574,21,3,36076.5,4,1,1,6,At Risk
C11904,75,2,36070.0,3,1,1,5,At Risk
C07342,195,2,35961.0,1,1,1,3,Lost Customers
C05589,48,2,35927.5,3,1,1,5,At Risk
C11255,89,2,35864.0,2,1,1,4,At Risk
C05878,221,1,35825.0,1,1,1,3,Lost Customers
C05280,30,2,35811.0,4,1,1,6,At Risk
C09292,17,2,35757.0,5,1,1,7,Potential Customers
C01726,135,2,35749.0,2,1,1,4,At Risk
C15706,327,2,35654.5,1,1,1,3,Lost Customers
C09137,72,4,35634.5,3,2,1,6,At Risk
C17011,17,2,35629.0,5,1,1,7,Potential Customers
C11784,3,2,35582.5,5,1,1,7,Potential Customers
C18784,154,4,35422.0,2,2,1,5,At Risk
C12503,10,1,35389.0,5,1,1,7,Potential Customers
C01207,49,3,35380.0,3,1,1,5,At Risk
C15139,22,2,35350.5,4,1,1,6,At Risk
C11852,6,3,35162.0,5,1,1,7,Potential Customers
C11963,50,2,35141.0,3,1,1,5,At Risk
C19765,91,1,35135.0,2,1,1,4,At Risk
C09061,15,4,35108.0,5,2,1,8,Potential Customers
C10393,15,3,35091.5,5,1,1,7,Potential Customers
C11833,53,3,35081.5,3,1,1,5,At Risk
C09442,21,1,35061.0,4,1,1,6,At Risk
C10978,160,2,35052.0,2,1,1,4,At Risk
C11894,2,5,34993.5,5,3,1,9,Potential Customers
C02265,151,3,34978.5,2,1,1,4,At Risk
C18029,61,3,34968.0,3,1,1,5,At Risk
C02532,339,3,34966.5,1,1,1,3,Lost Customers
C17731,152,1,34947.0,2,1,1,4,At Risk
C17673,21,2,34917.5,4,1,1,6,At Risk
C03217,105,2,34884.5,2,1,1,4,At Risk
C17855,333,1,34866.0,1,1,1,3,Lost Customers
C11185,23,3,34832.0,4,1,1,6,At Risk
C01184,5,4,34803.0,5,2,1,8,Potential Customers
C01766,294,1,34801.0,1,1,1,3,Lost Customers
C11526,114,4,34746.5,2,2,1,5,At Risk
C05996,172,2,34730.0,2,1,1,4,At Risk
C08722,23,2,34716.5,4,1,1,6,At Risk
C16162,29,2,34715.0,4,1,1,6,At Risk
C03295,39,3,34711.5,4,1,1,6,At Risk
C00122,133,1,34694.5,2,1,1,4,At Risk
C15534,112,1,34649.0,2,1,1,4,At Risk
C00628,230,1,34631.5,1,1,1,3,Lost Customers
C09727,413,1,34596.0,1,1,1,3,Lost Customers
C18660,9,2,34589.0,5,1,1,7,Potential Customers
C17829,18,5,34588.5,4,3,1,8,Potential Customers
C01630,13,3,34581.5,5,1,1,7,Potential Customers
C03655,72,2,34545.5,3,1,1,5,At Risk
C19067,29,2,34542.0,4,1,1,6,At Risk
C00044,26,2,34539.5,4,1,1,6,At Risk
C12670,13,3,34529.5,5,1,1,7,Potential Customers
C05666,43,3,34475.5,3,1,1,5,At Risk
C13507,522,1,34440.0,1,1,1,3,Lost Customers
C10633,11,4,34422.0,5,2,1,8,Potential Customers
C17001,44,1,34394.0,3,1,1,5,At Risk
C16917,31,3,34393.0,4,1,1,6,At Risk
C00773,286,3,34365.5,1,1,1,3,Lost Customers
C00183,85,2,34348.5,2,1,1,4,At Risk
C03785,198,2,34343.0,1,1,1,3,Lost Customers
C16482,6,2,34154.0,5,1,1,7,Potential Customers
C06148,62,1,34146.0,3,1,1,5,At Risk
C14995,85,2,34144.0,2,1,1,4,At Risk
C05230,71,4,34121.5,3,2,1,6,At Risk
C11145,4,2,34041.0,5,1,1,7,Potential Customers
C19867,23,4,34040.0,4,2,1,7,Potential Customers
C17578,61,1,34030.0,3,1,1,5,At Risk
C12697,38,3,33895.0,4,1,1,6,At Risk
C08061,286,1,33878.0,1,1,1,3,Lost Customers
C03711,214,3,33857.0,1,1,1,3,Lost Customers
C06390,4,2,33832.0,5,1,1,7,Potential Customers
C17312,67,3,33817.5,3,1,1,5,At Risk
C18204,203,2,33797.0,1,1,1,3,Lost Customers
C11711,172,3,33789.0,2,1,1,4,At Risk
C11068,1,1,33771.0,5,1,1,7,Potential Customers
C07617,106,2,33763.5,2,1,1,4,At Risk
C07015,81,3,33742.0,2,1,1,4,At Risk
C09506,16,3,33718.0,5,1,1,7,Potential Customers
C17364,517,3,33707.5,1,1,1,3,Lost Customers
C08298,46,3,33641.5,3,1,1,5,At Risk
C09512,130,2,33638.0,2,1,1,4,At Risk
C17548,13,1,33614.5,5,1,1,7,Potential Customers
C02354,70,3,33588.5,3,1,1,5,At Risk
C10129,77,1,33588.0,3,1,1,5,At Risk
C11990,217,1,33548.0,1,1,1,3,Lost Customers
C13572,9,2,33490.0,5,1,1,7,Potential Customers
C11240,16,3,33451.0,5,1,1,7,Potential Customers
C00762,140,3,33438.0,2,1,1,4,At Risk
C03891,216,2,33434.5,1,1,1,3,Lost Customers
C10005,69,2,33423.5,3,1,1,5,At Risk
C04745,17,1,33410.0,5,1,1,7,Potential Customers
C17127,6,1,33373.5,5,1,1,7,Potential Customers
C09930,29,1,33343.0,4,1,1,6,At Risk
C06866,23,1,33341.5,4,1,1,6,At Risk
C06774,228,3,33298.0,1,1,1,3,Lost Customers
C08758,20,3,33270.0,4,1,1,6,At Risk
C03152,16,3,33246.5,5,1,1,7,Potential Customers
C18329,35,1,33226.0,4,1,1,6,At Risk
C19160,158,1,33223.0,2,1,1,4,At Risk
C13116,23,4,33174.0,4,2,1,7,Potential Customers
C12210,92,2,33160.0,2,1,1,4,At Risk
C05190,1,3,33136.0,5,1,1,7,Potential Customers
C08455,4,2,33051.0,5,1,1,7,Potential Customers
C15129,17,4,33041.5,5,2,1,8,Potential Customers
C03871,112,2,33025.5,2,1,1,4,At Risk
C09392,46,3,33012.5,3,1,1,5,At Risk
C01681,8,3,32984.5,5,1,1,7,Potential Customers
C16728,68,3,32961.5,3,1,1,5,At Risk
C11996,1,3,32954.0,5,1,1,7,Potential Customers
C06345,176,2,32930.0,2,1,1,4,At Risk
C02601,44,2,32895.0,3,1,1,5,At Risk
C07899,207,2,32889.5,1,1,1,3,Lost Customers
C11242,17,3,32836.0,5,1,1,7,Potential Customers
C12679,12,2,32812.0,5,1,1,7,Potential Customers
C19231,41,3,32769.5,3,1,1,5,At Risk
C10463,641,1,32730.5,1,1,1,3,Lost Customers
C18157,40,2,32706.5,3,1,1,5,At Risk
C10409,92,2,32639.5,2,1,1,4,At Risk
C08301,159,2,32606.0,2,1,1,4,At Risk
C02349,7,4,32580.0,5,2,1,8,Potential Customers
C00854,37,2,32548.5,4,1,1,6,At Risk
C09301,68,1,32466.5,3,1,1,5,At Risk
C11444,8,2,32444.5,5,1,1,7,Potential Customers
C08580,14,2,32374.0,5,1,1,7,Potential Customers
C16327,8,2,32368.0,5,1,1,7,Potential Customers
C10945,3,3,32354.5,5,1,1,7,Potential Customers
C06741,11,2,32328.0,5,1,1,7,Potential Customers
C00103,46,2,32295.5,3,1,1,5,At Risk
C09990,34,3,32272.0,4,1,1,6,At Risk
C00519,39,3,32211.0,4,1,1,6,At Risk
C09047,26,3,32202.5,4,1,1,6,At Risk
C09113,3,3,32183.5,5,1,1,7,Potential Customers
C18232,76,2,32107.0,3,1,1,5,At Risk
C08955,21,4,32077.5,4,2,1,7,Potential Customers
C02726,26,3,32075.5,4,1,1,6,At Risk
C12834,22,2,31986.0,4,1,1,6,At Risk
C11616,265,1,31960.0,1,1,1,3,Lost Customers
C19884,393,2,31934.0,1,1,1,3,Lost Customers
C10052,86,2,31911.0,2,1,1,4,At Risk
C14912,55,3,31902.5,3,1,1,5,At Risk
C04442,140,2,31898.0,2,1,1,4,At Risk
C10086,14,2,31858.5,5,1,1,7,Potential Customers
C18332,129,1,31804.5,2,1,1,4,At Risk
C14776,46,2,31774.5,3,1,1,5,At Risk
C10880,33,3,31757.5,4,1,1,6,At Risk
C01710,256,1,31712.0,1,1,1,3,Lost Customers
C06009,232,2,31670.0,1,1,1,3,Lost Customers
C14124,36,2,31596.0,4,1,1,6,At Risk
C09381,147,2,31532.0,2,1,1,4,At Risk
C15622,64,1,31490.0,3,1,1,5,At Risk
C07983,22,2,31474.5,4,1,1,6,At Risk
C08385,24,3,31468.0,4,1,1,6,At Risk
C16774,38,2,31457.5,4,1,1,6,At Risk
C04104,71,3,31455.0,3,1,1,5,At Risk
C19548,153,2,31450.5,2,1,1,4,At Risk
C17589,128,2,31450.0,2,1,1,4,At Risk
C19264,168,1,31428.0,2,1,1,4,At Risk
C06179,4,1,31407.0,5,1,1,7,Potential Customers
C09517,177,4,31356.5,2,2,1,5,At Risk
C18658,78,1,31351.5,3,1,1,5,At Risk
C13551,49,2,31331.5,3,1,1,5,At Risk
C10344,113,2,31271.0,2,1,1,4,At Risk
C04125,50,3,31241.0,3,1,1,5,At Risk
C09881,289,2,31217.5,1,1,1,3,Lost Customers
C00722,198,2,31176.0,1,1,1,3,Lost Customers
C16540,142,3,31115.0,2,1,1,4,At Risk
C12968,131,2,31057.0,2,1,1,4,At Risk
C11453,70,2,31025.5,3,1,1,5,At Risk
C14635,68,2,30869.5,3,1,1,5,At Risk
C19931,161,2,30850.0,2,1,1,4,At Risk
C03186,45,2,30808.0,3,1,1,5,At Risk
C08937,148,2,30805.0,2,1,1,4,At Risk
C19756,87,3,30789.0,2,1,1,4,At Risk
C14338,2,3,30768.5,5,1,1,7,Potential Customers
C08123,164,1,30675.0,2,1,1,4,At Risk
C13125,215,1,30666.0,1,1,1,3,Lost Customers
C09221,166,1,30645.0,2,1,1,4,At Risk
C01967,337,1,30640.0,1,1,1,3,Lost Customers
C15936,44,3,30639.0,3,1,1,5,At Risk
C02881,94,2,30632.0,2,1,1,4,At Risk
C17729,277,3,30571.0,1,1,1,3,Lost Customers
C03709,66,3,30564.0,3,1,1,5,At Risk
C15763,270,1,30488.0,1,1,1,3,Lost Customers
C13048,79,4,30352.0,3,2,1,6,At Risk
C12544,164,2,30329.5,2,1,1,4,At Risk
C18400,86,2,30310.5,2,1,1,4,At Risk
C06995,9,2,30276.0,5,1,1,7,Potential Customers
C19228,12,2,30270.0,5,1,1,7,Potential Customers
C14188,46,2,30240.0,3,1,1,5,At Risk
C03895,138,1,30210.0,2,1,1,4,At Risk
C00521,23,2,30210.0,4,1,1,6,At Risk
C01717,273,1,30195.0,1,1,1,3,Lost Customers
C13743,32,3,30184.0,4,1,1,6,At Risk
C01887,465,1,30160.0,1,1,1,3,Lost Customers
C09742,196,1,30021.5,1,1,1,3,Lost Customers
C19441,4,2,29992.0,5,1,1,7,Potential Customers
C16937,14,2,29986.0,5,1,1,7,Potential Customers
C19387,12,2,29850.0,5,1,1,7,Potential Customers
C11733,76,2,29784.5,3,1,1,5,At Risk
C09217,149,2,29763.0,2,1,1,4,At Risk
C03936,403,1,29716.0,1,1,1,3,Lost Customers
C11469,35,5,29650.0,4,3,1,8,Potential Customers
C07279,159,3,29579.0,2,1,1,4,At Risk
C16809,379,1,29563.0,1,1,1,3,Lost Customers
C16331,71,2,29553.0,3,1,1,5,At Risk
C06180,215,3,29520.0,1,1,1,3,Lost Customers
C14530,39,4,29490.0,4,2,1,7,Potential Customers
C19679,33,4,29478.5,4,2,1,7,Potential Customers
C14900,5,2,29468.0,5,1,1,7,Potential Customers
C13863,6,3,29451.0,5,1,1,7,Potential Customers
C13066,195,2,29395.0,1,1,1,3,Lost Customers
C08012,102,3,29343.0,2,1,1,4,At Risk
C00015,34,2,29306.0,4,1,1,6,At Risk
C16806,151,2,29293.5,2,1,1,4,At Risk
C03407,213,3,29251.5,1,1,1,3,Lost Customers
C08292,49,3,29184.0,3,1,1,5,At Risk
C18686,29,4,29175.0,4,2,1,7,Potential Customers
C08175,150,1,29145.0,2,1,1,4,At Risk
C08921,271,4,29144.0,1,2,1,4,At Risk
C08296,331,1,29079.0,1,1,1,3,Lost Customers
C02309,16,2,29009.0,5,1,1,7,Potential Customers
C15236,27,2,28969.5,4,1,1,6,At Risk
C15776,9,2,28902.0,5,1,1,7,Potential Customers
C15850,96,1,28870.0,2,1,1,4,At Risk
C18711,5,2,28848.5,5,1,1,7,Potential Customers
C09885,65,1,28836.0,3,1,1,5,At Risk
C09124,134,3,28797.5,2,1,1,4,At Risk
C09734,44,1,28777.5,3,1,1,5,At Risk
C06010,103,3,28727.5,2,1,1,4,At Risk
C13492,8,3,28693.5,5,1,1,7,Potential Customers
C04291,13,2,28689.0,5,1,1,7,Potential Customers
C02939,62,3,28681.0,3,1,1,5,At Risk
C03213,19,2,28676.0,4,1,1,6,At Risk
C09867,37,6,28672.0,4,3,1,8,Potential Customers
C17732,31,3,28648.0,4,1,1,6,At Risk
C19709,126,3,28615.0,2,1,1,4,At Risk
C02335,384,2,28600.5,1,1,1,3,Lost Customers
C18954,69,3,28590.0,3,1,1,5,At Risk
C10369,79,3,28559.0,3,1,1,5,At Risk
C15267,238,2,28457.5,1,1,1,3,Lost Customers
C18404,29,2,28415.0,4,1,1,6,At Risk
C05131,116,3,28390.0,2,1,1,4,At Risk
C18966,4,3,28374.5,5,1,1,7,Potential Customers
C11433,63,4,28317.5,3,2,1,6,At Risk
C03450,37,3,28287.5,4,1,1,6,At Risk
C04907,45,3,28279.0,3,1,1,5,At Risk
C16597,303,2,28276.0,1,1,1,3,Lost Customers
C14959,34,1,28270.0,4,1,1,6,At Risk
C13271,16,2,28256.0,5,1,1,7,Potential Customers
C09378,55,2,28250.0,3,1,1,5,At Risk
C03536,51,1,28202.5,3,1,1,5,At Risk
C15638,210,2,28175.5,1,1,1,3,Lost Customers
C00013,249,3,28172.0,1,1,1,3,Lost Customers
C00461,233,2,28159.0,1,1,1,3,Lost Customers
C02137,61,3,28031.0,3,1,1,5,At Risk
C16766,46,5,27992.0,3,3,1,7,Potential Customers
C16091,211,2,27989.0,1,1,1,3,Lost Customers
C07464,151,4,27830.0,2,2,1,5,At Risk
C13332,28,2,27804.5,4,1,1,6,At Risk
C09593,50,1,27800.0,3,1,1,5,At Risk
C00859,89,1,27800.0,2,1,1,4,At Risk
C04719,17,5,27799.5,5,3,1,9,Potential Customers
C15161,291,1,27776.0,1,1,1,3,Lost Customers
C02507,233,4,27754.5,1,2,1,4,At Risk
C05142,49,4,27733.5,3,2,1,6,At Risk
C07303,117,1,27729.5,2,1,1,4,At Risk
C19294,233,2,27727.5,1,1,1,3,Lost Customers
C04648,197,1,27683.0,1,1,1,3,Lost Customers
C06545,6,3,27639.0,5,1,1,7,Potential Customers
C08327,219,2,27626.0,1,1,1,3,Lost Customers
C11936,233,3,27617.0,1,1,1,3,Lost Customers
C01273,530,2,27578.0,1,1,1,3,Lost Customers
C00493,21,2,27557.5,4,1,1,6,At Risk
C00942,62,1,27540.0,3,1,1,5,At Risk
C13353,7,2,27535.0,5,1,1,7,Potential Customers
C12292,23,4,27533.5,4,2,1,7,Potential Customers
C15220,50,2,27464.0,3,1,1,5,At Risk
C13854,231,2,27457.5,1,1,1,3,Lost Customers
C06872,174,2,27449.0,2,1,1,4,At Risk
C11605,389,2,27396.5,1,1,1,3,Lost Customers
C12874,81,2,27379.0,2,1,1,4,At Risk
C08120,52,2,27376.5,3,1,1,5,At Risk
C19651,281,1,27352.0,1,1,1,3,Lost Customers
C09299,242,2,27299.5,1,1,1,3,Lost Customers
C10351,260,1,27294.0,1,1,1,3,Lost Customers
C08743,41,2,27278.5,3,1,1,5,At Risk
C02889,75,2,27235.0,3,1,1,5,At Risk
C04899,16,3,27231.0,5,1,1,7,Potential Customers
C06658,88,4,27193.0,2,2,1,5,At Risk
C01084,64,2,27185.0,3,1,1,5,At Risk
C11892,77,2,27184.0,3,1,1,5,At Risk
C12623,116,1,27180.5,2,1,1,4,At Risk
C18680,1,4,27124.5,5,2,1,8,Potential Customers
C02370,289,2,27091.0,1,1,1,3,Lost Customers
C07492,438,2,27002.0,1,1,1,3,Lost Customers
C03170,16,2,26932.0,5,1,1,7,Potential Customers
C19492,14,1,26929.5,5,1,1,7,Potential Customers
C12352,540,1,26914.0,1,1,1,3,Lost Customers
C13940,216,2,26847.0,1,1,1,3,Lost Customers
C12277,36,1,26820.5,4,1,1,6,At Risk
C07057,312,2,26777.5,1,1,1,3,Lost Customers
C04087,1,4,26716.0,5,2,1,8,Potential Customers
C16739,452,2,26708.0,1,1,1,3,Lost Customers
C12731,24,2,26695.0,4,1,1,6,At Risk
C17761,9,3,26576.5,5,1,1,7,Potential Customers
C09702,40,3,26485.0,3,1,1,5,At Risk
C10106,47,2,26415.5,3,1,1,5,At Risk
C16505,146,1,26402.5,2,1,1,4,At Risk
C08111,103,1,26370.5,2,1,1,4,At Risk
C06428,136,2,26354.0,2,1,1,4,At Risk
C10387,109,2,26352.0,2,1,1,4,At Risk
C15759,192,2,26311.0,1,1,1,3,Lost Customers
C07982,91,1,26254.5,2,1,1,4,At Risk
C06586,180,1,26190.0,2,1,1,4,At Risk
C12666,133,3,26179.5,2,1,1,4,At Risk
C08769,2,2,26135.0,5,1,1,7,Potential Customers
C19807,95,3,26134.0,2,1,1,4,At Risk
C15218,275,1,26078.0,1,1,1,3,Lost Customers
C19596,59,3,26010.0,3,1,1,5,At Risk
C10742,101,2,25939.0,2,1,1,4,At Risk
C01066,22,2,25922.0,4,1,1,6,At Risk
C10731,127,1,25893.5,2,1,1,4,At Risk
C09717,142,1,25867.0,2,1,1,4,At Risk
C13824,131,2,25855.0,2,1,1,4,At Risk
C00956,1,3,25823.5,5,1,1,7,Potential Customers
C15133,132,3,25815.0,2,1,1,4,At Risk
C17452,31,2,25755.5,4,1,1,6,At Risk
C09382,10,4,25752.5,5,2,1,8,Potential Customers
C04738,102,1,25642.5,2,1,1,4,At Risk
C17453,47,2,25632.5,3,1,1,5,At Risk
C16784,219,2,25629.5,1,1,1,3,Lost Customers
C18595,98,2,25596.0,2,1,1,4,At Risk
C13626,58,1,25470.0,3,1,1,5,At Risk
C04894,156,4,25457.0,2,2,1,5,At Risk
C05369,91,2,25407.0,2,1,1,4,At Risk
C04103,9,3,25406.0,5,1,1,7,Potential Customers
C10557,58,1,25391.0,3,1,1,5,At Risk
C07716,161,2,25365.0,2,1,1,4,At Risk
C10754,155,1,25324.0,2,1,1,4,At Risk
C15573,184,1,25297.0,1,1,1,3,Lost Customers
C13567,118,2,25273.5,2,1,1,4,At Risk
C04923,607,2,25234.0,1,1,1,3,Lost Customers
C16361,486,1,25224.0,1,1,1,3,Lost Customers
C13635,292,1,25206.0,1,1,1,3,Lost Customers
C12642,47,3,25174.5,3,1,1,5,At Risk
C14811,1,3,25153.0,5,1,1,7,Potential Customers
C19938,82,1,25140.0,2,1,1,4,At Risk
C01621,8,3,25126.0,5,1,1,7,Potential Customers
C05174,68,1,25115.0,3,1,1,5,At Risk
C01753,194,1,25062.5,1,1,1,3,Lost Customers
C07426,52,2,25053.0,3,1,1,5,At Risk
C06377,209,2,24979.5,1,1,1,3,Lost Customers
C03644,36,3,24976.5,4,1,1,6,At Risk
C12035,15,4,24966.0,5,2,1,8,Potential Customers
C10154,26,2,24936.0,4,1,1,6,At Risk
C16899,83,4,24900.5,2,2,1,5,At Risk
C19462,345,2,24900.5,1,1,1,3,Lost Customers
C14200,75,1,24898.5,3,1,1,5,At Risk
C07994,134,1,24879.0,2,1,1,4,At Risk
C08454,46,1,24842.5,3,1,1,5,At Risk
C13065,1,1,24753.5,5,1,1,7,Potential Customers
C16033,22,2,24733.5,4,1,1,6,At Risk
C02592,312,2,24710.0,1,1,1,3,Lost Customers
C12089,33,3,24619.0,4,1,1,6,At Risk
C05757,22,3,24617.0,4,1,1,6,At Risk
C14288,210,1,24606.5,1,1,1,3,Lost Customers
C15798,3,2,24574.0,5,1,1,7,Potential Customers
C17541,35,2,24543.0,4,1,1,6,At Risk
C07074,123,2,24475.5,2,1,1,4,At Risk
C04117,167,2,24440.0,2,1,1,4,At Risk
C06848,242,3,24422.0,1,1,1,3,Lost Customers
C02103,149,1,24372.0,2,1,1,4,At Risk
C15578,533,1,24356.0,1,1,1,3,Lost Customers
C15735,238,3,24231.0,1,1,1,3,Lost Customers
C11624,98,2,24204.0,2,1,1,4,At Risk
C16744,66,2,24200.0,3,1,1,5,At Risk
C13846,46,1,24165.0,3,1,1,5,At Risk
C11110,282,2,24162.5,1,1,1,3,Lost Customers
C00549,517,2,24107.0,1,1,1,3,Lost Customers
C14060,98,2,24086.5,2,1,1,4,At Risk
C04902,60,3,24024.0,3,1,1,5,At Risk
C17674,11,1,24000.0,5,1,1,7,Potential Customers
C05812,78,1,23982.0,3,1,1,5,At Risk
C05053,2,2,23963.5,5,1,1,7,Potential Customers
C05532,83,4,23929.0,2,2,1,5,At Risk
C12184,253,1,23862.0,1,1,1,3,Lost Customers
C17114,11,2,23859.0,5,1,1,7,Potential Customers
C11344,501,1,23853.0,1,1,1,3,Lost Customers
C13596,151,1,23820.0,2,1,1,4,At Risk
C02914,268,2,23764.5,1,1,1,3,Lost Customers
C17330,248,1,23754.5,1,1,1,3,Lost Customers
C14015,14,3,23727.0,5,1,1,7,Potential Customers
C15871,166,2,23668.0,2,1,1,4,At Risk
C00052,141,3,23612.5,2,1,1,4,At Risk
C05625,70,2,23612.0,3,1,1,5,At Risk
C11079,7,1,23582.5,5,1,1,7,Potential Customers
C03989,29,3,23525.0,4,1,1,6,At Risk
C01940,110,3,23487.0,2,1,1,4,At Risk
C07740,217,5,23409.5,1,3,1,5,At Risk
C00642,48,2,23350.0,3,1,1,5,At Risk
C10891,51,2,23288.5,3,1,1,5,At Risk
C18193,76,4,23281.0,3,2,1,6,At Risk
C19129,507,2,23260.0,1,1,1,3,Lost Customers
C06434,60,2,23178.0,3,1,1,5,At Risk
C19661,183,1,23090.0,1,1,1,3,Lost Customers
C17219,38,3,23039.0,4,1,1,6,At Risk
C13531,13,2,23019.0,5,1,1,7,Potential Customers
C09555,591,1,22946.0,1,1,1,3,Lost Customers
C03123,32,1,22921.0,4,1,1,6,At Risk
C08207,101,2,22863.5,2,1,1,4,At Risk
C01369,34,2,22731.0,4,1,1,6,At Risk
C09809,68,2,22703.0,3,1,1,5,At Risk
C13240,213,2,22692.5,1,1,1,3,Lost Customers
C16330,247,4,22673.5,1,2,1,4,At Risk
C00236,158,2,22640.5,2,1,1,4,At Risk
C03358,13,4,22602.5,5,2,1,8,Potential Customers
C18915,10,3,22480.0,5,1,1,7,Potential Customers
C12005,223,1,22469.0,1,1,1,3,Lost Customers
C12588,82,4,22453.0,2,2,1,5,At Risk
C06667,299,2,22422.0,1,1,1,3,Lost Customers
C04504,59,2,22380.0,3,1,1,5,At Risk
C14787,172,1,22319.0,2,1,1,4,At Risk
C11357,395,1,22286.0,1,1,1,3,Lost Customers
C07195,87,2,22277.0,2,1,1,4,At Risk
C10076,152,2,22276.5,2,1,1,4,At Risk
C08717,9,2,22215.0,5,1,1,7,Potential Customers
C15593,15,3,22160.0,5,1,1,7,Potential Customers
C07886,396,2,22148.0,1,1,1,3,Lost Customers
C06226,77,3,22056.0,3,1,1,5,At Risk
C17609,121,3,22018.5,2,1,1,4,At Risk
C08075,13,1,21985.5,5,1,1,7,Potential Customers
C03072,13,1,21980.0,5,1,1,7,Potential Customers
C10400,269,1,21735.0,1,1,1,3,Lost Customers
C05879,32,2,21674.0,4,1,1,6,At Risk
C06864,40,1,21673.0,3,1,1,5,At Risk
C11531,197,3,21669.0,1,1,1,3,Lost Customers
C14594,164,2,21643.5,2,1,1,4,At Risk
C17595,150,4,21633.0,2,2,1,5,At Risk
C00246,125,2,21562.5,2,1,1,4,At Risk
C10866,46,3,21551.0,3,1,1,5,At Risk
C09435,296,1,21474.0,1,1,1,3,Lost Customers
C08969,110,1,21452.0,2,1,1,4,At Risk
C08035,4,2,21430.0,5,1,1,7,Potential Customers
C00823,219,1,21351.5,1,1,1,3,Lost Customers
C19532,72,1,21333.0,3,1,1,5,At Risk
C13062,7,2,21327.0,5,1,1,7,Potential Customers
C03453,94,2,21247.5,2,1,1,4,At Risk
C11226,176,2,21219.5,2,1,1,4,At Risk
C05303,158,2,21208.5,2,1,1,4,At Risk
C03292,9,2,21126.5,5,1,1,7,Potential Customers
C07601,334,1,21043.0,1,1,1,3,Lost Customers
C18520,115,3,21025.0,2,1,1,4,At Risk
C04048,233,2,20914.0,1,1,1,3,Lost Customers
C10629,64,2,20862.0,3,1,1,5,At Risk
C08028,23,2,20810.0,4,1,1,6,At Risk
C04387,188,2,20809.0,1,1,1,3,Lost Customers
C12522,290,2,20736.0,1,1,1,3,Lost Customers
C16852,126,2,20733.5,2,1,1,4,At Risk
C16008,235,2,20727.5,1,1,1,3,Lost Customers
C07707,59,2,20715.0,3,1,1,5,At Risk
C06274,192,1,20676.0,1,1,1,3,Lost Customers
C11478,51,2,20660.0,3,1,1,5,At Risk
C09041,221,1,20615.5,1,1,1,3,Lost Customers
C03412,67,3,20541.5,3,1,1,5,At Risk
C09140,6,3,20539.0,5,1,1,7,Potential Customers
C08315,400,1,20470.0,1,1,1,3,Lost Customers
C09595,11,3,20421.0,5,1,1,7,Potential Customers
C17839,257,1,20380.0,1,1,1,3,Lost Customers
C01812,55,3,20380.0,3,1,1,5,At Risk
C11654,84,1,20377.5,2,1,1,4,At Risk
C09948,52,2,20367.0,3,1,1,5,At Risk
C05058,120,1,20300.0,2,1,1,4,At Risk
C10650,19,3,20287.5,4,1,1,6,At Risk
C00551,186,1,20196.0,1,1,1,3,Lost Customers
C08731,42,2,20181.0,3,1,1,5,At Risk
C19518,38,1,20160.0,4,1,1,6,At Risk
C09690,15,5,20051.0,5,3,1,9,Potential Customers
C17066,51,3,19948.0,3,1,1,5,At Risk
C08090,32,2,19891.5,4,1,1,6,At Risk
C09890,44,2,19780.0,3,1,1,5,At Risk
C05151,55,3,19770.5,3,1,1,5,At Risk
C01784,355,1,19755.0,1,1,1,3,Lost Customers
C15278,216,2,19701.5,1,1,1,3,Lost Customers
C18441,237,1,19690.0,1,1,1,3,Lost Customers
C13993,61,2,19637.0,3,1,1,5,At Risk
C04462,58,1,19611.5,3,1,1,5,At Risk
C10800,65,3,19477.0,3,1,1,5,At Risk
C06863,60,3,19475.0,3,1,1,5,At Risk
C09367,87,2,19458.0,2,1,1,4,At Risk
C18603,25,2,19440.0,4,1,1,6,At Risk
C08044,329,2,19429.0,1,1,1,3,Lost Customers
C16146,5,3,19397.0,5,1,1,7,Potential Customers
C12582,134,2,19311.0,2,1,1,4,At Risk
C00543,235,1,19275.0,1,1,1,3,Lost Customers
C01755,31,3,19228.5,4,1,1,6,At Risk
C11522,72,3,19171.5,3,1,1,5,At Risk
C06983,125,1,19167.0,2,1,1,4,At Risk
C02162,102,3,19153.0,2,1,1,4,At Risk
C17824,105,2,19138.0,2,1,1,4,At Risk
C04089,111,1,19131.0,2,1,1,4,At Risk
C02294,101,3,18974.0,2,1,1,4,At Risk
C04132,262,1,18963.5,1,1,1,3,Lost Customers
C00631,68,2,18958.0,3,1,1,5,At Risk
C19170,117,2,18908.0,2,1,1,4,At Risk
C17626,463,3,18887.0,1,1,1,3,Lost Customers
C04475,142,1,18886.0,2,1,1,4,At Risk
C15215,229,2,18867.0,1,1,1,3,Lost Customers
C06076,66,2,18815.0,3,1,1,5,At Risk
C07571,130,1,18765.0,2,1,1,4,At Risk
C10617,408,1,18744.0,1,1,1,3,Lost Customers
C08263,35,1,18743.5,4,1,1,6,At Risk
C19987,393,2,18723.5,1,1,1,3,Lost Customers
C10258,93,1,18708.5,2,1,1,4,At Risk
C18798,213,2,18699.0,1,1,1,3,Lost Customers
C02851,98,3,18696.0,2,1,1,4,At Risk
C13816,5,1,18654.5,5,1,1,7,Potential Customers
C04952,35,2,18648.5,4,1,1,6,At Risk
C09682,13,3,18610.5,5,1,1,7,Potential Customers
C09816,257,3,18546.0,1,1,1,3,Lost Customers
C06587,61,2,18515.0,3,1,1,5,At Risk
C04452,327,1,18411.5,1,1,1,3,Lost Customers
C07328,13,2,18409.0,5,1,1,7,Potential Customers
C08071,42,2,18362.0,3,1,1,5,At Risk
C18737,298,1,18356.0,1,1,1,3,Lost Customers
C16220,18,1,18340.0,4,1,1,6,At Risk
C16344,86,1,18336.5,2,1,1,4,At Risk
C05310,48,2,18279.5,3,1,1,5,At Risk
C11046,66,3,18241.5,3,1,1,5,At Risk
C19262,5,1,18236.0,5,1,1,7,Potential Customers
C10414,22,1,18201.0,4,1,1,6,At Risk
C00686,74,1,18125.0,3,1,1,5,At Risk
C02782,332,1,18053.0,1,1,1,3,Lost Customers
C01248,36,1,18040.5,4,1,1,6,At Risk
C04289,345,1,17730.0,1,1,1,3,Lost Customers
C11038,136,1,17698.5,2,1,1,4,At Risk
C03355,2,3,17689.0,5,1,1,7,Potential Customers
C18638,436,1,17648.5,1,1,1,3,Lost Customers
C12073,35,2,17611.5,4,1,1,6,At Risk
C17818,182,1,17556.0,1,1,1,3,Lost Customers
C12309,42,1,17535.5,3,1,1,5,At Risk
C00045,67,1,17509.5,3,1,1,5,At Risk
C14359,6,4,17494.0,5,2,1,8,Potential Customers
C10935,59,1,17474.0,3,1,1,5,At Risk
C02632,252,3,17413.0,1,1,1,3,Lost Customers
C06174,33,2,17401.0,4,1,1,6,At Risk
C10505,193,1,17360.0,1,1,1,3,Lost Customers
C16619,106,2,17341.5,2,1,1,4,At Risk
C07479,18,2,17202.0,4,1,1,6,At Risk
C00832,41,1,17095.5,3,1,1,5,At Risk
C13324,178,1,17015.0,2,1,1,4,At Risk
C12562,12,3,16992.0,5,1,1,7,Potential Customers
C19075,154,2,16902.0,2,1,1,4,At Risk
C13618,397,1,16881.0,1,1,1,3,Lost Customers
C10762,318,1,16870.0,1,1,1,3,Lost Customers
C01881,33,2,16850.0,4,1,1,6,At Risk
C00820,75,2,16741.0,3,1,1,5,At Risk
C04540,25,2,16662.0,4,1,1,6,At Risk
C10486,399,3,16560.5,1,1,1,3,Lost Customers
C09993,86,1,16529.5,2,1,1,4,At Risk
C05183,116,2,16390.5,2,1,1,4,At Risk
C00341,83,2,16311.5,2,1,1,4,At Risk
C01068,123,1,16280.0,2,1,1,4,At Risk
C12632,48,2,16263.5,3,1,1,5,At Risk
C07443,108,1,16247.0,2,1,1,4,At Risk
C04837,27,2,16220.0,4,1,1,6,At Risk
C12167,187,1,16206.0,1,1,1,3,Lost Customers
C13888,363,1,16197.0,1,1,1,3,Lost Customers
C06210,403,1,16188.0,1,1,1,3,Lost Customers
C19824,315,1,16141.5,1,1,1,3,Lost Customers
C10330,45,2,16134.0,3,1,1,5,At Risk
C05959,139,1,16133.5,2,1,1,4,At Risk
C01893,45,1,16123.0,3,1,1,5,At Risk
C15875,317,1,16096.0,1,1,1,3,Lost Customers
C10174,325,1,16060.0,1,1,1,3,Lost Customers
C12681,18,1,16060.0,4,1,1,6,At Risk
C13378,144,1,16036.0,2,1,1,4,At Risk
C07444,199,2,16029.5,1,1,1,3,Lost Customers
C12827,649,1,16005.5,1,1,1,3,Lost Customers
C08802,62,2,16003.0,3,1,1,5,At Risk
C13769,10,1,15989.5,5,1,1,7,Potential Customers
C18771,69,1,15971.5,3,1,1,5,At Risk
C17910,105,1,15963.0,2,1,1,4,At Risk
C06465,61,1,15840.0,3,1,1,5,At Risk
C09850,8,1,15770.0,5,1,1,7,Potential Customers
C17015,101,2,15769.0,2,1,1,4,At Risk
C10721,285,3,15740.0,1,1,1,3,Lost Customers
C17226,92,1,15720.0,2,1,1,4,At Risk
C19117,372,2,15676.0,1,1,1,3,Lost Customers
C15761,316,2,15567.0,1,1,1,3,Lost Customers
C05957,125,2,15544.5,2,1,1,4,At Risk
C17085,27,2,15446.0,4,1,1,6,At Risk
C05790,9,2,15368.0,5,1,1,7,Potential Customers
C01117,36,2,15204.0,4,1,1,6,At Risk
C02930,201,1,15190.5,1,1,1,3,Lost Customers
C04951,563,2,15073.0,1,1,1,3,Lost Customers
C15117,7,2,15020.0,5,1,1,7,Potential Customers
C03577,2,1,15010.0,5,1,1,7,Potential Customers
C11638,41,1,14960.0,3,1,1,5,At Risk
C11910,102,2,14942.5,2,1,1,4,At Risk
C14047,136,3,14914.0,2,1,1,4,At Risk
C11039,80,2,14894.0,2,1,1,4,At Risk
C07013,481,1,14832.0,1,1,1,3,Lost Customers
C15423,131,1,14715.5,2,1,1,4,At Risk
C18366,103,2,14588.0,2,1,1,4,At Risk
C02056,131,2,14583.0,2,1,1,4,At Risk
C00322,4,2,14580.0,5,1,1,7,Potential Customers
C04803,219,1,14571.5,1,1,1,3,Lost Customers
C14556,38,1,14518.0,4,1,1,6,At Risk
C01135,426,1,14490.0,1,1,1,3,Lost Customers
C12423,247,2,14475.5,1,1,1,3,Lost Customers
C06996,141,2,14449.5,2,1,1,4,At Risk
C17438,233,2,14427.0,1,1,1,3,Lost Customers
C12460,73,2,14402.0,3,1,1,5,At Risk
C16685,6,3,14400.5,5,1,1,7,Potential Customers
C03338,488,2,14392.0,1,1,1,3,Lost Customers
C11448,97,2,14257.0,2,1,1,4,At Risk
C19622,462,1,14233.0,1,1,1,3,Lost Customers
C08407,347,1,14171.0,1,1,1,3,Lost Customers
C18792,149,1,14140.0,2,1,1,4,At Risk
C14437,228,1,14134.0,1,1,1,3,Lost Customers
C10427,168,1,14126.5,2,1,1,4,At Risk
C07297,238,1,14059.0,1,1,1,3,Lost Customers
C10812,16,3,14051.0,5,1,1,7,Potential Customers
C17347,309,2,14044.0,1,1,1,3,Lost Customers
C19402,77,2,14039.0,3,1,1,5,At Risk
C08355,92,1,13977.0,2,1,1,4,At Risk
C02676,155,1,13920.0,2,1,1,4,At Risk
C00914,67,1,13905.0,3,1,1,5,At Risk
C16067,391,1,13874.0,1,1,1,3,Lost Customers
C19910,83,2,13708.5,2,1,1,4,At Risk
C05181,218,2,13448.5,1,1,1,3,Lost Customers
C04259,19,2,13383.0,4,1,1,6,At Risk
C09305,17,2,13342.0,5,1,1,7,Potential Customers
C09722,51,1,13301.5,3,1,1,5,At Risk
C10350,431,1,13015.0,1,1,1,3,Lost Customers
C09712,56,3,12844.5,3,1,1,5,At Risk
C04474,388,1,12788.5,1,1,1,3,Lost Customers
C04018,641,1,12779.0,1,1,1,3,Lost Customers
C07144,85,3,12622.0,2,1,1,4,At Risk
C07753,242,1,12615.0,1,1,1,3,Lost Customers
C14217,52,2,12615.0,3,1,1,5,At Risk
C03786,11,2,12601.0,5,1,1,7,Potential Customers
C05391,46,3,12596.5,3,1,1,5,At Risk
C15917,169,3,12548.5,2,1,1,4,At Risk
C05410,119,2,12534.0,2,1,1,4,At Risk
C01793,303,2,12526.0,1,1,1,3,Lost Customers
C08008,62,1,12525.5,3,1,1,5,At Risk
C17042,594,1,12478.0,1,1,1,3,Lost Customers
C01394,173,1,12458.0,2,1,1,4,At Risk
C07473,21,2,12448.0,4,1,1,6,At Risk
C01044,403,2,12379.5,1,1,1,3,Lost Customers
C14985,152,1,12302.5,2,1,1,4,At Risk
C16031,29,1,12252.0,4,1,1,6,At Risk
C01015,502,2,12244.0,1,1,1,3,Lost Customers
C15349,106,2,12215.0,2,1,1,4,At Risk
C02698,56,1,12136.0,3,1,1,5,At Risk
C02909,182,2,12116.5,1,1,1,3,Lost Customers
C04984,2,1,12105.0,5,1,1,7,Potential Customers
C02304,7,2,12010.5,5,1,1,7,Potential Customers
C01626,629,1,12009.0,1,1,1,3,Lost Customers
C18352,42,1,11982.0,3,1,1,5,At Risk
C05472,641,1,11874.0,1,1,1,3,Lost Customers
C06306,73,1,11856.0,3,1,1,5,At Risk
C09650,435,1,11800.0,1,1,1,3,Lost Customers
C18521,174,1,11700.0,2,1,1,4,At Risk
C02683,130,1,11662.5,2,1,1,4,At Risk
C14773,344,1,11611.0,1,1,1,3,Lost Customers
C18790,57,1,11556.0,3,1,1,5,At Risk
C07494,52,2,11545.0,3,1,1,5,At Risk
C12830,8,2,11541.5,5,1,1,7,Potential Customers
C04701,61,1,11541.5,3,1,1,5,At Risk
C09931,20,2,11522.0,4,1,1,6,At Risk
C05262,89,1,11520.0,2,1,1,4,At Risk
C07237,454,2,11452.5,1,1,1,3,Lost Customers
C17883,383,2,11297.5,1,1,1,3,Lost Customers
C02550,127,5,11206.5,2,3,1,6,At Risk
C02611,74,2,11203.0,3,1,1,5,At Risk
C17479,203,1,11152.5,1,1,1,3,Lost Customers
C18162,50,3,11080.5,3,1,1,5,At Risk
C02314,51,1,11080.0,3,1,1,5,At Risk
C01464,18,3,10966.5,4,1,1,6,At Risk
C01648,116,2,10947.0,2,1,1,4,At Risk
C01147,189,2,10928.0,1,1,1,3,Lost Customers
C18385,2,1,10899.0,5,1,1,7,Potential Customers
C15789,5,2,10891.0,5,1,1,7,Potential Customers
C06549,596,1,10800.0,1,1,1,3,Lost Customers
C06165,236,1,10793.0,1,1,1,3,Lost Customers
C12418,107,2,10780.0,2,1,1,4,At Risk
C10490,126,1,10757.5,2,1,1,4,At Risk
C00025,72,1,10744.0,3,1,1,5,At Risk
C19614,8,2,10707.5,5,1,1,7,Potential Customers
C14441,355,1,10665.0,1,1,1,3,Lost Customers
C10054,42,1,10650.0,3,1,1,5,At Risk
C08971,47,2,10613.0,3,1,1,5,At Risk
C15451,196,2,10591.0,1,1,1,3,Lost Customers
C15575,60,1,10512.0,3,1,1,5,At Risk
C14391,47,2,10448.5,3,1,1,5,At Risk
C14584,57,1,10377.0,3,1,1,5,At Risk
C17120,48,3,10368.5,3,1,1,5,At Risk
C05194,51,1,10331.0,3,1,1,5,At Risk
C11254,38,1,10248.0,4,1,1,6,At Risk
C14339,313,1,10226.5,1,1,1,3,Lost Customers
C11656,89,2,10150.5,2,1,1,4,At Risk
C08854,78,2,10133.5,3,1,1,5,At Risk
C09911,153,2,10109.0,2,1,1,4,At Risk
C00272,1,1,9999.0,5,1,1,7,Potential Customers
C14273,150,1,9999.0,2,1,1,4,At Risk
C09477,226,1,9936.5,1,1,1,3,Lost Customers
C11179,2,2,9849.0,5,1,1,7,Potential Customers
C00527,62,1,9810.0,3,1,1,5,At Risk
C12848,195,1,9790.0,1,1,1,3,Lost Customers
C09440,2,1,9684.0,5,1,1,7,Potential Customers
C06128,348,1,9676.0,1,1,1,3,Lost Customers
C05916,42,2,9650.0,3,1,1,5,At Risk
C18131,364,1,9621.0,1,1,1,3,Lost Customers
C05705,261,1,9576.0,1,1,1,3,Lost Customers
C10857,170,1,9530.0,2,1,1,4,At Risk
C12974,34,2,9496.0,4,1,1,6,At Risk
C16363,55,1,9424.5,3,1,1,5,At Risk
C19473,474,1,9380.0,1,1,1,3,Lost Customers
C00348,39,2,9320.5,4,1,1,6,At Risk
C00037,208,1,9274.0,1,1,1,3,Lost Customers
C09785,141,1,9253.0,2,1,1,4,At Risk
C11093,251,2,8986.0,1,1,1,3,Lost Customers
C01585,248,2,8976.5,1,1,1,3,Lost Customers
C16023,317,1,8946.0,1,1,1,3,Lost Customers
C13493,197,4,8853.5,1,2,1,4,At Risk
C19499,32,3,8842.0,4,1,1,6,At Risk
C04865,275,2,8741.0,1,1,1,3,Lost Customers
C03146,16,1,8712.0,5,1,1,7,Potential Customers
C19212,538,1,8707.5,1,1,1,3,Lost Customers
C06050,54,1,8692.5,3,1,1,5,At Risk
C06874,27,2,8573.5,4,1,1,6,At Risk
C15452,24,1,8525.0,4,1,1,6,At Risk
C08276,14,2,8492.5,5,1,1,7,Potential Customers
C16308,69,1,8469.0,3,1,1,5,At Risk
C11076,520,1,8342.5,1,1,1,3,Lost Customers
C18677,260,2,8308.5,1,1,1,3,Lost Customers
C01617,227,2,8276.0,1,1,1,3,Lost Customers
C15245,104,2,8208.0,2,1,1,4,At Risk
C13292,89,2,8190.0,2,1,1,4,At Risk
C01237,49,2,8169.5,3,1,1,5,At Risk
C04697,224,1,8072.0,1,1,1,3,Lost Customers
C03017,274,1,8061.0,1,1,1,3,Lost Customers
C08605,14,2,8038.0,5,1,1,7,Potential Customers
C14306,607,1,7951.5,1,1,1,3,Lost Customers
C12650,35,1,7925.0,4,1,1,6,At Risk
C02139,41,1,7876.0,3,1,1,5,At Risk
C15469,68,3,7788.5,3,1,1,5,At Risk
C04277,287,2,7779.0,1,1,1,3,Lost Customers
C03997,51,1,7776.0,3,1,1,5,At Risk
C13369,231,1,7760.5,1,1,1,3,Lost Customers
C15130,12,1,7650.0,5,1,1,7,Potential Customers
C01265,122,3,7614.0,2,1,1,4,At Risk
C15420,10,1,7528.5,5,1,1,7,Potential Customers
C04921,116,1,7433.5,2,1,1,4,At Risk
C19985,11,2,7352.0,5,1,1,7,Potential Customers
C00230,3,1,7308.0,5,1,1,7,Potential Customers
C16296,22,1,7209.0,4,1,1,6,At Risk
C09639,105,2,7192.0,2,1,1,4,At Risk
C06739,133,1,7134.5,2,1,1,4,At Risk
C10906,41,2,7022.5,3,1,1,5,At Risk
C11642,110,1,6945.0,2,1,1,4,At Risk
C11239,38,1,6932.0,4,1,1,6,At Risk
C17714,11,2,6928.5,5,1,1,7,Potential Customers
C17245,74,1,6920.5,3,1,1,5,At Risk
C14189,3,2,6900.0,5,1,1,7,Potential Customers
C11824,16,1,6890.5,5,1,1,7,Potential Customers
C16816,143,2,6890.0,2,1,1,4,At Risk
C15163,4,3,6875.5,5,1,1,7,Potential Customers
C01463,27,2,6860.0,4,1,1,6,At Risk
C04305,7,1,6860.0,5,1,1,7,Potential Customers
C09353,244,1,6851.0,1,1,1,3,Lost Customers
C07477,297,3,6850.0,1,1,1,3,Lost Customers
C06485,163,3,6702.5,2,1,1,4,At Risk
C13760,2,1,6599.5,5,1,1,7,Potential Customers
C15296,181,1,6512.0,1,1,1,3,Lost Customers
C19901,2,2,6506.5,5,1,1,7,Potential Customers
C18865,170,3,6427.5,2,1,1,4,At Risk
C02027,80,1,6316.5,2,1,1,4,At Risk
C18312,46,1,6124.0,3,1,1,5,At Risk
C03080,219,1,6057.0,1,1,1,3,Lost Customers
C03842,227,1,5984.0,1,1,1,3,Lost Customers
C14516,2,1,5921.5,5,1,1,7,Potential Customers
C19945,53,2,5896.5,3,1,1,5,At Risk
C03608,72,2,5835.0,3,1,1,5,At Risk
C17631,60,1,5771.5,3,1,1,5,At Risk
C11930,104,2,5740.0,2,1,1,4,At Risk
C17512,500,1,5703.0,1,1,1,3,Lost Customers
C16239,4,1,5614.0,5,1,1,7,Potential Customers
C05485,13,1,5611.0,5,1,1,7,Potential Customers
C04972,121,2,5485.0,2,1,1,4,At Risk
C17778,124,1,5466.0,2,1,1,4,At Risk
C07849,103,1,5421.0,2,1,1,4,At Risk
C09623,21,1,5370.0,4,1,1,6,At Risk
C01398,16,2,5322.0,5,1,1,7,Potential Customers
C08245,72,2,5285.0,3,1,1,5,At Risk
C05924,339,1,5207.0,1,1,1,3,Lost Customers
C19948,11,1,5065.0,5,1,1,7,Potential Customers
C14803,293,1,5000.0,1,1,1,3,Lost Customers
C02903,506,1,4840.0,1,1,1,3,Lost Customers
C13829,156,1,4818.5,2,1,1,4,At Risk
C10796,70,1,4738.0,3,1,1,5,At Risk
C12103,44,1,4710.0,3,1,1,5,At Risk
C15186,436,1,4693.0,1,1,1,3,Lost Customers
C01386,196,1,4680.5,1,1,1,3,Lost Customers
C04691,398,1,4670.0,1,1,1,3,Lost Customers
C15932,89,1,4601.0,2,1,1,4,At Risk
C02858,22,1,4522.0,4,1,1,6,At Risk
C02149,74,1,4460.5,3,1,1,5,At Risk
C02108,114,1,4428.5,2,1,1,4,At Risk
C01227,52,2,4422.5,3,1,1,5,At Risk
C14525,260,1,4400.0,1,1,1,3,Lost Customers
C18123,148,1,4175.0,2,1,1,4,At Risk
C07501,65,1,4168.0,3,1,1,5,At Risk
C02254,607,1,4162.0,1,1,1,3,Lost Customers
C18907,86,1,4139.0,2,1,1,4,At Risk
C08813,177,1,4128.0,2,1,1,4,At Risk
C05888,167,1,4100.0,2,1,1,4,At Risk
C08426,165,1,4028.0,2,1,1,4,At Risk
C02287,66,1,3965.0,3,1,1,5,At Risk
C13449,96,1,3955.0,2,1,1,4,At Risk
C05093,16,1,3947.5,5,1,1,7,Potential Customers
C03095,225,1,3942.5,1,1,1,3,Lost Customers
C17043,11,1,3900.0,5,1,1,7,Potential Customers
C18006,236,1,3832.0,1,1,1,3,Lost Customers
C15786,187,1,3800.0,1,1,1,3,Lost Customers
C02240,375,1,3771.5,1,1,1,3,Lost Customers
C05696,31,1,3730.0,4,1,1,6,At Risk
C18554,39,1,3724.0,4,1,1,6,At Risk
C17506,173,1,3375.0,2,1,1,4,At Risk
C05336,152,1,3357.0,2,1,1,4,At Risk
C10520,365,1,3357.0,1,1,1,3,Lost Customers
C16248,139,1,3344.0,2,1,1,4,At Risk
C05894,212,1,3307.5,1,1,1,3,Lost Customers
C10552,260,1,3247.0,1,1,1,3,Lost Customers
C00046,26,1,3220.0,4,1,1,6,At Risk
C15727,1,1,3180.0,5,1,1,7,Potential Customers
C14274,259,1,3170.5,1,1,1,3,Lost Customers
C15581,39,2,3167.5,4,1,1,6,At Risk
C04303,207,2,3128.5,1,1,1,3,Lost Customers
C05197,81,2,3103.0,2,1,1,4,At Risk
C11296,23,1,3078.0,4,1,1,6,At Risk
C01113,44,1,2935.5,3,1,1,5,At Risk
C04058,1,1,2916.5,5,1,1,7,Potential Customers
C08059,13,1,2916.0,5,1,1,7,Potential Customers
C08066,7,1,2889.0,5,1,1,7,Potential Customers
C06694,161,1,2786.0,2,1,1,4,At Risk
C08567,8,1,2780.0,5,1,1,7,Potential Customers
C16025,177,2,2725.0,2,1,1,4,At Risk
C00267,223,1,2720.0,1,1,1,3,Lost Customers
C10968,132,1,2592.0,2,1,1,4,At Risk
C04216,400,1,2299.0,1,1,1,3,Lost Customers
C08285,121,1,2295.0,2,1,1,4,At Risk
C16090,160,1,2224.0,2,1,1,4,At Risk
C13602,46,1,2199.5,3,1,1,5,At Risk
C09233,27,2,2178.0,4,1,1,6,At Risk
C15958,45,1,2057.0,3,1,1,5,At Risk
C10433,37,1,2050.0,4,1,1,6,At Risk
C18387,411,1,2000.0,1,1,1,3,Lost Customers
C07565,61,1,1990.0,3,1,1,5,At Risk
C03657,175,1,1938.0,2,1,1,4,At Risk
C06873,288,1,1836.0,1,1,1,3,Lost Customers
C03047,102,1,1800.0,2,1,1,4,At Risk
C00678,29,1,1800.0,4,1,1,6,At Risk
C06913,591,1,1800.0,1,1,1,3,Lost Customers
C03542,67,1,1730.0,3,1,1,5,At Risk
C01701,44,1,1704.0,3,1,1,5,At Risk
C14431,99,1,1650.0,2,1,1,4,At Risk
C12058,103,1,1647.0,2,1,1,4,At Risk
C17010,77,1,1620.0,3,1,1,5,At Risk
C10681,110,1,1575.0,2,1,1,4,At Risk
C15394,134,1,1343.0,2,1,1,4,At Risk
C01845,120,1,1330.0,2,1,1,4,At Risk
C11085,167,1,1316.0,2,1,1,4,At Risk
C13546,228,1,1311.0,1,1,1,3,Lost Customers
C12426,92,1,1256.0,2,1,1,4,At Risk
C11439,493,1,1235.0,1,1,1,3,Lost Customers
C07447,260,1,1216.0,1,1,1,3,Lost Customers
C04926,223,1,1140.0,1,1,1,3,Lost Customers
C17928,633,1,1100.0,1,1,1,3,Lost Customers
C10614,19,1,1089.0,4,1,1,6,At Risk
C00385,46,1,1054.5,3,1,1,5,At Risk
C14473,33,1,1053.0,4,1,1,6,At Risk
C05008,143,1,1040.0,2,1,1,4,At Risk
C01870,152,1,885.0,2,1,1,4,At Risk
C03381,241,1,874.0,1,1,1,3,Lost Customers
C04556,1,1,837.0,5,1,1,7,Potential Customers
C00099,185,1,816.0,1,1,1,3,Lost Customers
C00408,4,1,782.0,5,1,1,7,Potential Customers
C07034,103,1,752.0,2,1,1,4,At Risk
C18563,22,1,738.0,4,1,1,6,At Risk
C07533,273,1,702.0,1,1,1,3,Lost Customers
C15913,104,1,675.0,2,1,1,4,At Risk
C03554,380,1,663.0,1,1,1,3,Lost Customers
C07117,521,1,552.0,1,1,1,3,Lost Customers
C00732,2,1,535.5,5,1,1,7,Potential Customers
C19220,13,1,480.0,5,1,1,7,Potential Customers
C03867,8,1,475.0,5,1,1,7,Potential Customers
C03513,335,1,376.0,1,1,1,3,Lost Customers
C16557,233,1,304.0,1,1,1,3,Lost Customers
C12031,442,1,272.0,1,1,1,3,Lost Customers
C18071,38,1,210.0,4,1,1,6,At Risk
C03537,35,1,150.0,4,1,1,6,At Risk
